reading	word	google_pos	microsoft_pos	atok_pos	origin	source_url	note	added_on
どっとらいぶ	.LIVE	名詞	名詞	名詞	upstream			
しらは	４ra８	人名	人名	人名	upstream			
あでぃあ	Aadya	人名	人名	人名	upstream			
あくてぃべーと	Activ8	人名	人名	人名	upstream			
あいああまれ	AiaAmare	人名	人名	人名	upstream			
あいあ	AiaAmare	人名	人名	人名	upstream			
あまれ	AiaAmare	人名	人名	人名	upstream			
あいらにいおふぃふてぃーん	AiraniIofifteen	人名	人名	人名	upstream			
あいらに	AiraniIofifteen	人名	人名	人名	upstream			
あるばーんのっくす	AlbanKnox	人名	人名	人名	upstream			
あるばーん	AlbanKnox	人名	人名	人名	upstream			
のっくす	AlbanKnox	人名	人名	人名	upstream			
あると	Alt!!	人名	人名	人名	upstream			
ある	ALU	人名	人名	人名	upstream			
あまつか	aMatsuka	人名	人名	人名	upstream			
あみしあみしぇら	AmiciaMichella	人名	人名	人名	upstream			
あみしあ	AmiciaMichella	人名	人名	人名	upstream			
あみやまと	AmiYamato	人名	人名	人名	upstream			
やまと	AmiYamato	人名	人名	人名	upstream			
あみ	AmiYamato	人名	人名	人名	upstream			
あにぷれ	ANIPLEX	名詞	名詞	名詞	upstream			
あのん	ANON	人名	人名	人名	upstream			
あーにゃめるふぃっさ	AnyaMelfissa	人名	人名	人名	upstream			
あーにゃ	AnyaMelfissa	人名	人名	人名	upstream			
あるこ	ARu子	人名	人名	人名	upstream			
あすたーあるかでぃあ	AsterArcadia	人名	人名	人名	upstream			
あすたー	AsterArcadia	人名	人名	人名	upstream			
あばたー２	AVATAR2.0	人名	人名	人名	upstream			
あゆんだりす	AyundaRisu	人名	人名	人名	upstream			
あずき	AZKi	人名	人名	人名	upstream			
あずらせしりあ	AzuraCecillia	人名	人名	人名	upstream			
あずら	AzuraCecillia	人名	人名	人名	upstream			
ゆうじんえー	Aちゃん	人名	人名	人名	upstream			
ばるす	Balus	名詞	名詞	名詞	upstream			
ばんはだ	BanHada	人名	人名	人名	upstream			
ばんちゅう	BANチュウ	人名	人名	人名	upstream			
ぼむさっぷえいむ	BobSappAim	人名	人名	人名	upstream			
えいむ	BobSappAim	人名	人名	人名	upstream			
ぼんにふぃえーるぷらなじゃ	BonnivierPranaja	人名	人名	人名	upstream			
ぼんにふぃえーる	BonnivierPranaja	人名	人名	人名	upstream			
ぼくすばー	BOXBAR	人名	人名	人名	upstream			
せしりあ	Cecilia	人名	人名	人名	upstream			
せしりあいまーぐりーん	CeciliaImmergreen	人名	人名	人名	upstream			
せしりあ	CeciliaImmergreen	人名	人名	人名	upstream			
せれすふぁうな	CeresFauna	人名	人名	人名	upstream			
ふぁうな	CeresFauna	人名	人名	人名	upstream			
ちょい	CHOY	人名	人名	人名	upstream			
くろーどくろーまーく	ClaudeClawmark	人名	人名	人名	upstream			
くろーど	ClaudeClawmark	人名	人名	人名	upstream			
くらすたー	cluster	人名	人名	人名	upstream			
こむどすと	comdost	人名	人名	人名	upstream			
さいばーぶい	CyberV	人名	人名	人名	upstream			
だば	Daba	人名	人名	人名	upstream			
だんてずぴーく	Dante'sPeak	人名	人名	人名	upstream			
だんて	Dante'sPeak	人名	人名	人名	upstream			
DWU	DeepWebUnderground	短縮よみ	短縮よみ	名詞	upstream			
あさせ	DeepWebUnderground	短縮よみ	短縮よみ	名詞	upstream			
どぅ	DeepWebUnderground	短縮よみ	短縮よみ	名詞	upstream			
でれむかど	DeremKado	人名	人名	人名	upstream			
でれむ	DeremKado	人名	人名	人名	upstream			
かど	DeremKado	人名	人名	人名	upstream			
りお	DJRIO	人名	人名	人名	upstream			
しゃーぷねる	DJSHARPNEL	人名	人名	人名	upstream			
どるふぃん	DOLPHIN	人名	人名	人名	upstream			
どっぴおどろっぷさいと	DoppioDropscythe	人名	人名	人名	upstream			
どっぴお	DoppioDropscythe	人名	人名	人名	upstream			
どくたー	Dr.博士	人名	人名	人名	upstream			
はかせ	Dr.博士	人名	人名	人名	upstream			
えりーらぺんどら	EliraPendora	人名	人名	人名	upstream			
えりーら	EliraPendora	人名	人名	人名	upstream			
えりざべすろーずぶらっどふれいむ	ElizabethRoseBloodflame	人名	人名	人名	upstream			
えりざべす	ElizabethRoseBloodflame	人名	人名	人名	upstream			
えみりあな	Emiliana	人名	人名	人名	upstream			
みなみ	EmmaHazyMinami	人名	人名	人名	upstream			
えま	EmmaHazyMinami	人名	人名	人名	upstream			
えな	ENA	人名	人名	人名	upstream			
えなーあーるうぇっと	EnnaAlouette	人名	人名	人名	upstream			
えなー	EnnaAlouette	人名	人名	人名	upstream			
えんたむ	ENTUM	名詞	名詞	名詞	upstream			
えとなくりむそん	EtnaCrimson	人名	人名	人名	upstream			
えとな	EtnaCrimson	人名	人名	人名	upstream			
いぶ	Eve	人名	人名	人名	upstream			
いゔ	Eve	人名	人名	人名	upstream			
てんしりか	天使りか	人名	人名	人名	upstream			
りか	天使りか	人名	人名	人名	upstream			
ふぇありす	fairys	人名	人名	人名	upstream			
ふぃくてぃ	Ficty	人名	人名	人名	upstream			
ふぃなーなりゅうぐう	FinanaRyugu	人名	人名	人名	upstream			
ふぃなーな	FinanaRyugu	人名	人名	人名	upstream			
ふりおどーる	Freodore	人名	人名	人名	upstream			
ふぁるがーおーゔぃど	FulgurOvid	人名	人名	人名	upstream			
ふぁるがー	FulgurOvid	人名	人名	人名	upstream			
ふわわあびすがーど	FuwawaAbyssgard	人名	人名	人名	upstream			
ふわわ	FuwawaAbyssgard	人名	人名	人名	upstream			
がおん	GAON	人名	人名	人名	upstream			
がーでん	Garden	人名	人名	人名	upstream			
がうるぐら	GawrGura	人名	人名	人名	upstream			
ぐら	GawrGura	人名	人名	人名	upstream			
じじむりん	GigiMurin	人名	人名	人名	upstream			
じじ	GigiMurin	人名	人名	人名	upstream			
はち	HACHI	人名	人名	人名	upstream			
はこすべーるず	HakosBaelz	人名	人名	人名	upstream			
べーるず	HakosBaelz	人名	人名	人名	upstream			
はこす	HakosBaelz	人名	人名	人名	upstream			
はく	Haku	人名	人名	人名	upstream			
はなまきあ	HanaMacchia	人名	人名	人名	upstream			
はな	HanaMacchia	人名	人名	人名	upstream			
はゆん	HaYun	人名	人名	人名	upstream			
へっくすへいわいやー	HexHaywire	人名	人名	人名	upstream			
へっくす	HexHaywire	人名	人名	人名	upstream			
ひびきばいそん	HibikiBison	人名	人名	人名	upstream			
ひかり	Hikari	人名	人名	人名	upstream			
びりあーも	HNビリアーモ	人名	人名	人名	upstream			
はにーすとらっぷ	Honeystrap	名詞	名詞	名詞	upstream			
はにすと	Honeystrap	名詞	名詞	名詞	upstream			
ひょなえらてぃおら	HyonaElatiora	人名	人名	人名	upstream			
ひょな	HyonaElatiora	人名	人名	人名	upstream			
いぶき	Ibuki	人名	人名	人名	upstream			
いこつ	Icotsu	人名	人名	人名	upstream			
あいくいーゔらんど	IkeEveland	人名	人名	人名	upstream			
あいく	IkeEveland	人名	人名	人名	upstream			
いりあむ	IRIAM	人名	人名	人名	upstream			
あいりす	IRyS	人名	人名	人名	upstream			
じゃっく	JACK	人名	人名	人名	upstream			
かえらこゔぁるすきあ	KaelaKovalskia	人名	人名	人名	upstream			
かえら	KaelaKovalskia	人名	人名	人名	upstream			
かえりくすでぼにあ	KaelixDebonair	人名	人名	人名	upstream			
けいりくすでぼねあ	KaelixDebonair	人名	人名	人名	upstream			
かえりくす	KaelixDebonair	人名	人名	人名	upstream			
けいりくす	KaelixDebonair	人名	人名	人名	upstream			
かへる	Kaheru	人名	人名	人名	upstream			
かりん	karin	人名	人名	人名	upstream			
かーみらぶらいあー	KarMiLaBlier	人名	人名	人名	upstream			
かろな	karona	人名	人名	人名	upstream			
かわいいくらぶ	KAWAIICLUB	人名	人名	人名	upstream			
かわくら	KAWAIICLUB	人名	人名	人名	upstream			
きあら	KiARA	人名	人名	人名	upstream			
きりん	Kilin	人名	人名	人名	upstream			
きらん	Kiran	人名	人名	人名	upstream			
きつねかつ	kitsunekatsu	人名	人名	人名	upstream			
きつねこん	KITSUNEKON	人名	人名	人名	upstream			
きずなあい	KizunaAI	人名	人名	人名	upstream			
あい	KizunaAI	人名	人名	人名	upstream			
くららちゃーむうっど	KlaraCharmwood	人名	人名	人名	upstream			
くらら	KlaraCharmwood	人名	人名	人名	upstream			
けものず	KMNZ	名詞	名詞	名詞	upstream			
こぼかなえる	KoboKanaeru	人名	人名	人名	upstream			
こぼ	KoboKanaeru	人名	人名	人名	upstream			
こうせきびじゅー	KosekiBijou	人名	人名	人名	upstream			
こせきびじゅー	KosekiBijou	人名	人名	人名	upstream			
びじゅー	KosekiBijou	人名	人名	人名	upstream			
ことかとらひめ	KotokaTorahime	人名	人名	人名	upstream			
ことか	KotokaTorahime	人名	人名	人名	upstream			
こととい	kototo!	人名	人名	人名	upstream			
こやみ	KoYami	人名	人名	人名	upstream			
けいそん	kson	人名	人名	人名	upstream			
けーそん	kson	人名	人名	人名	upstream			
くないなかさと	KunaiNakasato	人名	人名	人名	upstream			
くない	KunaiNakasato	人名	人名	人名	upstream			
くれいじーおりー	KureijiOllie	人名	人名	人名	upstream			
おりー	KureijiOllie	人名	人名	人名	upstream			
きょうかねこ	KyoKaneko	人名	人名	人名	upstream			
きょう	KyoKaneko	人名	人名	人名	upstream			
らっど	LAD-373	人名	人名	人名	upstream			
らいらあるすとろえめりあ	LaylaAlstroemeria	人名	人名	人名	upstream			
らいら	LaylaAlstroemeria	人名	人名	人名	upstream			
らず	Laz	人名	人名	人名	upstream			
いおん	LeeOn	人名	人名	人名	upstream			
れいな	Leina	人名	人名	人名	upstream			
らいむ	Lime	人名	人名	人名	upstream			
りめ	Lime	人名	人名	人名	upstream			
りた	LITA	人名	人名	人名	upstream			
りず	LIZ	人名	人名	人名	upstream			
るかかねしろ	LucaKaneshiro	人名	人名	人名	upstream			
るか	LucaKaneshiro	人名	人名	人名	upstream			
るーくあへっど	LukeAHEAD	人名	人名	人名	upstream			
るきあ	LuKia	人名	人名	人名	upstream			
まひる	MahiLu	人名	人名	人名	upstream			
まきな	makina	人名	人名	人名	upstream			
まりあまりおねっと	MariaMarionette	人名	人名	人名	upstream			
まりあ	MariaMarionette	人名	人名	人名	upstream			
まーぷる	Marple	人名	人名	人名	upstream			
まる	MaRu	人名	人名	人名	upstream			
まてりある	MateReal	人名	人名	人名	upstream			
めだ	MEDA	人名	人名	人名	upstream			
めろこきょうらん	MelocoKyoran	人名	人名	人名	upstream			
めろこ	MelocoKyoran	人名	人名	人名	upstream			
めめっくす	memex	人名	人名	人名	upstream			
みあ	Mia	人名	人名	人名	upstream			
みある	MIAL	人名	人名	人名	upstream			
みかめらてぃか	MikaMelatika	人名	人名	人名	upstream			
みか	MikaMelatika	人名	人名	人名	upstream			
みりーぱふぇ	MillieParfait	人名	人名	人名	upstream			
みりー	MillieParfait	人名	人名	人名	upstream			
みなみ	Minami	人名	人名	人名	upstream			
みゆおったふぃあ	MiyuOttavia	人名	人名	人名	upstream			
みゆおったゔぃあ	MiyuOttavia	人名	人名	人名	upstream			
みゆ	MiyuOttavia	人名	人名	人名	upstream			
もここあびすがーど	MococoAbyssgard	人名	人名	人名	upstream			
もここ	MococoAbyssgard	人名	人名	人名	upstream			
もぐらいぶ	MoguLive	人名	人名	人名	upstream			
もぐら	Mogura	人名	人名	人名	upstream			
もくろく	MOKUROKU	人名	人名	人名	upstream			
もんすたーずめいと	MonsterZMATE	人名	人名	人名	upstream			
ｍｚｍ	MonsterZMATE	人名	人名	人名	upstream			
むーなほしのゔぁ	MoonaHoshinova	人名	人名	人名	upstream			
むーな	MoonaHoshinova	人名	人名	人名	upstream			
もりかりおぺ	MoriCalliope	人名	人名	人名	upstream			
かりおぺ	MoriCalliope	人名	人名	人名	upstream			
もり	MoriCalliope	人名	人名	人名	upstream			
みすたりあす	MystaRias	人名	人名	人名	upstream			
みすた	MystaRias	人名	人名	人名	upstream			
なぎさあるしにあ	NagisaArcinia	人名	人名	人名	upstream			
なぎさ	NagisaArcinia	人名	人名	人名	upstream			
なみみ	NaMiMi	人名	人名	人名	upstream			
ななしむめい	NanashiMumei	人名	人名	人名	upstream			
むめい	NanashiMumei	人名	人名	人名	upstream			
ならはらまうん	NaraHaramaung	人名	人名	人名	upstream			
なら	NaraHaramaung	人名	人名	人名	upstream			
なせら	NaSera	人名	人名	人名	upstream			
えぬびー	NBちゃん	人名	人名	人名	upstream			
ねらる	neral	人名	人名	人名	upstream			
ねりっされいゔんくろふと	NerissaRavencroft	人名	人名	人名	upstream			
ねりっさ	NerissaRavencroft	人名	人名	人名	upstream			
ねうろさま	Neuro-sama	人名	人名	人名	upstream			
にな	Ni-na	人名	人名	人名	upstream			
になこうさか	NinaKosaka	人名	人名	人名	upstream			
にな	NinaKosaka	人名	人名	人名	upstream			
にのまえいなにす	NinomaeIna'nis	人名	人名	人名	upstream			
いなにす	NinomaeIna'nis	人名	人名	人名	upstream			
のえる	Noelle	人名	人名	人名	upstream			
ぬーる	Noor	人名	人名	人名	upstream			
のーと	Note:	人名	人名	人名	upstream			
のて	Note:	人名	人名	人名	upstream			
のーうぇあー	Nowhere	人名	人名	人名	upstream			
んと	N-TO	人名	人名	人名	upstream			
にゃたーしゃにゃんなーず	NyatashaNyanners	人名	人名	人名	upstream			
にゃんなーず	NyatashaNyanners	人名	人名	人名	upstream			
おーろくろにー	OuroKronii	人名	人名	人名	upstream			
くろにー	OuroKronii	人名	人名	人名	upstream			
ぱゔぉりあれいね	PavoliaReine	人名	人名	人名	upstream			
れいね	PavoliaReine	人名	人名	人名	upstream			
ぺろ	PERO	人名	人名	人名	upstream			
ぺとらぐりん	PetraGurin	人名	人名	人名	upstream			
ぺとら	PetraGurin	人名	人名	人名	upstream			
ぴくしぶ	pixiv	名詞	名詞	名詞	upstream			
ぽむれいんぱふ	PomuRainpuff	人名	人名	人名	upstream			
ぽむ	PomuRainpuff	人名	人名	人名	upstream			
ぴーまるさま	P丸様。	人名	人名	人名	upstream			
らいがりれい	RaiGalilei	人名	人名	人名	upstream			
らい	RaiGalilei	人名	人名	人名	upstream			
らおーらぱんてーら	RaoraPanthera	人名	人名	人名	upstream			
らおーら	RaoraPanthera	人名	人名	人名	upstream			
りあくと	Re:AcT	人名	人名	人名	upstream			
りありてぃ	REALITY	名詞	名詞	名詞	upstream			
れありてぃ	REALITY	名詞	名詞	名詞	upstream			
れいむえんどう	ReimuEndou	人名	人名	人名	upstream			
れいむ	ReimuEndou	人名	人名	人名	upstream			
はーどごあれいな	ReinaHardgore	人名	人名	人名	upstream			
れいな	ReinaHardgore	人名	人名	人名	upstream			
れんぞっと	RenZotto	人名	人名	人名	upstream			
れん	RenZotto	人名	人名	人名	upstream			
れざあふぁんるな	RezaAvanluna	人名	人名	人名	upstream			
れざ	RezaAvanluna	人名	人名	人名	upstream			
りくさでぃらんどら	RiksaDhirendra	人名	人名	人名	upstream			
りくさ	RiksaDhirendra	人名	人名	人名	upstream			
ろぜみらぶろっく	RosemiLovelock	人名	人名	人名	upstream			
ろぜみ	RosemiLovelock	人名	人名	人名	upstream			
すずきまさるこ	Ruco	人名	人名	人名	upstream			
まさる	Ruco	人名	人名	人名	upstream			
りょうまばれんうぉーと	RyomaBarrenwort	人名	人名	人名	upstream			
りょうま	RyomaBarrenwort	人名	人名	人名	upstream			
あーるおじいちゃん	Rおじいちゃん	人名	人名	人名	upstream			
あーる	Rおじいちゃん	人名	人名	人名	upstream			
さくらめい	SakuraMay	人名	人名	人名	upstream			
さっぴーすたー	SapphyStars	人名	人名	人名	upstream			
すかーれよなぐに	ScarleYonaguni	人名	人名	人名	upstream			
すかーれ	ScarleYonaguni	人名	人名	人名	upstream			
せふぃな	Seffyna	人名	人名	人名	upstream			
せいぶる	Seible	人名	人名	人名	upstream			
せれんたつき	SelenTatsuki	人名	人名	人名	upstream			
せれん	SelenTatsuki	人名	人名	人名	upstream			
たつき	SelenTatsuki	人名	人名	人名	upstream			
しおりのゔぇら	ShioriNovella	人名	人名	人名	upstream			
のゔぇら	ShioriNovella	人名	人名	人名	upstream			
しゅうやみの	ShuYamino	人名	人名	人名	upstream			
しゅう	ShuYamino	人名	人名	人名	upstream			
やみの	ShuYamino	人名	人名	人名	upstream			
しゃいりりー	Shylily	人名	人名	人名	upstream			
りりー	Shylily	人名	人名	人名	upstream			
しすかれおんたいん	SiskaLeontyne	人名	人名	人名	upstream			
しすか	SiskaLeontyne	人名	人名	人名	upstream			
すなっふぃー	Snuffy	人名	人名	人名	upstream			
そらりすかるねゔぁーれ	Solariscarnevale	人名	人名	人名	upstream			
そらりす	Solariscarnevale	人名	人名	人名	upstream			
そむにあ	somunia	人名	人名	人名	upstream			
そんみあ	SongMia	人名	人名	人名	upstream			
さにーぶりすこ	SonnyBrisko	人名	人名	人名	upstream			
さにー	SonnyBrisko	人名	人名	人名	upstream			
たかなしきあら	TakanashiKiara	人名	人名	人名	upstream			
きあら	TakanashiKiara	人名	人名	人名	upstream			
たからでぃまん	TakaRadjiman	人名	人名	人名	upstream			
たか	TakaRadjiman	人名	人名	人名	upstream			
といろ	toiro	人名	人名	人名	upstream			
つくもさな	TsukumoSana	人名	人名	人名	upstream			
さな	TsukumoSana	人名	人名	人名	upstream			
とぅいすてぃーあまのざこ	TwistyAmanozako	人名	人名	人名	upstream			
とぅいすてぃあまのざこ	TwistyAmanozako	人名	人名	人名	upstream			
とぅいすてぃ	TwistyAmanozako	人名	人名	人名	upstream			
あまのざこ	TwistyAmanozako	人名	人名	人名	upstream			
うきゔぃおれた	UkiVioleta	人名	人名	人名	upstream			
うき	UkiVioleta	人名	人名	人名	upstream			
うま	uma	人名	人名	人名	upstream			
あんりみ	Unlimited	名詞	名詞	名詞	upstream			
あっぷでーと	upd8	名詞	名詞	名詞	upstream			
ゔぇんたくろーぶりんがー	VantacrowBringer	人名	人名	人名	upstream			
ゔぇんたくろー	VantacrowBringer	人名	人名	人名	upstream			
ゔぃーみゅーじっく	VEEMusic	名詞	名詞	名詞	upstream			
ゔぇえみゅーじっく	VEEMusic	名詞	名詞	名詞	upstream			
ゔぇーみゅーじっく	VEEMusic	名詞	名詞	名詞	upstream			
ゔぃーなすあんじぇりっく	VenusAngelic	人名	人名	人名	upstream			
ゔぇーるゔぁーみりおん	VerVermillion	人名	人名	人名	upstream			
ゔぇーる	VerVermillion	人名	人名	人名	upstream			
ゔぇすぱーべる	VESPERBELL	人名	人名	人名	upstream			
ゔぇすてぃあぜーた	VestiaZeta	人名	人名	人名	upstream			
ぜーた	VestiaZeta	人名	人名	人名	upstream			
ゔぇざりうすばんてーじ	VezaliusBandage	人名	人名	人名	upstream			
ゔぇざりうすばんでーじ	VezaliusBandage	人名	人名	人名	upstream			
ゔぇざりうす	VezaliusBandage	人名	人名	人名	upstream			
ゔぃくとりあぶらいとしーるど	VictoriaBrightshield	人名	人名	人名	upstream			
ゔぃくとりあ	VictoriaBrightshield	人名	人名	人名	upstream			
びはん	Vihaan	人名	人名	人名	upstream			
ばーちゃるきゃすと	VirtualCast	人名	人名	人名	upstream			
ゔぉっくすあくま	VoxAkuma	人名	人名	人名	upstream			
ゔぉっくす	VoxAkuma	人名	人名	人名	upstream			
にーつ	VT-212	人名	人名	人名	upstream			
にいみ	VT-213	人名	人名	人名	upstream			
にーみ	VT-213	人名	人名	人名	upstream			
にいし	VT-214	人名	人名	人名	upstream			
にーし	VT-214	人名	人名	人名	upstream			
かれん	vtuber可憐	人名	人名	人名	upstream			
わとそんあめりあ	WatsonAmelia	人名	人名	人名	upstream			
あめりあ	WatsonAmelia	人名	人名	人名	upstream			
わとそん	WatsonAmelia	人名	人名	人名	upstream			
うぃーく	we◡ek	人名	人名	人名	upstream			
あいり	WEATHEROIDTypeAAiri	人名	人名	人名	upstream			
ぽんこ	WEATHEROIDTypeAAiri	人名	人名	人名	upstream			
ほわいとほーる	WHITEHOLE	人名	人名	人名	upstream			
くろすふれあ	X'Flare	人名	人名	人名	upstream			
ふれあ	X'Flare	人名	人名	人名	upstream			
しあえかふぃら	XiaEkavira	人名	人名	人名	upstream			
しあ	XiaEkavira	人名	人名	人名	upstream			
あべ	YoidoreAbe	人名	人名	人名	upstream			
ゆあ	YUA	人名	人名	人名	upstream			
ゆうごあすま	YugoAsuma	人名	人名	人名	upstream			
ゆうご	YugoAsuma	人名	人名	人名	upstream			
ゆいかい	Yuikai	人名	人名	人名	upstream			
ゆに	YuNi	人名	人名	人名	upstream			
ゆうきゅううぃるそん	YuQ.Wilson	人名	人名	人名	upstream			
ゆうくぃるそん	YuQ.Wilson	人名	人名	人名	upstream			
ゆう	YuQ.Wilson	人名	人名	人名	upstream			
ざいおんらんざー	ZaionLanZa	人名	人名	人名	upstream			
ざいおんらんざ	ZaionLanZa	人名	人名	人名	upstream			
ざいおん	ZaionLanZa	人名	人名	人名	upstream			
ぜあこるねりあ	ZEACornelia	人名	人名	人名	upstream			
ぜあ	ZEACornelia	人名	人名	人名	upstream			
じーるぎんじょうか	ZealGinjoka	人名	人名	人名	upstream			
じーる	ZealGinjoka	人名	人名	人名	upstream			
じざい	ZIZAI	名詞	名詞	名詞	upstream			
ちきゅうちゃん	ЗемляЧан（地球ちゃん）	人名	人名	人名	upstream			
ちきゅう	ЗемляЧан（地球ちゃん）	人名	人名	人名	upstream			
おゔしゃんか	ОвсянкаAI	人名	人名	人名	upstream			
あぷち	ア・プチ	人名	人名	人名	upstream			
あーにゃめるふぃっさ	アーニャ・メルフィッサ	人名	人名	人名	upstream			
あーにゃ	アーニャ・メルフィッサ	人名	人名	人名	upstream			
あいぜるねゆんぐふうら	アイゼルネ・ユングフウラ	人名	人名	人名	upstream			
ゆんぐふうら	アイゼルネ・ユングフウラ	人名	人名	人名	upstream			
あいであふぁくとりー	アイディアファクトリー	人名	人名	人名	upstream			
あいらこーるまん	アイラ・コールマン	人名	人名	人名	upstream			
こーるまん	アイラ・コールマン	人名	人名	人名	upstream			
あいら	アイラ・コールマン	人名	人名	人名	upstream			
あいらにいおふぃふてぃーん	アイラニ・イオフィフティーン	人名	人名	人名	upstream			
あいらに	アイラニ・イオフィフティーン	人名	人名	人名	upstream			
あいりするせん	アイリス・ルセン	人名	人名	人名	upstream			
あいりす	アイリス・ルセン	人名	人名	人名	upstream			
うろこ	あおいうろこ	人名	人名	人名	upstream			
あおいゆうや	ぁぉぃゅぅゃ	人名	人名	人名	upstream			
ゆうや	ぁぉぃゅぅゃ	人名	人名	人名	upstream			
あおはるとなり	アオハルトナリ	人名	人名	人名	upstream			
となり	アオハルトナリ	人名	人名	人名	upstream			
あかつきかなめ	アカツキカナメ	人名	人名	人名	upstream			
かなめ	アカツキカナメ	人名	人名	人名	upstream			
あきろーぜんたーる	アキ・ローゼンタール	人名	人名	人名	upstream			
あきろぜ	アキ・ローゼンタール	人名	人名	人名	upstream			
あき	アキ・ローゼンタール	人名	人名	人名	upstream			
あきうはな	あきうはな	人名	人名	人名	upstream			
はな	あきうはな	人名	人名	人名	upstream			
あきたこまち	アキタコマチ	人名	人名	人名	upstream			
こまち	アキタコマチ	人名	人名	人名	upstream			
あくしあくろーね	アクシア・クローネ	人名	人名	人名	upstream			
あくしあ	アクシア・クローネ	人名	人名	人名	upstream			
あくせるしりおす	アクセル・シリオス	人名	人名	人名	upstream			
あくせる	アクセル・シリオス	人名	人名	人名	upstream			
あくまのごーと	あくまのゴート	人名	人名	人名	upstream			
ごーと	あくまのゴート	人名	人名	人名	upstream			
あざいるぅか	あざいるぅか	人名	人名	人名	upstream			
あざいるうか	あざいるぅか	人名	人名	人名	upstream			
るぅか	あざいるぅか	人名	人名	人名	upstream			
るうか	あざいるぅか	人名	人名	人名	upstream			
あしがくさい	アシガ・クサイ	人名	人名	人名	upstream			
くさい	アシガ・クサイ	人名	人名	人名	upstream			
あすてるれだ	アステル・レダ	人名	人名	人名	upstream			
れだ	アステル・レダ	人名	人名	人名	upstream			
あずまりむ	アズマリム	人名	人名	人名	upstream			
あずりむ	アズマリム	人名	人名	人名	upstream			
あすみゃー	あすみゃ～	人名	人名	人名	upstream			
あずらせしりあ	アズラ・セシリア	人名	人名	人名	upstream			
あずら	アズラ・セシリア	人名	人名	人名	upstream			
あだむ	あだむ教授	人名	人名	人名	upstream			
あっくんだいまおう	あっくん大魔王	人名	人名	人名	upstream			
あっくん	あっくん大魔王	人名	人名	人名	upstream			
あっけらかん	アッケラ缶	人名	人名	人名	upstream			
あでぃあ	アディア	人名	人名	人名	upstream			
あにゔぇるさーりお	アニヴェル・サーリオ	人名	人名	人名	upstream			
さーりお	アニヴェル・サーリオ	人名	人名	人名	upstream			
あにめむすめえいれーん	アニメ娘エイレーン	人名	人名	人名	upstream			
えいれーん	アニメ娘エイレーン	人名	人名	人名	upstream			
じょんこ	あまちじょんこ	人名	人名	人名	upstream			
あまつぎつね	アマツギツネ	人名	人名	人名	upstream			
そよぎ	あまねそよぎ	人名	人名	人名	upstream			
あまみりりあ	アマミリリア	人名	人名	人名	upstream			
りりあ	アマミリリア	人名	人名	人名	upstream			
あみしあみしぇら	アミシア・ミシェラ	人名	人名	人名	upstream			
あみしあ	アミシア・ミシェラ	人名	人名	人名	upstream			
くんちゃん	アメノセイ	人名	人名	人名	upstream			
せい	アメノセイ	人名	人名	人名	upstream			
あめひとつ	アメひとつ	人名	人名	人名	upstream			
あめざり	アメリカザリガニ	人名	人名	人名	upstream			
あもすこーうぇん	アモス・コーウェン	人名	人名	人名	upstream			
あもんふろっくはーと	アモン・フロックハート	人名	人名	人名	upstream			
あもん	アモン・フロックハート	人名	人名	人名	upstream			
あやつじ	あやつじ	人名	人名	人名	upstream			
あゆんだりす	アユンダ・リス	人名	人名	人名	upstream			
りす	アユンダ・リス	人名	人名	人名	upstream			
あらいみくま	アライ・ミクマ	人名	人名	人名	upstream			
あらいこ	アライ子	人名	人名	人名	upstream			
あらざめ	アラザメちゃん	人名	人名	人名	upstream			
ありあーて	アリアーテ学園	人名	人名	人名	upstream			
ありえすえす	アリエス・S	人名	人名	人名	upstream			
ありえす	アリエス・S	人名	人名	人名	upstream			
ありしあろーれらい	アリシア・ローレライ	人名	人名	人名	upstream			
ありしあ	アリシア・ローレライ	人名	人名	人名	upstream			
ありすくりゅーむ	アリスクリューム	人名	人名	人名	upstream			
ありす	アリスクリューム	人名	人名	人名	upstream			
あいすくりゅーむばにらあいこ	アリスクリュームバニラ・アイコ	人名	人名	人名	upstream			
あいこ	アリスクリュームバニラ・アイコ	人名	人名	人名	upstream			
あるかとーにっつ	アルカ・トーニッツ	人名	人名	人名	upstream			
あるか	アルカ・トーニッツ	人名	人名	人名	upstream			
あるすあるまる	アルス・アルマル	人名	人名	人名	upstream			
あるまる	アルス・アルマル	人名	人名	人名	upstream			
あるばせら	アルバ・セラ	人名	人名	人名	upstream			
せら	アルバ・セラ	人名	人名	人名	upstream			
あるふぁぶらざーず	あるふぁブラザーズ	人名	人名	人名	upstream			
あるぶら	あるふぁブラザーズ	人名	人名	人名	upstream			
あるむふぇるらーべん	アルム・フェルラーベン	人名	人名	人名	upstream			
あるむ	アルム・フェルラーベン	人名	人名	人名	upstream			
あるれいやるふぉん	アルレイヤ・ルフォン	人名	人名	人名	upstream			
るふぉん	アルレイヤ・ルフォン	人名	人名	人名	upstream			
あんぎらあい	アンギラ・アイ	人名	人名	人名	upstream			
あいり	アンギラ・アイ	人名	人名	人名	upstream			
あんくらららら	アンクララ・ララ	人名	人名	人名	upstream			
らら	アンクララ・ララ	人名	人名	人名	upstream			
あんじぇらふれい	アンジェラ・フレイ	人名	人名	人名	upstream			
ふれい	アンジェラ・フレイ	人名	人名	人名	upstream			
あんじゅかとりーな	アンジュ・カトリーナ	人名	人名	人名	upstream			
あんじゅ	アンジュ・カトリーナ	人名	人名	人名	upstream			
あんじゅ	アンジュお姉さん	人名	人名	人名	upstream			
いおん	イ・オン	人名	人名	人名	upstream			
いしう	イ・シウ	人名	人名	人名	upstream			
いろは	イ・ロハ	人名	人名	人名	upstream			
ろは	イ・ロハ	人名	人名	人名	upstream			
いーさんりー	イーサン・リー	人名	人名	人名	upstream			
いーたん	イーたん	人名	人名	人名	upstream			
いゔゔぁるれーぬ	イヴ・ヴァルレーヌ	人名	人名	人名	upstream			
ゔぁるれーぬ	イヴ・ヴァルレーヌ	人名	人名	人名	upstream			
いおにーな	イオ・ニーナ	人名	人名	人名	upstream			
にーな	イオ・ニーナ	人名	人名	人名	upstream			
いきあたりばたりこ	いきあたりばたり子	人名	人名	人名	upstream			
ばたりこ	いきあたりばたり子	人名	人名	人名	upstream			
いざべらほりー	イザベラ・ホリー	人名	人名	人名	upstream			
いざべら	イザベラ・ホリー	人名	人名	人名	upstream			
いしのまき	イシノマキ	人名	人名	人名	upstream			
まき	イシノマキ	人名	人名	人名	upstream			
いそらまなみ	いそら真実	人名	人名	人名	upstream			
いそまな	いそら真実	人名	人名	人名	upstream			
いぬまきひまり	イヌマキヒマリ	人名	人名	人名	upstream			
いらるーじゅみらびっち	イラルージュ・ミラビッチ	人名	人名	人名	upstream			
みらびっち	イラルージュ・ミラビッチ	人名	人名	人名	upstream			
いわなが	いわながちゃん	人名	人名	人名	upstream			
いんさいどちゃん	インサイドちゃん	人名	人名	人名	upstream			
いんさいどちゃん	インサイドちゃんMarkⅠ	人名	人名	人名	upstream			
おねちゃん	インサイドちゃんMarkⅠ	人名	人名	人名	upstream			
いんさいどちゃん	インサイドちゃんMarkⅡ	人名	人名	人名	upstream			
つーちゃん	インサイドちゃんMarkⅡ	人名	人名	人名	upstream			
いんさいどちゃん	インサイドちゃんMarkⅢ	人名	人名	人名	upstream			
しーちゃん	インサイドちゃんMarkⅢ	人名	人名	人名	upstream			
てぇえ	インサイドちゃんMarkⅢ	人名	人名	人名	upstream			
いうらとい	イ卜トイ	人名	人名	人名	upstream			
とい	イ卜トイ	人名	人名	人名	upstream			
ゔぁにらふぉれのわーる	ヴァニラ・フォレ・ノワール	人名	人名	人名	upstream			
のわーる	ヴァニラ・フォレ・ノワール	人名	人名	人名	upstream			
ゔぁるちゃが	ヴァルチャガ	人名	人名	人名	upstream			
ゔぃーなすあんじぇりっく	ヴィーナス・アンジェリック	人名	人名	人名	upstream			
あんじぇりっく	ヴィーナス・アンジェリック	人名	人名	人名	upstream			
ゔぃゔぃあんけんじんとん	ヴィヴィアン・ケンジントン	人名	人名	人名	upstream			
うぃっちだりすいーと	ウィッチ・ダリ・スイート	人名	人名	人名	upstream			
だり	ウィッチ・ダリ・スイート	人名	人名	人名	upstream			
うぃるうぃすたりあ	ウィル・ウィスタリア	人名	人名	人名	upstream			
うぃすたりあ	ウィル・ウィスタリア	人名	人名	人名	upstream			
ゔぃるぬーゔちえり	ヴィルヌーヴ千愛梨	人名	人名	人名	upstream			
ちえり	ヴィルヌーヴ千愛梨	人名	人名	人名	upstream			
うぇざーろいどあいり	ウェザーロイドAiri	人名	人名	人名	upstream			
あいり	ウェザーロイドAiri	人名	人名	人名	upstream			
うさみみののあ	うさみみのノア	人名	人名	人名	upstream			
のあ	うさみみのノア	人名	人名	人名	upstream			
うさのうさこ	うさ野うさ子	人名	人名	人名	upstream			
うさこ	うさ野うさ子	人名	人名	人名	upstream			
うゆ	うゆ	人名	人名	人名	upstream			
かぷちーの	うゆと夜空	人名	人名	人名	upstream			
うらぬす	ウラヌす	人名	人名	人名	upstream			
うるけんのーす	ウル=ケン・ノース	人名	人名	人名	upstream			
けん	ウル=ケン・ノース	人名	人名	人名	upstream			
うるしゃるふーる	ウル・シャルフール	人名	人名	人名	upstream			
うる	ウル・シャルフール	人名	人名	人名	upstream			
ぶるまちゃん	う゛るまちゃん	人名	人名	人名	upstream			
ゔるまちゃん	う゛るまちゃん	人名	人名	人名	upstream			
ぶるま	う゛るまちゃん	人名	人名	人名	upstream			
ゔるま	う゛るまちゃん	人名	人名	人名	upstream			
えゔぉるといんふぃにてぃ	エヴォルト・インフィニティ	人名	人名	人名	upstream			
いんふぃにてぃ	エヴォルト・インフィニティ	人名	人名	人名	upstream			
えーじぇんとささき	エージェント佐々木	人名	人名	人名	upstream			
ささき	エージェント佐々木	人名	人名	人名	upstream			
ぐりこ	えがきぐりこ	人名	人名	人名	upstream			
えくすあるびお	エクス・アルビオ	人名	人名	人名	upstream			
えくす	エクス・アルビオ	人名	人名	人名	upstream			
えびお	エクス・アルビオ	人名	人名	人名	upstream			
えすぷれっそまきあーと	エスプレッソ・マキアート	人名	人名	人名	upstream			
まきあーと	エスプレッソ・マキアート	人名	人名	人名	upstream			
えっじろーどでぃーと	エッジロード・ディート	人名	人名	人名	upstream			
でぃーと	エッジロード・ディート	人名	人名	人名	upstream			
えとなくりむそん	エトナクリムソン	人名	人名	人名	upstream			
えとな	エトナクリムソン	人名	人名	人名	upstream			
えなーあーるうぇっと	エナー・アールウェット	人名	人名	人名	upstream			
えなー	エナー・アールウェット	人名	人名	人名	upstream			
えぴたまご	えぴたまご	人名	人名	人名	upstream			
えぴとはちぴ	エピトハチピ	人名	人名	人名	upstream			
はぴばと	エピトハチピ	人名	人名	人名	upstream			
えましゅえっと	エマ・シュエット	人名	人名	人名	upstream			
えま	エマ・シュエット	人名	人名	人名	upstream			
えまみなみ	エマ・ミナミ	人名	人名	人名	upstream			
みなみ	エマ・ミナミ	人名	人名	人名	upstream			
えまおうがすと	えま★おうがすと	人名	人名	人名	upstream			
えま	えま★おうがすと	人名	人名	人名	upstream			
えりーこにふぁー	エリー・コニファー	人名	人名	人名	upstream			
えりこに	エリー・コニファー	人名	人名	人名	upstream			
えりー	エリー・コニファー	人名	人名	人名	upstream			
ゆりの	エリートトレーナーゆりの	人名	人名	人名	upstream			
えりーならふぃーる	エリーナ・ラフィール	人名	人名	人名	upstream			
らふぃーる	エリーナ・ラフィール	人名	人名	人名	upstream			
えりかしゃのわーるあるせーぬくれまふぃおーれ	エリカシャノワールアルセーヌクレマフィオーレ	人名	人名	人名	upstream			
えりかしゃのわーる	エリカシャノワールアルセーヌクレマフィオーレ	人名	人名	人名	upstream			
えりか	エリカシャノワールアルセーヌクレマフィオーレ	人名	人名	人名	upstream			
えりざべすろーずぶらっどふれいむ	エリザベス・ローズ・ブラッドフレイム	人名	人名	人名	upstream			
えりざべす	エリザベス・ローズ・ブラッドフレイム	人名	人名	人名	upstream			
えるぽき	エルセとさめのぽき	人名	人名	人名	upstream			
えるせ	エルセとさめのぽき	人名	人名	人名	upstream			
えるふのえる	エルフのえる	人名	人名	人名	upstream			
える	エルフのえる	人名	人名	人名	upstream			
えんじんかずみ	エンジンかずみ	人名	人名	人名	upstream			
かずみ	エンジンかずみ	人名	人名	人名	upstream			
おじゆ	オ・ジユ	人名	人名	人名	upstream			
じゆ	オ・ジユ	人名	人名	人名	upstream			
おーろくろにー	オーロ・クロニー	人名	人名	人名	upstream			
くろにー	オーロ・クロニー	人名	人名	人名	upstream			
おきゅたん	おきゅたんbot	人名	人名	人名	upstream			
おぐりめる	オグリメル	人名	人名	人名	upstream			
おさなずな	おさナズナ	人名	人名	人名	upstream			
ぴーなっつくん	オシャレになりたい!ピーナッツくん	人名	人名	人名	upstream			
おとさわあい	おとさわ愛	人名	人名	人名	upstream			
あい	おとさわ愛	人名	人名	人名	upstream			
おのるみ	オノルミ	人名	人名	人名	upstream			
るみ	オノルミ	人名	人名	人名	upstream			
おぼろりゅう	オボロリュウ	人名	人名	人名	upstream			
りゅう	オボロリュウ	人名	人名	人名	upstream			
おめがしすたーず	おめがシスターズ	人名	人名	人名	upstream			
おめしす	おめがシスターズ	人名	人名	人名	upstream			
おめがりお	おめがリオ	人名	人名	人名	upstream			
りお	おめがリオ	人名	人名	人名	upstream			
おめがれい	おめがレイ	人名	人名	人名	upstream			
れい	おめがレイ	人名	人名	人名	upstream			
おめがれお	おめがレオ	人名	人名	人名	upstream			
れお	おめがレオ	人名	人名	人名	upstream			
おりばーえばんす	オリバー・エバンス	人名	人名	人名	upstream			
おりばー	オリバー・エバンス	人名	人名	人名	upstream			
しぶやおわり	渋谷オワリ	人名	人名	人名	upstream			
おわり	渋谷オワリ	人名	人名	人名	upstream			
おちゃのはふわり	お茶の葉ふわり	人名	人名	人名	upstream			
ふわり	お茶の葉ふわり	人名	人名	人名	upstream			
んぬぐむ	ォ逅	人名	人名	人名	upstream			
しゅごってんしぱてぴゅあ	守護っ天使パテピュア	人名	人名	人名	upstream			
ぱてぴゅあ	守護っ天使パテピュア	人名	人名	人名	upstream			
がーべるふぉん	ガーベルフォン	人名	人名	人名	upstream			
るる	ガーベルフォン	人名	人名	人名	upstream			
がうるぐら	がうる・ぐら	人名	人名	人名	upstream			
ぐら	がうる・ぐら	人名	人名	人名	upstream			
かえらこゔぁるすきあ	カエラ・コヴァルスキア	人名	人名	人名	upstream			
かえら	カエラ・コヴァルスキア	人名	人名	人名	upstream			
かおすろき	カオスロキ	人名	人名	人名	upstream			
ろき	カオスロキ	人名	人名	人名	upstream			
かがせうの	カガセ・ウノ	人名	人名	人名	upstream			
うの	カガセ・ウノ	人名	人名	人名	upstream			
かぐらなな	カグラナナ	人名	人名	人名	upstream			
なな	カグラナナ	人名	人名	人名	upstream			
かぐらなな	かぐらなな	人名	人名	人名	upstream			
なな	かぐらなな	人名	人名	人名	upstream			
かしおとは	カシ・オトハ	人名	人名	人名	upstream			
おとは	カシ・オトハ	人名	人名	人名	upstream			
かしこまり	かしこまり	人名	人名	人名	upstream			
まり	かしこまり	人名	人名	人名	upstream			
かじられる	かじられる	人名	人名	人名	upstream			
れる	かじられる	人名	人名	人名	upstream			
がたひめ	がたひめ	人名	人名	人名	upstream			
かてぃあうらーのゔぁ	カティア・ウラーノヴァ	人名	人名	人名	upstream			
かてぃあ	カティア・ウラーノヴァ	人名	人名	人名	upstream			
かなえせんせい	かなえ先生	人名	人名	人名	upstream			
かなえ	かなえ先生	人名	人名	人名	upstream			
かなたひかり	カナタヒカリ	人名	人名	人名	upstream			
ひかり	カナタヒカリ	人名	人名	人名	upstream			
かなでれみ	カナデレミ	人名	人名	人名	upstream			
れみ	カナデレミ	人名	人名	人名	upstream			
がびすべってる	ガビス・ベッテル	人名	人名	人名	upstream			
がびす	ガビス・ベッテル	人名	人名	人名	upstream			
かふぇのたこ	かふぇのたこ	人名	人名	人名	upstream			
たこ	かふぇのたこ	人名	人名	人名	upstream			
かふぇのぞんびこ	カフェ野ゾンビ子	人名	人名	人名	upstream			
ぞんびこ	カフェ野ゾンビ子	人名	人名	人名	upstream			
かみなりあい	カミナリアイ	人名	人名	人名	upstream			
あい	カミナリアイ	人名	人名	人名	upstream			
からのさら	カラノサラ	人名	人名	人名	upstream			
さら	カラノサラ	人名	人名	人名	upstream			
かるーあ	カルーア	人名	人名	人名	upstream			
かるろぴの	カルロ・ピノ	人名	人名	人名	upstream			
ぴの	カルロ・ピノ	人名	人名	人名	upstream			
かわいあゆむ	かわいあゆむ	人名	人名	人名	upstream			
がんばるうこ	がんばるぅ子	人名	人名	人名	upstream			
るうこ	がんばるぅ子	人名	人名	人名	upstream			
きさらぎとわ	キサラギトワ	人名	人名	人名	upstream			
とわ	キサラギトワ	人名	人名	人名	upstream			
きずなあい	キズナアイ	人名	人名	人名	upstream			
あい	キズナアイ	人名	人名	人名	upstream			
きずなあん	キズナあん	人名	人名	人名	upstream			
あん	キズナあん	人名	人名	人名	upstream			
きずなぼる	キズナボル	人名	人名	人名	upstream			
ぼる	キズナボル	人名	人名	人名	upstream			
きつね	キツネDJ	人名	人名	人名	upstream			
きみどりのんな	キミドリノンナ	人名	人名	人名	upstream			
のんな	キミドリノンナ	人名	人名	人名	upstream			
きみのみや	キミノミヤ	人名	人名	人名	upstream			
みや	キミノミヤ	人名	人名	人名	upstream			
きゃさりんわーど	キャサリン・ワード	人名	人名	人名	upstream			
きゃさりん	キャサリン・ワード	人名	人名	人名	upstream			
ぎゃらくしーいとう	ギャラクシー伊藤	人名	人名	人名	upstream			
いとう	ギャラクシー伊藤	人名	人名	人名	upstream			
きゃろらいんぶらうん	キャロライン・ブラウン	人名	人名	人名	upstream			
ぶらうん	キャロライン・ブラウン	人名	人名	人名	upstream			
きょるへるむ	キョルヘルム	人名	人名	人名	upstream			
へるむ	キョルヘルム	人名	人名	人名	upstream			
きらりねおん	キラリネオン	人名	人名	人名	upstream			
ねおん	キラリネオン	人名	人名	人名	upstream			
きらんゆう	キランユウ	人名	人名	人名	upstream			
ゆう	キランユウ	人名	人名	人名	upstream			
ぎるざれんさんせい	ギルザレンIII世	人名	人名	人名	upstream			
ぎるざれん	ギルザレンIII世	人名	人名	人名	upstream			
ぎる	ギルザレンIII世	人名	人名	人名	upstream			
くいーんはにー	クイーンハニー	人名	人名	人名	upstream			
くぅふらんぞーぱー	クゥ・フラン・ゾーパー	人名	人名	人名	upstream			
くぅ	クゥ・フラン・ゾーパー	人名	人名	人名	upstream			
ぐうぇるおすがーる	グウェル・オス・ガール	人名	人名	人名	upstream			
ぐうぇる	グウェル・オス・ガール	人名	人名	人名	upstream			
くくるあくれいゆ	ククルア・クレイユ	人名	人名	人名	upstream			
くくるあ	ククルア・クレイユ	人名	人名	人名	upstream			
くしゅしょがばちょるふ	クシュショ・ガバチョルフ	人名	人名	人名	upstream			
がばちょるふ	クシュショ・ガバチョルフ	人名	人名	人名	upstream			
くっころせつ	クッコロ・セツ	人名	人名	人名	upstream			
せつ	クッコロ・セツ	人名	人名	人名	upstream			
くのいちこ	くのいち子	人名	人名	人名	upstream			
いちこ	くのいち子	人名	人名	人名	upstream			
くびなしすい	クビナシスイ	人名	人名	人名	upstream			
すい	クビナシスイ	人名	人名	人名	upstream			
くまのくまえるさんせい	クマ野クマエル3世	人名	人名	人名	upstream			
くまえる	クマ野クマエル3世	人名	人名	人名	upstream			
くものうえゆめみ	くもの上ユメミ	人名	人名	人名	upstream			
ゆめみ	くもの上ユメミ	人名	人名	人名	upstream			
ぐりあｇにゅーろん	グリア・G・ニューロン	人名	人名	人名	upstream			
ぐりあ	グリア・G・ニューロン	人名	人名	人名	upstream			
くりむぞん	クリムゾン	人名	人名	人名	upstream			
くりむぞんるーず	クリムゾン・ルーズ	人名	人名	人名	upstream			
くりむぞん	クリムゾン・ルーズ	人名	人名	人名	upstream			
くれいじーおりー	クレイジー・オリー	人名	人名	人名	upstream			
おりー	クレイジー・オリー	人名	人名	人名	upstream			
くろいたま	クロイタマ	人名	人名	人名	upstream			
たま	クロイタマ	人名	人名	人名	upstream			
くろのえーるあずき	クロノエールあずき	人名	人名	人名	upstream			
あずき	クロノエールあずき	人名	人名	人名	upstream			
くろぼう	クロボウ	人名	人名	人名	upstream			
くろるりりあらんか	クロル・リリアランカ	人名	人名	人名	upstream			
くろる	クロル・リリアランカ	人名	人名	人名	upstream			
けいとあーもりあ	ケイト・アーモリア	人名	人名	人名	upstream			
けいと	ケイト・アーモリア	人名	人名	人名	upstream			
けいろかみおか	ケイロカミオカ	人名	人名	人名	upstream			
かみおか	ケイロカミオカ	人名	人名	人名	upstream			
けーぷぺんぎん	ケープペンギン	人名	人名	人名	upstream			
げーむぶ	ゲーム部	名詞	名詞	名詞	upstream			
げーむぶぷろじぇくと	ゲーム部プロジェクト	名詞	名詞	名詞	upstream			
げーむぶ	ゲーム部プロジェクト	名詞	名詞	名詞	upstream			
けみかるしょうこ	ケミカルしょうこ	人名	人名	人名	upstream			
しょうこ	ケミカルしょうこ	人名	人名	人名	upstream			
こやみ	コ・ヤミ	人名	人名	人名	upstream			
こあんとろーうめ	コアントロー・ウメ	人名	人名	人名	upstream			
うめ	コアントロー・ウメ	人名	人名	人名	upstream			
ごうきまひろ	ゴウキマヒロ	人名	人名	人名	upstream			
まさひろ	ゴウキマヒロ	人名	人名	人名	upstream			
ごーるどしっぷ	ゴールドシップ	人名	人名	人名	upstream			
ごるし	ゴールドシップ	人名	人名	人名	upstream			
ごーれむしょるだーせいか	ゴーレム・ショルダー製菓	人名	人名	人名	upstream			
しょるだーせいか	ゴーレム・ショルダー製菓	人名	人名	人名	upstream			
こころなき	ココロナキ	人名	人名	人名	upstream			
なき	ココロナキ	人名	人名	人名	upstream			
こころやみ	ココロヤミ	人名	人名	人名	upstream			
やみ	ココロヤミ	人名	人名	人名	upstream			
ことりね	コトリネ	人名	人名	人名	upstream			
こねこまたたま	こねこまたたま	人名	人名	人名	upstream			
こぼかなえる	こぼ・かなえる	人名	人名	人名	upstream			
こぼ	こぼ・かなえる	人名	人名	人名	upstream			
こもりあいな	コモリアイナ	人名	人名	人名	upstream			
あいな	コモリアイナ	人名	人名	人名	upstream			
ごるんのゔぁそうとう	ゴルンノヴァ総統	人名	人名	人名	upstream			
そうとう	ゴルンノヴァ総統	人名	人名	人名	upstream			
ころぼしまう	ころぼしまう	人名	人名	人名	upstream			
さい	さい	人名	人名	人名	upstream			
さいばもえ	さいば萌	人名	人名	人名	upstream			
もえ	さいば萌	人名	人名	人名	upstream			
さいぼーぐにんじゃ	サイボーグ忍者	人名	人名	人名	upstream			
やひろ	さえきやひろ	人名	人名	人名	upstream			
さかなゆき	サカナユキ	人名	人名	人名	upstream			
ゆき	サカナユキ	人名	人名	人名	upstream			
さきゅばすのりや	サキュバスのリヤ	人名	人名	人名	upstream			
りや	サキュバスのリヤ	人名	人名	人名	upstream			
さくらはな	サクラハナ	人名	人名	人名	upstream			
はな	サクラハナ	人名	人名	人名	upstream			
さくらみこ	さくらみこ	人名	人名	人名	upstream			
みこ	さくらみこ	人名	人名	人名	upstream			
さとみ	さとみ	人名	人名	人名	upstream			
さとりあみ	サトリアミ	人名	人名	人名	upstream			
あみ	サトリアミ	人名	人名	人名	upstream			
さにーれいにい	サニーレイニィ	人名	人名	人名	upstream			
さむずあっぷ	サムズ・アップ	人名	人名	人名	upstream			
あっぷ	サムズ・アップ	人名	人名	人名	upstream			
さむずぼぼ	サムズ・ボボ	人名	人名	人名	upstream			
ぼぼ	サムズ・ボボ	人名	人名	人名	upstream			
さめのぽき	さめのぽき	人名	人名	人名	upstream			
ぽき	さめのぽき	人名	人名	人名	upstream			
さやぐれーす	サヤ・グレース	人名	人名	人名	upstream			
さよ	さょ	人名	人名	人名	upstream			
さらこばるけびっち	サラ・コバルケビッチ	人名	人名	人名	upstream			
さら	サラ・コバルケビッチ	人名	人名	人名	upstream			
さらだまよね	サラダまよね	人名	人名	人名	upstream			
まよね	サラダまよね	人名	人名	人名	upstream			
さんらもーる	サン・ラ・モール	人名	人名	人名	upstream			
さん	サン・ラ・モール	人名	人名	人名	upstream			
しあびび	シア・ビビ	人名	人名	人名	upstream			
びび	シア・ビビ	人名	人名	人名	upstream			
しあらみ	シア・ラミ	人名	人名	人名	upstream			
らみ	シア・ラミ	人名	人名	人名	upstream			
じーえふ	じぃえふ	人名	人名	人名	upstream			
じーえふ	じーえふちゃん	人名	人名	人名	upstream			
しーくうぃすたりあ	シーク・ウィスタリア	人名	人名	人名	upstream			
しーく	シーク・ウィスタリア	人名	人名	人名	upstream			
じぇしかぷらいす	ジェシカ・プライス	人名	人名	人名	upstream			
じぇしか	ジェシカ・プライス	人名	人名	人名	upstream			
しぇなれくたー	シェナ・レクター	人名	人名	人名	upstream			
れくたー	シェナ・レクター	人名	人名	人名	upstream			
しえらるーにす	シエラ・ルーニス	人名	人名	人名	upstream			
るーにす	シエラ・ルーニス	人名	人名	人名	upstream			
しぇりんばーがんでぃ	シェリン・バーガンディ	人名	人名	人名	upstream			
しぇりん	シェリン・バーガンディ	人名	人名	人名	upstream			
じぇる	ジェル	人名	人名	人名	upstream			
しおりのゔぇら	シオリ・ノヴェラ	人名	人名	人名	upstream			
しおり	シオリ・ノヴェラ	人名	人名	人名	upstream			
しぐね	シグネ・C・A	人名	人名	人名	upstream			
しくらりわ	シクラりわ	人名	人名	人名	upstream			
りわ	シクラりわ	人名	人名	人名	upstream			
じじむりん	ジジ・ムリン	人名	人名	人名	upstream			
じじ	ジジ・ムリン	人名	人名	人名	upstream			
しすかれおんたいん	シスカ・レオンタイン	人名	人名	人名	upstream			
しすか	シスカ・レオンタイン	人名	人名	人名	upstream			
しすたーくれあ	シスター・クレア	人名	人名	人名	upstream			
しすたー	シスター・クレア	人名	人名	人名	upstream			
くれあ	シスター・クレア	人名	人名	人名	upstream			
しふぃーるえしらー	シフィール・エシラー	人名	人名	人名	upstream			
しふぃーる	シフィール・エシラー	人名	人名	人名	upstream			
しまながえな	シマナガエナ	人名	人名	人名	upstream			
えな	シマナガエナ	人名	人名	人名	upstream			
しまはいいろぎつね	シマハイイロギツネ	人名	人名	人名	upstream			
しゃーろっとすず	シャーロット・スズ	人名	人名	人名	upstream			
すず	シャーロット・スズ	人名	人名	人名	upstream			
しゃいとううめ	しゃいとううめ	人名	人名	人名	upstream			
さいとううめ	しゃいとううめ	人名	人名	人名	upstream			
うめ	しゃいとううめ	人名	人名	人名	upstream			
しゃいとうもも	しゃいとうもも	人名	人名	人名	upstream			
さいとうもも	しゃいとうもも	人名	人名	人名	upstream			
もも	しゃいとうもも	人名	人名	人名	upstream			
じゃこにゃー	じゃこにゃー	人名	人名	人名	upstream			
じゃばうぉっきーまりす	ジャバウォッキー・マリス	人名	人名	人名	upstream			
まりす	ジャバウォッキー・マリス	人名	人名	人名	upstream			
しゃるるあいんはると	シャルルアインハルト	人名	人名	人名	upstream			
しゃるろっとういなゔぁりえーる	シャルロット・卯・イナヴァリエール	人名	人名	人名	upstream			
しゃるろっと	シャルロット・卯・イナヴァリエール	人名	人名	人名	upstream			
しゃろんあっぷる	シャロン・アップル	人名	人名	人名	upstream			
しゃろん	シャロン・アップル	人名	人名	人名	upstream			
しゅてぃー	シュティー	人名	人名	人名	upstream			
じゅらるどてぃーれくすふぉーど	ジュラルド・ティー・レクスフォード	人名	人名	人名	upstream			
じゅらるど	ジュラルド・ティー・レクスフォード	人名	人名	人名	upstream			
じょーりきいち	ジョー・力一	人名	人名	人名	upstream			
りきいち	ジョー・力一	人名	人名	人名	upstream			
しるゔぃすかーまろす	シルヴィス・カーマ・ロス	人名	人名	人名	upstream			
かーま	シルヴィス・カーマ・ロス	人名	人名	人名	upstream			
ろす	シルヴィス・カーマ・ロス	人名	人名	人名	upstream			
しろうさ	しろうさ	人名	人名	人名	upstream			
しろねこていねこすけ	しろねこ亭ねこすけ	人名	人名	人名	upstream			
ねこすけ	しろねこ亭ねこすけ	人名	人名	人名	upstream			
しんぎる	シン・ギル	人名	人名	人名	upstream			
しんゆや	シン・ユヤ	人名	人名	人名	upstream			
しん	シン・ユヤ	人名	人名	人名	upstream			
そにこ	すーぱーそに子	人名	人名	人名	upstream			
すこって	スコッテ	人名	人名	人名	upstream			
すずきせしる	スズキセシル	人名	人名	人名	upstream			
せしる	スズキセシル	人名	人名	人名	upstream			
すずしろまな	すずしろ真菜	人名	人名	人名	upstream			
まな	すずしろ真菜	人名	人名	人名	upstream			
すのうあにぅ	すのう・あにぅ	人名	人名	人名	upstream			
あにぅ	すのう・あにぅ	人名	人名	人名	upstream			
える１	スノー・ホワイト・パラダイス・エルサント・フロウ・ワスレナ・ピュア・プリンセス・リーブル・ラブ・ハイデルン・ドコドコ・	人名	人名	人名	upstream			
すぽんじのぶ	スポンジ・ノブ	人名	人名	人名	upstream			
のぶ	スポンジ・ノブ	人名	人名	人名	upstream			
すまほはなこ	スマホ花子	人名	人名	人名	upstream			
はなこ	スマホ花子	人名	人名	人名	upstream			
すめらぎぱる	スメラギパル	人名	人名	人名	upstream			
すらいむこ	スライム子	人名	人名	人名	upstream			
ぜあこるねりあ	ゼア・コルネリア	人名	人名	人名	upstream			
ぜあ	ゼア・コルネリア	人名	人名	人名	upstream			
せいかみち	せいかみち	人名	人名	人名	upstream			
みち	せいかみち	人名	人名	人名	upstream			
せいぶくりす	セイブ・クリス	人名	人名	人名	upstream			
くりす	セイブ・クリス	人名	人名	人名	upstream			
せーじ	セージ	人名	人名	人名	upstream			
せしりあいまーぐりーん	セシリア・イマーグリーン	人名	人名	人名	upstream			
せしりあ	セシリア・イマーグリーン	人名	人名	人名	upstream			
ぜったいてんしくるみちゃん	ぜったい天使くるみちゃん	人名	人名	人名	upstream			
くるみ	ぜったい天使くるみちゃん	人名	人名	人名	upstream			
せつなりびでしゅたいん	セツナ・リビデシュタイン	人名	人名	人名	upstream			
せつな	セツナ・リビデシュタイン	人名	人名	人名	upstream			
せな	せな	人名	人名	人名	upstream			
せふぃらすう	セフィラ・スゥ	人名	人名	人名	upstream			
せふぃら	セフィラ・スゥ	人名	人名	人名	upstream			
すう	セフィラ・スゥ	人名	人名	人名	upstream			
せらふだずるがーでん	セラフ・ダズルガーデン	人名	人名	人名	upstream			
だずるがーでん	セラフ・ダズルガーデン	人名	人名	人名	upstream			
せれすふぁうな	セレス・ファウナ	人名	人名	人名	upstream			
ふぁうな	セレス・ファウナ	人名	人名	人名	upstream			
せれんたつき	セレン龍月	人名	人名	人名	upstream			
せれん	セレン龍月	人名	人名	人名	upstream			
いのり	せんのいのり	人名	人名	人名	upstream			
ぜんらゔぁん	ゼンラヴァン	人名	人名	人名	upstream			
そなぎ	ソ・ナギ	人名	人名	人名	upstream			
そどむわい	ソドム-Y	人名	人名	人名	upstream			
そふぃろーず	ソフィ・ローズ	人名	人名	人名	upstream			
そふぃ	ソフィ・ローズ	人名	人名	人名	upstream			
そふぃあこーど	ソフィアコード	人名	人名	人名	upstream			
そよかぜあめ	そよかぜアメ	人名	人名	人名	upstream			
あめ	そよかぜアメ	人名	人名	人名	upstream			
ももか	そらのももか	人名	人名	人名	upstream			
そらりりこ	ソラリリコ	人名	人名	人名	upstream			
りりこ	ソラリリコ	人名	人名	人名	upstream			
りこ	ソラリリコ	人名	人名	人名	upstream			
そんみあ	ソン・ミア	人名	人名	人名	upstream			
ぞんちゃん	ゾンちゃん	人名	人名	人名	upstream			
ぞん	ゾンちゃん	人名	人名	人名	upstream			
だーだだじぇっとぶらんこ	ダーダダ・ジェット・ブランコ	人名	人名	人名	upstream			
ぶらんこ	ダーダダ・ジェット・ブランコ	人名	人名	人名	upstream			
たいぷえむ	タイプエム	人名	人名	人名	upstream			
えむ	タイプエム	人名	人名	人名	upstream			
たいらん	たいらんくん	人名	人名	人名	upstream			
たからでぃまん	タカ・ラディマン	人名	人名	人名	upstream			
たか	タカ・ラディマン	人名	人名	人名	upstream			
たかさきさき	たかさき咲	人名	人名	人名	upstream			
さき	たかさき咲	人名	人名	人名	upstream			
たかなしきあら	たかなしきあら	人名	人名	人名	upstream			
たからまりか	タカラマリカ	人名	人名	人名	upstream			
まりか	タカラマリカ	人名	人名	人名	upstream			
たこやりいか	タコヤリイカ	人名	人名	人名	upstream			
たしぎあとり	タシギアトリ	人名	人名	人名	upstream			
あとり	タシギアトリ	人名	人名	人名	upstream			
たちばなまんまる	タチバナまんまる	人名	人名	人名	upstream			
たちばな	タチバナまんまる	人名	人名	人名	upstream			
だてんしゆあ	だてんちゆあ	人名	人名	人名	upstream			
だてんちゆあ	だてんちゆあ	人名	人名	人名	upstream			
ゆあ	だてんちゆあ	人名	人名	人名	upstream			
たまはうす	たまはうす	人名	人名	人名	upstream			
たらばにか	たらばニカ	人名	人名	人名	upstream			
にか	たらばニカ	人名	人名	人名	upstream			
たるぱぎゅうにゅう	たるぱ牛乳	人名	人名	人名	upstream			
ちぇあら	チェ・アラ	人名	人名	人名	upstream			
ちの	チノ	人名	人名	人名	upstream			
ちびゆきよんにーはちごう	ちび雪428号	人名	人名	人名	upstream			
こにし	チャーハン小西	人名	人名	人名	upstream			
ぽりごん	チャンネル登録者の数だけポリゴン数が増えていくVtuber	人名	人名	人名	upstream			
ちゆ１２さい	ちゆ12歳	人名	人名	人名	upstream			
ちゆ	ちゆ12歳	人名	人名	人名	upstream			
ちゅうべえ	チュゥ兵衛	人名	人名	人名	upstream			
ちゆきえる	チユキエル	人名	人名	人名	upstream			
ちゆ	チユキエル	人名	人名	人名	upstream			
つがはるか	ツガハルカ	人名	人名	人名	upstream			
つきとはな	ツキトハナ	人名	人名	人名	upstream			
はな	ツキトハナ	人名	人名	人名	upstream			
つくねあつくね	つくね熱くね	人名	人名	人名	upstream			
あつくね	つくね熱くね	人名	人名	人名	upstream			
つのはねあかぎ	つのはねあかぎ	人名	人名	人名	upstream			
あかぎ	つのはねあかぎ	人名	人名	人名	upstream			
てぃあさんしゃいん	ティア・サンシャイン	人名	人名	人名	upstream			
てぃあ	ティア・サンシャイン	人名	人名	人名	upstream			
でぃあぷとらぷろとぽろす	ディアプトラ・プロトポロス	人名	人名	人名	upstream			
でぃあぷとら	ディアプトラ・プロトポロス	人名	人名	人名	upstream			
あさせ	ディープウェブ・アンダーグラウンド	人名	人名	人名	upstream			
どぅ	ディープウェブ・アンダーグラウンド	人名	人名	人名	upstream			
でじたぴりこ	デジタピリコ	人名	人名	人名	upstream			
ためこ	テスト田試し子	人名	人名	人名	upstream			
てとらんぱとる	テトランパトル	人名	人名	人名	upstream			
ぱとる	テトランパトル	人名	人名	人名	upstream			
でびでびでびる	でびでび・でびる	人名	人名	人名	upstream			
でびる	でびでび・でびる	人名	人名	人名	upstream			
てらいゆき	テライユキ	人名	人名	人名	upstream			
ゆき	テライユキ	人名	人名	人名	upstream			
にめれーとごう	テルミン操縦士ニメレート号	人名	人名	人名	upstream			
でれむかど	デレムカド	人名	人名	人名	upstream			
かど	デレムカド	人名	人名	人名	upstream			
てんかはじめ	テンカハジメ	人名	人名	人名	upstream			
はじめ	テンカハジメ	人名	人名	人名	upstream			
とあるけふぃあ	とあるケフィア	人名	人名	人名	upstream			
つなまよ	トゥルシー・ナイトメア・マッドネス4世	人名	人名	人名	upstream			
どーせっとあかほし	ドーセット・アカホシ	人名	人名	人名	upstream			
あかほし	ドーセット・アカホシ	人名	人名	人名	upstream			
とがりい	とがりぃ	人名	人名	人名	upstream			
ときのそら	ときのそら	人名	人名	人名	upstream			
そら	ときのそら	人名	人名	人名	upstream			
じゃき	ドッ斗のジャキ	人名	人名	人名	upstream			
どっと	ドッ斗のジャキ	人名	人名	人名	upstream			
じゃぎー	ドッ斗のジャギー	人名	人名	人名	upstream			
どっと	ドッ斗のジャギー	人名	人名	人名	upstream			
じゃっきー	ドッ斗のジャッキー	人名	人名	人名	upstream			
どっと	ドッ斗のジャッキー	人名	人名	人名	upstream			
じゃっく	ドッ斗のジャック	人名	人名	人名	upstream			
どっと	ドッ斗のジャック	人名	人名	人名	upstream			
じゃん	ドッ斗のジャン	人名	人名	人名	upstream			
どっと	ドッ斗のジャン	人名	人名	人名	upstream			
どれまる	どれ。	人名	人名	人名	upstream			
とろめにか	トロメニカ	人名	人名	人名	upstream			
とろろていやまいも	とろろ亭やまいも	人名	人名	人名	upstream			
やまいも	とろろ亭やまいも	人名	人名	人名	upstream			
どくずほんしゃ	ド葛本社	名詞	名詞	名詞	upstream			
なせら	ナ・セラ	人名	人名	人名	upstream			
なう	なう。	人名	人名	人名	upstream			
なぎさあるしにあ	ナギサアルシニア	人名	人名	人名	upstream			
なぎさ	ナギサアルシニア	人名	人名	人名	upstream			
なっつ	ナッツ店長	人名	人名	人名	upstream			
なつめれんげ	なつめれんげ	人名	人名	人名	upstream			
れんげ	なつめれんげ	人名	人名	人名	upstream			
ななしい	ななしぃ	人名	人名	人名	upstream			
ななほしすず	ナナホシすず	人名	人名	人名	upstream			
すず	ナナホシすず	人名	人名	人名	upstream			
ななみろま	ﾅﾅﾐﾛﾏ	人名	人名	人名	upstream			
ななもり	ななもり	人名	人名	人名	upstream			
なまほしちゃん	なまほしちゃん	人名	人名	人名	upstream			
ならはらまうん	ナラ・ハラマウン	人名	人名	人名	upstream			
なら	ナラ・ハラマウン	人名	人名	人名	upstream			
なるせさくらこ	なるせ桜子	人名	人名	人名	upstream			
さくらこ	なるせ桜子	人名	人名	人名	upstream			
なんしぃー	ナンシィー	人名	人名	人名	upstream			
にかめかる	ニカ・メカル	人名	人名	人名	upstream			
めかる	ニカ・メカル	人名	人名	人名	upstream			
にじきゆい	ニジキユイ	人名	人名	人名	upstream			
ゆい	ニジキユイ	人名	人名	人名	upstream			
にちぶろーどすかや	にち・ブロードスカヤ	人名	人名	人名	upstream			
にち	にち・ブロードスカヤ	人名	人名	人名	upstream			
にどらごらす	ニドラゴラス	人名	人名	人名	upstream			
ごらす	ニドラゴラス	人名	人名	人名	upstream			
にとりせせり	ニトリセセリ	人名	人名	人名	upstream			
せせり	ニトリセセリ	人名	人名	人名	upstream			
にのまえいなにす	にのまえいなにす	人名	人名	人名	upstream			
にぱこ	ニパ子	人名	人名	人名	upstream			
にゃるら	にゃるらちゃん	人名	人名	人名	upstream			
にゅいそしえーる	ニュイ・ソシエール	人名	人名	人名	upstream			
そしえーる	ニュイ・ソシエール	人名	人名	人名	upstream			
ぬりたくる	ぬりたくる	人名	人名	人名	upstream			
ぬんぼら	ヌン・ボラ	人名	人名	人名	upstream			
ぬん	ヌン・ボラ	人名	人名	人名	upstream			
ねねこ	ねこまねねこ	人名	人名	人名	upstream			
ねじうさ	ねじウサ	人名	人名	人名	upstream			
ねもぜる	ネモゼル	人名	人名	人名	upstream			
ねも	ネモゼル	人名	人名	人名	upstream			
ねりっされいゔんくろふと	ネリッサ・レイヴンクロフト	人名	人名	人名	upstream			
ねりっさ	ネリッサ・レイヴンクロフト	人名	人名	人名	upstream			
ねんねおう	ねんね王	人名	人名	人名	upstream			
のらきゃっと	のらきゃっと	人名	人名	人名	upstream			
のら	のらきゃっと	人名	人名	人名	upstream			
のらねこ	ノラネコP	人名	人名	人名	upstream			
のら	ノラネコP	人名	人名	人名	upstream			
のりとｑｘ	ノリトQX	人名	人名	人名	upstream			
のりと	ノリトQX	人名	人名	人名	upstream			
のるかそるか	ノルカソルカ	人名	人名	人名	upstream			
のわーるゔぇすぱー	ノワール・ヴェスパー	人名	人名	人名	upstream			
のわーる	ノワール・ヴェスパー	人名	人名	人名	upstream			
はゆん	ハ・ユン	人名	人名	人名	upstream			
ばあちゃる	ばあちゃる	人名	人名	人名	upstream			
うびば	ばあちゃる	人名	人名	人名	upstream			
うま	ばあちゃる	人名	人名	人名	upstream			
ヴぃｃ	バーチャル・イン・ザ・シティ	人名	人名	人名	upstream			
ばーちゃるおばあちゃん	バーチャルおばあちゃん	人名	人名	人名	upstream			
おばあちゃん	バーチャルおばあちゃん	人名	人名	人名	upstream			
たまちゃん	バーチャルクラリネッターたまちゃん	人名	人名	人名	upstream			
ばーちゃるごりら	バーチャルゴリラ	人名	人名	人名	upstream			
ごりら	バーチャルゴリラ	人名	人名	人名	upstream			
りゅうたろう	バーチャルサラブレッド・リュウタロウ	人名	人名	人名	upstream			
ひまり	バーチャルトラックメイカ―ひまり	人名	人名	人名	upstream			
ｖｔｍ	バーチャルトラックメイカ―ひまり	人名	人名	人名	upstream			
ばーちゃるねこ	バーチャルねこ	人名	人名	人名	upstream			
ねこ	バーチャルねこ	人名	人名	人名	upstream			
のじゃろり	バーチャルのじゃロリ狐娘Youtuberおじさん	人名	人名	人名	upstream			
ねこます	バーチャルのじゃロリ狐娘Youtuberおじさん	人名	人名	人名	upstream			
ばーちゃるばなな	バーチャルバナナ	人名	人名	人名	upstream			
ばなな	バーチャルバナナ	人名	人名	人名	upstream			
ばーちゃるぱん	バーチャルパン	人名	人名	人名	upstream			
ぱん	バーチャルパン	人名	人名	人名	upstream			
ばーちゃるゆうれい	バーチャルゆうれい	人名	人名	人名	upstream			
ゆうれい	バーチャルゆうれい	人名	人名	人名	upstream			
ばーちゃるわおきつねざる	バーチャルワオキツネザル	人名	人名	人名	upstream			
わおきつねざる	バーチャルワオキツネザル	人名	人名	人名	upstream			
あくだいかん	バーチャル悪代官	人名	人名	人名	upstream			
ばーちゃる	バーチャル悪代官	人名	人名	人名	upstream			
てんかいつかさ	バーチャル債務者youtuber天開司	人名	人名	人名	upstream			
せしりあ	バーチャル執事Cecilia	人名	人名	人名	upstream			
むしぎょうざ	バーチャル蒸し餃子	人名	人名	人名	upstream			
ばーちゃる	バーチャル蒸し餃子	人名	人名	人名	upstream			
あざーぶるー	バーチャル水族館あざーぶるー	人名	人名	人名	upstream			
おだのぶ	バーチャル戦国武将おだのぶ	人名	人名	人名	upstream			
ばーちゃる	バーチャル戦士タキビ	人名	人名	人名	upstream			
たきび	バーチャル戦士タキビ	人名	人名	人名	upstream			
ばーちゃるびしょうじょねむ	バーチャル美少女ねむ	人名	人名	人名	upstream			
ねむ	バーチャル美少女ねむ	人名	人名	人名	upstream			
ばーちゃる	バーチャル魔法少女ちあ	人名	人名	人名	upstream			
ちあ	バーチャル魔法少女ちあ	人名	人名	人名	upstream			
はーとさま	ハート様	人名	人名	人名	upstream			
はーと	ハート様	人名	人名	人名	upstream			
ばいろんべっく	バイロン・ベック	人名	人名	人名	upstream			
べっく	バイロン・ベック	人名	人名	人名	upstream			
ぱゔぉりあれいね	パヴォリア・レイネ	人名	人名	人名	upstream			
れいね	パヴォリア・レイネ	人名	人名	人名	upstream			
ぱうれくらうん	パウレ・クラウン	人名	人名	人名	upstream			
くらうん	パウレ・クラウン	人名	人名	人名	upstream			
かんな	はかりかんな	人名	人名	人名	upstream			
ばけごろう	ばけごろう	人名	人名	人名	upstream			
ぱげみ	パゲ美	人名	人名	人名	upstream			
はこすべーるず	ハコス・ベールズ	人名	人名	人名	upstream			
べーるず	ハコス・ベールズ	人名	人名	人名	upstream			
はすかっぷみんと	ハスカップ・ミント	人名	人名	人名	upstream			
みんと	ハスカップ・ミント	人名	人名	人名	upstream			
はっかどーる	ハッカドール１号	人名	人名	人名	upstream			
いちごう	ハッカドール１号	人名	人名	人名	upstream			
はっかどーる	ハッカドール２号	人名	人名	人名	upstream			
にごう	ハッカドール２号	人名	人名	人名	upstream			
はっかどーる	ハッカドール３号	人名	人名	人名	upstream			
さんごう	ハッカドール３号	人名	人名	人名	upstream			
はづきみゆ	はづきみゆ	人名	人名	人名	upstream			
みゆ	はづきみゆ	人名	人名	人名	upstream			
はてぃまーながるむ	ハティ・マーナガルム	人名	人名	人名	upstream			
はてぃ	ハティ・マーナガルム	人名	人名	人名	upstream			
はなふろーれす	ハナ・フローレス	人名	人名	人名	upstream			
はな	ハナ・フローレス	人名	人名	人名	upstream			
はなまきあ	ハナ・マキア	人名	人名	人名	upstream			
はな	ハナ・マキア	人名	人名	人名	upstream			
はにーすとらっぷ	ハニーストラップ	名詞	名詞	名詞	upstream			
はにすと	ハニーストラップ	名詞	名詞	名詞	upstream			
ばにらあいこはかせ	バニラ・アイコ博士	人名	人名	人名	upstream			
あいこ	バニラ・アイコ博士	人名	人名	人名	upstream			
ばびねこ	ばびねこ	人名	人名	人名	upstream			
ばぶみかんばんむすめりしあ	バブみ看板娘リシア	人名	人名	人名	upstream			
りしあ	バブみ看板娘リシア	人名	人名	人名	upstream			
ぱらぺら	パラぺら	人名	人名	人名	upstream			
ばりとんえるふ	バリトンエルフ	人名	人名	人名	upstream			
えるふ	バリトンエルフ	人名	人名	人名	upstream			
ばるでぃ	パルディ博士の助手	人名	人名	人名	upstream			
とめこ	はれんちとめこ	人名	人名	人名	upstream			
はろーきてぃ	ハローキティ	人名	人名	人名	upstream			
きてぃ	ハローキティ	人名	人名	人名	upstream			
はんちほ	ハン・チホ	人名	人名	人名	upstream			
ばんはだ	バン・ハダ	人名	人名	人名	upstream			
ぱんじーる	パンジール	人名	人名	人名	upstream			
ばびにく	バ美肉	名詞	名詞	名詞	upstream			
びーとまりお	ビートまりお	人名	人名	人名	upstream			
ひかきん	ヒカキン	人名	人名	人名	upstream			
ひかりある	ヒカリアル	人名	人名	人名	upstream			
ある	ヒカリアル	人名	人名	人名	upstream			
ぴくせるこ	ピクセルコ	人名	人名	人名	upstream			
るこ	ピクセルコ	人名	人名	人名	upstream			
ひづきみう	ヒヅキミウ	人名	人名	人名	upstream			
みう	ヒヅキミウ	人名	人名	人名	upstream			
ひとしろいつき	ヒトシロ・イツキ	人名	人名	人名	upstream			
いつき	ヒトシロ・イツキ	人名	人名	人名	upstream			
ひなのうい	ひなの羽衣	人名	人名	人名	upstream			
うい	ひなの羽衣	人名	人名	人名	upstream			
ぴぴぴぴぴ	ピピピピピ	人名	人名	人名	upstream			
ぴぴ	ピピピピピ	人名	人名	人名	upstream			
ひましょくどう	ひま食堂	人名	人名	人名	upstream			
ひま	ひま食堂	人名	人名	人名	upstream			
ぴんきーぽっぷへっぷばーん	ピンキーポップヘップバーン	人名	人名	人名	upstream			
へっぷばーん	ピンキーポップヘップバーン	人名	人名	人名	upstream			
ｐｐｈ	ピンキーポップヘップバーン	人名	人名	人名	upstream			
ぴんくごりら	ピンクゴリラ	人名	人名	人名	upstream			
ごりら	ピンクゴリラ	人名	人名	人名	upstream			
ふぁーべるふぉんひめるうるか	ファーベル・フォン・ヒメルウルカ	人名	人名	人名	upstream			
ふぁい	ファイ博士	人名	人名	人名	upstream			
ふぁむふぁたる	ファム・ファタル	人名	人名	人名	upstream			
ふぃーなてぃろ	フィーナ・ティロ	人名	人名	人名	upstream			
てぃろ	フィーナ・ティロ	人名	人名	人名	upstream			
ぶいおん	ぶいおん!!	人名	人名	人名	upstream			
ふぃなーなりゅうぐう	フィナーナ竜宮	人名	人名	人名	upstream			
ふぃなーな	フィナーナ竜宮	人名	人名	人名	upstream			
ふぃんだーおじさん	フィンダーおじさん	人名	人名	人名	upstream			
ふぃんおじ	フィンダーおじさん	人名	人名	人名	upstream			
ふぃんだー	フィンダーおじさん	人名	人名	人名	upstream			
ふぃのじ	フィンダーおじさん	人名	人名	人名	upstream			
ふぇありいみどりかわ	フェアリィ緑川	人名	人名	人名	upstream			
みどりかわ	フェアリィ緑川	人名	人名	人名	upstream			
ふぉるてはる	フォルテハル	人名	人名	人名	upstream			
はる	フォルテハル	人名	人名	人名	upstream			
ふくやますたー	ふくやマスター	人名	人名	人名	upstream			
ますたー	ふくやマスター	人名	人名	人名	upstream			
ふたまる	ふたまる	人名	人名	人名	upstream			
ふみ	フミ	人名	人名	人名	upstream			
ぷりたけつみ	プリ田ケツ美	人名	人名	人名	upstream			
けつみ	プリ田ケツ美	人名	人名	人名	upstream			
ぷりたけつみ	ぷり田ケツ美	人名	人名	人名	upstream			
けつみ	ぷり田ケツ美	人名	人名	人名	upstream			
ふれん	フレン・E・ルスタリオ	人名	人名	人名	upstream			
ふわわあびすがーど	フワワ・アビスガード	人名	人名	人名	upstream			
ふわわ	フワワ・アビスガード	人名	人名	人名	upstream			
ふんぼるとぺんぎん	フンボルトペンギン	人名	人名	人名	upstream			
べすてぃあぜーた	ベスティア・ゼータ	人名	人名	人名	upstream			
ぜーた	ベスティア・ゼータ	人名	人名	人名	upstream			
ぺすとしんし	ペスト紳士	人名	人名	人名	upstream			
しんし	ペスト紳士	人名	人名	人名	upstream			
べるもんどばんでらす	ベルモンド・バンデラス	人名	人名	人名	upstream			
ばんぎらす	ベルモンド・バンデラス	人名	人名	人名	upstream			
ばんでらす	ベルモンド・バンデラス	人名	人名	人名	upstream			
べるもんど	ベルモンド・バンデラス	人名	人名	人名	upstream			
べる	ベルモンド・バンデラス	人名	人名	人名	upstream			
へるさま	ヘル様	人名	人名	人名	upstream			
へる	ヘル様	人名	人名	人名	upstream			
ぺれった	ぺれっ太	人名	人名	人名	upstream			
へろはくしゃく	ヘロ伯爵	人名	人名	人名	upstream			
へろ	ヘロ伯爵	人名	人名	人名	upstream			
らいさ	ほしぐもらいさ	人名	人名	人名	upstream			
ほしのえみ	ホシノエミ	人名	人名	人名	upstream			
えみ	ホシノエミ	人名	人名	人名	upstream			
ほしのまな	ホシノマナ	人名	人名	人名	upstream			
まな	ホシノマナ	人名	人名	人名	upstream			
ぼろまる	ぼっちぼろまる	人名	人名	人名	upstream			
ぼではらはらむ	ボデハラ・ハラム	人名	人名	人名	upstream			
はらむ	ボデハラ・ハラム	人名	人名	人名	upstream			
ぽぴえる	ポピエル	人名	人名	人名	upstream			
ぽぴ	ポピエル	人名	人名	人名	upstream			
ぽむれいんぱふ	ぽむ＊れいんぱふ	人名	人名	人名	upstream			
ぽむ	ぽむ＊れいんぱふ	人名	人名	人名	upstream			
ぼんにふぃえーるぷらなじゃ	ボンニフィエール・プラナジャ	人名	人名	人名	upstream			
ぼんにふぃえーる	ボンニフィエール・プラナジャ	人名	人名	人名	upstream			
まかいるしふぁー	マカイ・ルシファー	人名	人名	人名	upstream			
るしふぁー	マカイ・ルシファー	人名	人名	人名	upstream			
まがじよみ	マガジヨミ	人名	人名	人名	upstream			
よみ	マガジヨミ	人名	人名	人名	upstream			
まきなえくすふれおん	マキナ・X・フレオン	人名	人名	人名	upstream			
まきなｘふれおん	マキナ・X・フレオン	人名	人名	人名	upstream			
まきな	マキナ・X・フレオン	人名	人名	人名	upstream			
まぐにでずもんど	マグニ・デズモンド	人名	人名	人名	upstream			
まぐに	マグニ・デズモンド	人名	人名	人名	upstream			
のりこ	まぐろぎょせんのりこ	人名	人名	人名	upstream			
まぐろな	マグロナ	人名	人名	人名	upstream			
ましーなりーともこ	マシーナリーとも子	人名	人名	人名	upstream			
ともこ	マシーナリーとも子	人名	人名	人名	upstream			
まじかるゆみな	マジカルユミナ	人名	人名	人名	upstream			
ゆみな	マジカルユミナ	人名	人名	人名	upstream			
ましまひめこ	マシマヒメコ。	人名	人名	人名	upstream			
ひめこ	マシマヒメコ。	人名	人名	人名	upstream			
ましろゆゆ	マシロユユ	人名	人名	人名	upstream			
ゆゆ	マシロユユ	人名	人名	人名	upstream			
ましろめめ	ましろ爻	人名	人名	人名	upstream			
めめ	ましろ爻	人名	人名	人名	upstream			
ますおくん	ますおくん	人名	人名	人名	upstream			
まつい	まついしゃちょー	人名	人名	人名	upstream			
まどろみもあ	まどろみもあ	人名	人名	人名	upstream			
もあ	まどろみもあ	人名	人名	人名	upstream			
まやぷとぅり	マヤ・プトゥリ	人名	人名	人名	upstream			
まや	マヤ・プトゥリ	人名	人名	人名	upstream			
まりーあんどろいど	マリー・アンドロイド	人名	人名	人名	upstream			
まりーちゃん	マリー・アンドロイド	人名	人名	人名	upstream			
まりー	マリー・アンドロイド	人名	人名	人名	upstream			
まりーくらいん	マリー・クライン	人名	人名	人名	upstream			
まりー	マリー・クライン	人名	人名	人名	upstream			
まりのは	まりの歯	人名	人名	人名	upstream			
まり	まりの歯	人名	人名	人名	upstream			
まるななもな	マル・ナナモナ	人名	人名	人名	upstream			
ななもな	マル・ナナモナ	人名	人名	人名	upstream			
まんもすきらーら	マンモス・キラーラ	人名	人名	人名	upstream			
きらーら	マンモス・キラーラ	人名	人名	人名	upstream			
みあるーにす	ミア・ルーニス	人名	人名	人名	upstream			
みあ	ミア・ルーニス	人名	人名	人名	upstream			
みいがるるら	ミィ・ガルルラ	人名	人名	人名	upstream			
がるるら	ミィ・ガルルラ	人名	人名	人名	upstream			
みーなさらんぱす	ミーナ・サランパス	人名	人名	人名	upstream			
さらんぱす	ミーナ・サランパス	人名	人名	人名	upstream			
みーな	ミーナ・サランパス	人名	人名	人名	upstream			
みうぜの	みうゼノ	人名	人名	人名	upstream			
みおりぬ	みおりぬ	人名	人名	人名	upstream			
みかえるはいんど	ミカ・エルハインド	人名	人名	人名	upstream			
みか	ミカ・エルハインド	人名	人名	人名	upstream			
みすものくろーむ	ミス・モノクローム	人名	人名	人名	upstream			
ものくろーむ	ミス・モノクローム	人名	人名	人名	upstream			
そそぎ	みそぎそそぎ	人名	人名	人名	upstream			
みそした	ミソシタ	人名	人名	人名	upstream			
みなのらぶ	ミナノラブ	人名	人名	人名	upstream			
らぶ	ミナノラブ	人名	人名	人名	upstream			
みなみいずみ	ミナミイズミ	人名	人名	人名	upstream			
いずみ	ミナミイズミ	人名	人名	人名	upstream			
みこと	みなみのみこと	人名	人名	人名	upstream			
みはりなお	ミハリナオ	人名	人名	人名	upstream			
なお	ミハリナオ	人名	人名	人名	upstream			
みみたろう	みみたろう	人名	人名	人名	upstream			
みゆおったゔぃあ	ミユ・オッタヴィア	人名	人名	人名	upstream			
みゆ	ミユ・オッタヴィア	人名	人名	人名	upstream			
みゅうがるしあ	ミュウ・ガルシア	人名	人名	人名	upstream			
がるしあ	ミュウ・ガルシア	人名	人名	人名	upstream			
みゅう	ミュウ・ガルシア	人名	人名	人名	upstream			
みゅーひーはうぜん	ミューヒー・ハウゼン	人名	人名	人名	upstream			
はうぜん	ミューヒー・ハウゼン	人名	人名	人名	upstream			
みゅらーうぉーかー	ミュラー・ウォーカー	人名	人名	人名	upstream			
みゅらー	ミュラー・ウォーカー	人名	人名	人名	upstream			
みらいあかり	ミライアカリ	人名	人名	人名	upstream			
あかり	ミライアカリ	人名	人名	人名	upstream			
みらならゔぃーな	ミラナ・ラヴィーナ	人名	人名	人名	upstream			
みらな	ミラナ・ラヴィーナ	人名	人名	人名	upstream			
みりーぱふぇ	ミリー・パフェ	人名	人名	人名	upstream			
みりー	ミリー・パフェ	人名	人名	人名	upstream			
ぷりん	みるくぷりん	人名	人名	人名	upstream			
みんすぅーは	ミン・スゥーハ	人名	人名	人名	upstream			
すぅーは	ミン・スゥーハ	人名	人名	人名	upstream			
みん	ミン・スゥーハ	人名	人名	人名	upstream			
みおん	み音	人名	人名	人名	upstream			
むぅふらんぞーぱー	ムゥ・フラン・ゾーパー	人名	人名	人名	upstream			
むーさん	ムーさん	人名	人名	人名	upstream			
むー	ムーさん	人名	人名	人名	upstream			
むーなほしのゔぁ	ムーナ・ホシノヴァ	人名	人名	人名	upstream			
むーな	ムーナ・ホシノヴァ	人名	人名	人名	upstream			
むすびにとうへい	むすび二等兵	人名	人名	人名	upstream			
むすび	むすび二等兵	人名	人名	人名	upstream			
めいどのゆきさん	メイドのユキさん	人名	人名	人名	upstream			
ゆきさん	メイドのユキさん	人名	人名	人名	upstream			
めーめんとゔぁにたす	メーメントヴァニタス	人名	人名	人名	upstream			
めたりーまん	メタリーマン	人名	人名	人名	upstream			
めっちゃばぶみ	めっちゃばぶ美	人名	人名	人名	upstream			
ばぶみ	めっちゃばぶ美	人名	人名	人名	upstream			
めどしまれびゅこ	メド島レビュ子	人名	人名	人名	upstream			
れびゅこ	メド島レビュ子	人名	人名	人名	upstream			
めめとぷなー	メメト・プナー	人名	人名	人名	upstream			
めりあらこーん	メリア・ラコーン	人名	人名	人名	upstream			
めりあ	メリア・ラコーン	人名	人名	人名	upstream			
めりーみるく	メリーミルク	人名	人名	人名	upstream			
めりみ	メリーミルク	人名	人名	人名	upstream			
めりっさきんれんか	メリッサ・キンレンカ	人名	人名	人名	upstream			
めりっさ	メリッサ・キンレンカ	人名	人名	人名	upstream			
めるしゅ	メルシュ	人名	人名	人名	upstream			
めろだめろ	めろ田めろ	人名	人名	人名	upstream			
めろ	めろ田めろ	人名	人名	人名	upstream			
もあちゃん	もあちゃん	人名	人名	人名	upstream			
もいら	モイラ	人名	人名	人名	upstream			
もい	モイラ	人名	人名	人名	upstream			
もーしぃ	モーシィ	人名	人名	人名	upstream			
もーしい	モーシィ	人名	人名	人名	upstream			
しぃ	モーシィ	人名	人名	人名	upstream			
しい	モーシィ	人名	人名	人名	upstream			
もー	モーシィ	人名	人名	人名	upstream			
もここあびすがーど	モココ・アビスガード	人名	人名	人名	upstream			
もここ	モココ・アビスガード	人名	人名	人名	upstream			
もこためめめ	もこ田めめめ	人名	人名	人名	upstream			
めめめ	もこ田めめめ	人名	人名	人名	upstream			
もすぱーらいと	モスパーライト	人名	人名	人名	upstream			
もずべえ	もずベエ	人名	人名	人名	upstream			
もちひよ	もちひよこ	人名	人名	人名	upstream			
ものかきあえる	モノカキ・アエル	人名	人名	人名	upstream			
あえる	モノカキ・アエル	人名	人名	人名	upstream			
もみてぃん	モミティン	人名	人名	人名	upstream			
ももちもも	ももちもも	人名	人名	人名	upstream			
もも	ももちもも	人名	人名	人名	upstream			
もりかりおぺ	もりかりおぺ	人名	人名	人名	upstream			
やいたにくみ	ヤイタニクミ	人名	人名	人名	upstream			
にくみ	ヤイタニクミ	人名	人名	人名	upstream			
やえがしきみこ	ヤエガシキミコ	人名	人名	人名	upstream			
きみこ	ヤエガシキミコ	人名	人名	人名	upstream			
やか	ヤカ	人名	人名	人名	upstream			
やぎはいれぐ	ヤギ・ハイレグ	人名	人名	人名	upstream			
やぎ	ヤギ・ハイレグ	人名	人名	人名	upstream			
える２	ヤッタゼ・ヴァルキュリア・パッション・アールヴ・ノエル・チャコボシ・エルアリア・フロージア・メイドイン・ブルーム・エル	人名	人名	人名	upstream			
やまといおり	ヤマト・イオリ	人名	人名	人名	upstream			
いおり	ヤマト・イオリ	人名	人名	人名	upstream			
やみくもけりん	ヤミクモケリン	人名	人名	人名	upstream			
けりん	ヤミクモケリン	人名	人名	人名	upstream			
やんなり	ヤン・ナリ	人名	人名	人名	upstream			
ゆう	ゆう	人名	人名	人名	upstream			
ゆきとかぜ	ゆきとかぜつよなってきたな	人名	人名	人名	upstream			
ゆにてぃ	ユニティちゃん	人名	人名	人名	upstream			
ゆにこ	ゆにゆにこ	人名	人名	人名	upstream			
ゆのぱとりにあ	ユノ・パトリニア	人名	人名	人名	upstream			
ゆの	ユノ・パトリニア	人名	人名	人名	upstream			
ゆみぃあくあまりん	ユミィ・アクアマリン	人名	人名	人名	upstream			
ゆみいあくあまりん	ユミィ・アクアマリン	人名	人名	人名	upstream			
あくあまりん	ユミィ・アクアマリン	人名	人名	人名	upstream			
ゆめみ	ゆめいろゆめみ	人名	人名	人名	upstream			
ゆめかわむう	ユメカワムウ	人名	人名	人名	upstream			
むう	ユメカワムウ	人名	人名	人名	upstream			
ゆめのうらら	ユメノウララ	人名	人名	人名	upstream			
うらら	ユメノウララ	人名	人名	人名	upstream			
ゆめのしおり	ユメノシオリ	人名	人名	人名	upstream			
しおり	ユメノシオリ	人名	人名	人名	upstream			
ゆめのつきみ	ユメノツキミ	人名	人名	人名	upstream			
つきみ	ユメノツキミ	人名	人名	人名	upstream			
わたし	ゆめのわたし	人名	人名	人名	upstream			
ゆめここな	ゆめ心中	人名	人名	人名	upstream			
ここな	ゆめ心中	人名	人名	人名	upstream			
ゆりめい	ユリ・メイ	人名	人名	人名	upstream			
めい	ユリ・メイ	人名	人名	人名	upstream			
よっつまんぐろーぶ	ヨッツマングローブ	人名	人名	人名	upstream			
まんぐろーぶ	ヨッツマングローブ	人名	人名	人名	upstream			
らいがりれい	ライ・ガリレイ	人名	人名	人名	upstream			
らい	ライ・ガリレイ	人名	人名	人名	upstream			
らいうな	らいうな	人名	人名	人名	upstream			
らいざ	ライザ・フォン・ガルファンゼール16世	人名	人名	人名	upstream			
らいにゃん	らいにゃん	人名	人名	人名	upstream			
らいらあるすとろえめりあ	ライラ・アルストロエメリア	人名	人名	人名	upstream			
らいら	ライラ・アルストロエメリア	人名	人名	人名	upstream			
らいらえでぃた	ライラ・エディタ	人名	人名	人名	upstream			
らおーらぱんてーら	ラオーラ・パンテーラ	人名	人名	人名	upstream			
らおーら	ラオーラ・パンテーラ	人名	人名	人名	upstream			
らかすばある	ラカス・バアル	人名	人名	人名	upstream			
ばある	ラカス・バアル	人名	人名	人名	upstream			
らとなぷてぃ	ラトナ・プティ	人名	人名	人名	upstream			
ぷてぃ	ラトナ・プティ	人名	人名	人名	upstream			
ぷてち	ラトナ・プティ	人名	人名	人名	upstream			
らぶこめじじい	ラブコメじじい	人名	人名	人名	upstream			
らぶこめ	ラブコメじじい	人名	人名	人名	upstream			
らぷらすだーくねす	ラプラス・ダークネス	人名	人名	人名	upstream			
らぷらす	ラプラス・ダークネス	人名	人名	人名	upstream			
やまだ	ラプラス・ダークネス	人名	人名	人名	upstream			
らみりあぴすとりあ	ラミリア・ピストリア	人名	人名	人名	upstream			
ぴすとりあ	ラミリア・ピストリア	人名	人名	人名	upstream			
らむぎすかん	ラムギスカン	人名	人名	人名	upstream			
らむすいみん	ラム睡眠	人名	人名	人名	upstream			
りあしょうさ	リア少佐	人名	人名	人名	upstream			
りあ	リア少佐	人名	人名	人名	upstream			
りーじすあるてあ	リージス・アルテア	人名	人名	人名	upstream			
りーじす	リージス・アルテア	人名	人名	人名	upstream			
りおねるえれおのーるどしぃあにあ	リオネル・エレオノール・ド・シィアニア	人名	人名	人名	upstream			
りおねる	リオネル・エレオノール・ド・シィアニア	人名	人名	人名	upstream			
りくさでぃれんどら	リクサ・ディレンドラ	人名	人名	人名	upstream			
りくさ	リクサ・ディレンドラ	人名	人名	人名	upstream			
りくむ	リクム	人名	人名	人名	upstream			
りしあきらら	リシア・キララ	人名	人名	人名	upstream			
きらら	リシア・キララ	人名	人名	人名	upstream			
りずさりゔぁん	リズ・サリヴァン	人名	人名	人名	upstream			
りず	リズ・サリヴァン	人名	人名	人名	upstream			
りぜへるえすた	リゼ・ヘルエスタ	人名	人名	人名	upstream			
りぜ	リゼ・ヘルエスタ	人名	人名	人名	upstream			
りとるずっか	リトル・ズッカ	人名	人名	人名	upstream			
ずっか	リトル・ズッカ	人名	人名	人名	upstream			
りなりあ	リナ・リア	人名	人名	人名	upstream			
りな	リナ・リア	人名	人名	人名	upstream			
りべれーたーだん	リベレーター・ダン	人名	人名	人名	upstream			
だん	リベレーター・ダン	人名	人名	人名	upstream			
りゅはり	リュ・ハリ	人名	人名	人名	upstream			
りゅうせいろたん	りゅうせい☆ろたん	人名	人名	人名	upstream			
ろたん	りゅうせい☆ろたん	人名	人名	人名	upstream			
りり	リリ	人名	人名	人名	upstream			
りりあつぇぺる	リリア・ツェペル	人名	人名	人名	upstream			
りりあ	リリア・ツェペル	人名	人名	人名	upstream			
りんみんめい	リン・ミンメイ	人名	人名	人名	upstream			
りん	リン・ミンメイ	人名	人名	人名	upstream			
りんどえる	リンドエル	人名	人名	人名	upstream			
るいすきゃみー	ルイス・キャミー	人名	人名	人名	upstream			
きゃみー	ルイス・キャミー	人名	人名	人名	upstream			
るいすおうじ	ルイス王子	人名	人名	人名	upstream			
るぅふらんぞーぱー	ルゥ・フラン・ゾーパー	人名	人名	人名	upstream			
るぅ	ルゥ・フラン・ゾーパー	人名	人名	人名	upstream			
るーくおーすてぃん	ルーク・オースティン	人名	人名	人名	upstream			
るーく	ルーク・オースティン	人名	人名	人名	upstream			
るーしーこうもり	ルーシー蝙蝠	人名	人名	人名	upstream			
こうもり	ルーシー蝙蝠	人名	人名	人名	upstream			
るぅと	るぅと	人名	人名	人名	upstream			
るおてんい	ルォ・テンイ	人名	人名	人名	upstream			
るりかれいんうぉーたー	ルリカ・レインウォーター	人名	人名	人名	upstream			
るりか	ルリカ・レインウォーター	人名	人名	人名	upstream			
るるんるるりか	ルルン・ルルリカ	人名	人名	人名	upstream			
るるん	ルルン・ルルリカ	人名	人名	人名	upstream			
れいなさん	レイナ・サン	人名	人名	人名	upstream			
れいな	レイナ・サン	人名	人名	人名	upstream			
れいらさま	レイラ・サマ	人名	人名	人名	upstream			
れいら	レイラ・サマ	人名	人名	人名	upstream			
れいんぱたーそん	レイン・パターソン	人名	人名	人名	upstream			
ぱたーそん	レイン・パターソン	人名	人名	人名	upstream			
ぱたねえ	レイン・パターソン	人名	人名	人名	upstream			
れいん	レイン・パターソン	人名	人名	人名	upstream			
れいんぼーひかり	レインボーひかり	人名	人名	人名	upstream			
ひかり	レインボーひかり	人名	人名	人名	upstream			
れゔぃえりふぁ	レヴィ・エリファ	人名	人名	人名	upstream			
えりふぁ	レヴィ・エリファ	人名	人名	人名	upstream			
れおすゔぃんせんと	レオス・ヴィンセント	人名	人名	人名	upstream			
ゔぃんせんと	レオス・ヴィンセント	人名	人名	人名	upstream			
れおす	レオス・ヴィンセント	人名	人名	人名	upstream			
れおたーどぶた	レオタードブタ	人名	人名	人名	upstream			
ぶた	レオタードブタ	人名	人名	人名	upstream			
れぐるしゅらいおんはーと	レグルシュ・ライオンハート	人名	人名	人名	upstream			
れぐるしゅ	レグルシュ・ライオンハート	人名	人名	人名	upstream			
れんがとうだんしゃく	レンガ塔男爵	人名	人名	人名	upstream			
ろーずばれっと	ローズ・バレット	人名	人名	人名	upstream			
ろーず	ローズ・バレット	人名	人名	人名	upstream			
ろーれんいろあす	ローレン・イロアス	人名	人名	人名	upstream			
いろあす	ローレン・イロアス	人名	人名	人名	upstream			
いろはす	ローレン・イロアス	人名	人名	人名	upstream			
ろーれん	ローレン・イロアス	人名	人名	人名	upstream			
ろかでぃみーずてれずあまーとヴぃすこんてぃ	ロカ・ディ・ミーズ・テレズ・アマート・ヴィスコンティ	人名	人名	人名	upstream			
ろか	ロカ・ディ・ミーズ・テレズ・アマート・ヴィスコンティ	人名	人名	人名	upstream			
ろぜぶらんしぇ	ロゼ・ブランシェ	人名	人名	人名	upstream			
ろぜ	ロゼ・ブランシェ	人名	人名	人名	upstream			
ろぜーるぐらにえ	ロゼール・グラニエ	人名	人名	人名	upstream			
ぐらにえ	ロゼール・グラニエ	人名	人名	人名	upstream			
ろっしー	ロッシーちゃん	人名	人名	人名	upstream			
ろっどくろうりー	ロッド・クロウリー	人名	人名	人名	upstream			
くろうりー	ロッド・クロウリー	人名	人名	人名	upstream			
ろぼこさん	ロボ子さん	人名	人名	人名	upstream			
ろめこ	ロメ子	人名	人名	人名	upstream			
ろんぎぬすこくぶん	ロンギヌス国分	人名	人名	人名	upstream			
こくぶん	ロンギヌス国分	人名	人名	人名	upstream			
わがしあん	わがし餡	人名	人名	人名	upstream			
あん	わがし餡	人名	人名	人名	upstream			
わたあめこ	わたあめ子	人名	人名	人名	upstream			
わとそんあめりあ	ワトソン・アメリア	人名	人名	人名	upstream			
あめりあ	ワトソン・アメリア	人名	人名	人名	upstream			
わにのやか	ワニのヤカ	人名	人名	人名	upstream			
やか	ワニのヤカ	人名	人名	人名	upstream			
わんつーもあ	ワン・ツー・モア	人名	人名	人名	upstream			
もあ	ワン・ツー・モア	人名	人名	人名	upstream			
いせかいじょうちょ	ヰ世界情緒	人名	人名	人名	upstream			
おたきち	ヲタきち	人名	人名	人名	upstream			
んぬぐむ	ンヌグム	人名	人名	人名	upstream			
こやみ	고야미	人名	人名	人名	upstream			
あのんのん	亜音ノン	人名	人名	人名	upstream			
のん	亜音ノン	人名	人名	人名	upstream			
あくうかんこねる	亜空間こねる	人名	人名	人名	upstream			
こねる	亜空間こねる	人名	人名	人名	upstream			
あこえれいすけ	阿古江レイスケ	人名	人名	人名	upstream			
れいすけ	阿古江レイスケ	人名	人名	人名	upstream			
あぎょうこまこ	阿行こまこ	人名	人名	人名	upstream			
こまこ	阿行こまこ	人名	人名	人名	upstream			
あとももか	阿藤ももか	人名	人名	人名	upstream			
ももか	阿藤ももか	人名	人名	人名	upstream			
いのち	阿命	人名	人名	人名	upstream			
あざ	阿萨	人名	人名	人名	upstream			
あいぞの	愛園	人名	人名	人名	upstream			
あいぞのまなみ	愛園愛美	人名	人名	人名	upstream			
まなみ	愛園愛美	人名	人名	人名	upstream			
えのみやみるく	愛宮みるく	人名	人名	人名	upstream			
みるく	愛宮みるく	人名	人名	人名	upstream			
あおいりほ	愛結りほ	人名	人名	人名	upstream			
りほ	愛結りほ	人名	人名	人名	upstream			
うさきよつのは	愛咲よつのは	人名	人名	人名	upstream			
よつのは	愛咲よつのは	人名	人名	人名	upstream			
あいすのゆり	愛守ノユリ	人名	人名	人名	upstream			
のゆり	愛守ノユリ	人名	人名	人名	upstream			
あいせゆりあ	愛瀬ユリア	人名	人名	人名	upstream			
ゆりあ	愛瀬ユリア	人名	人名	人名	upstream			
まなおせな	愛尾セナ	人名	人名	人名	upstream			
せな	愛尾セナ	人名	人名	人名	upstream			
まなおちかげ	愛尾ちかげ	人名	人名	人名	upstream			
ちかげ	愛尾ちかげ	人名	人名	人名	upstream			
まなおみすず	愛尾みすず	人名	人名	人名	upstream			
あいさかまの	逢坂まの	人名	人名	人名	upstream			
まの	逢坂まの	人名	人名	人名	upstream			
おうまきらら	逢魔きらら	人名	人名	人名	upstream			
きらら	逢魔きらら	人名	人名	人名	upstream			
おうむ	逢夢	人名	人名	人名	upstream			
あおいはーぜぎゅんしゅながせ	葵=ハーゼ=ギュンシュ=長瀬	人名	人名	人名	upstream			
ながせ	葵=ハーゼ=ギュンシュ=長瀬	人名	人名	人名	upstream			
あおいよしの	葵よしの	人名	人名	人名	upstream			
よしの	葵よしの	人名	人名	人名	upstream			
あおいわさび	葵わさび	人名	人名	人名	upstream			
わさび	葵わさび	人名	人名	人名	upstream			
あおいさくや	葵桜玖耶	人名	人名	人名	upstream			
さくや	葵桜玖耶	人名	人名	人名	upstream			
あかねかんな	茜音カンナ	人名	人名	人名	upstream			
かんな	茜音カンナ	人名	人名	人名	upstream			
あくまのめむめむ	悪魔のメムメム	人名	人名	人名	upstream			
めむめむ	悪魔のメムメム	人名	人名	人名	upstream			
あさひなもね	旭奈モネ	人名	人名	人名	upstream			
もね	旭奈モネ	人名	人名	人名	upstream			
あしえだれんり	芦枝レンリ	人名	人名	人名	upstream			
れんり	芦枝レンリ	人名	人名	人名	upstream			
あしだれに	芦田レニ	人名	人名	人名	upstream			
れに	芦田レニ	人名	人名	人名	upstream			
あしざわさき	芦澤サキ	人名	人名	人名	upstream			
さき	芦澤サキ	人名	人名	人名	upstream			
あずせゆえ	梓星ゆえ	人名	人名	人名	upstream			
ゆえ	梓星ゆえ	人名	人名	人名	upstream			
あめめめろ	飴芽めろ	人名	人名	人名	upstream			
めろ	飴芽めろ	人名	人名	人名	upstream			
あめみやむに	飴宮むに	人名	人名	人名	upstream			
むに	飴宮むに	人名	人名	人名	upstream			
あめたばすずらん	飴束すずらん	人名	人名	人名	upstream			
すずらん	飴束すずらん	人名	人名	人名	upstream			
あやづきいろか	絢月彩楓	人名	人名	人名	upstream			
いろか	絢月彩楓	人名	人名	人名	upstream			
あやさかきほ	綾坂希穂	人名	人名	人名	upstream			
きほ	綾坂希穂	人名	人名	人名	upstream			
あやせまりー	綾瀬マリー	人名	人名	人名	upstream			
あやまえかのん	綾前叶音	人名	人名	人名	upstream			
かのん	綾前叶音	人名	人名	人名	upstream			
あるせいぬ	或世イヌ	人名	人名	人名	upstream			
いぬ	或世イヌ	人名	人名	人名	upstream			
あるふぁゆうひ	或葉ユウヒ	人名	人名	人名	upstream			
ゆうひ	或葉ユウヒ	人名	人名	人名	upstream			
やすだとうり	安田灯李	人名	人名	人名	upstream			
とうり	安田灯李	人名	人名	人名	upstream			
あづちもも	安土桃	人名	人名	人名	upstream			
あずち	安土桃	人名	人名	人名	upstream			
もも	安土桃	人名	人名	人名	upstream			
あんのあかり	安野朱璃	人名	人名	人名	upstream			
あかり	安野朱璃	人名	人名	人名	upstream			
あんくららまっくら	暗昏ラ・マックラ	人名	人名	人名	upstream			
まっくら	暗昏ラ・マックラ	人名	人名	人名	upstream			
やみかわいふ	闇河イフ	人名	人名	人名	upstream			
いふ	闇河イフ	人名	人名	人名	upstream			
やみとりりんね	闇鳥リンネ	人名	人名	人名	upstream			
りんね	闇鳥リンネ	人名	人名	人名	upstream			
やみよさくら	闇夜桜	人名	人名	人名	upstream			
さくら	闇夜桜	人名	人名	人名	upstream			
やみよの	闇夜乃	人名	人名	人名	upstream			
やみよのもるる	闇夜乃モルル	人名	人名	人名	upstream			
もるる	闇夜乃モルル	人名	人名	人名	upstream			
やみようせいてぃー	闇妖精ティー	人名	人名	人名	upstream			
てぃー	闇妖精ティー	人名	人名	人名	upstream			
くらまつむぎ	鞍馬つむぎ	人名	人名	人名	upstream			
つむぎ	鞍馬つむぎ	人名	人名	人名	upstream			
あんどゆげ	杏戸ゆげ	人名	人名	人名	upstream			
ゆげ	杏戸ゆげ	人名	人名	人名	upstream			
あんにんしずく	杏仁しずく	人名	人名	人名	upstream			
しずく	杏仁しずく	人名	人名	人名	upstream			
あんにんみる	杏仁ミル	人名	人名	人名	upstream			
みる	杏仁ミル	人名	人名	人名	upstream			
あんやくもり	杏夜くもり	人名	人名	人名	upstream			
くもり	杏夜くもり	人名	人名	人名	upstream			
いつきまりあ	伊月マリア	人名	人名	人名	upstream			
まりあ	伊月マリア	人名	人名	人名	upstream			
いつきちせ	伊月知世	人名	人名	人名	upstream			
ちせ	伊月知世	人名	人名	人名	upstream			
いおりねめあ	伊織ねめあ	人名	人名	人名	upstream			
ねめあ	伊織ねめあ	人名	人名	人名	upstream			
いみ	伊深	人名	人名	人名	upstream			
いぶきれと	伊吹レト	人名	人名	人名	upstream			
れと	伊吹レト	人名	人名	人名	upstream			
だてきょうこ	伊達杏子	人名	人名	人名	upstream			
きょうこ	伊達杏子	人名	人名	人名	upstream			
だてまきおはぎ	伊達巻おはぎ	人名	人名	人名	upstream			
おはぎ	伊達巻おはぎ	人名	人名	人名	upstream			
いとうゆな	伊冬ユナ	人名	人名	人名	upstream			
いとうらいふ	伊東ライフ	人名	人名	人名	upstream			
らいふ	伊東ライフ	人名	人名	人名	upstream			
いとうゆうと	伊東悠人	人名	人名	人名	upstream			
ゆうと	伊東悠人	人名	人名	人名	upstream			
いゔ	伊舞	人名	人名	人名	upstream			
いきのかたり	伊木乃カタリ	人名	人名	人名	upstream			
かたり	伊木乃カタリ	人名	人名	人名	upstream			
なせばなる	為瀬羽なる	人名	人名	人名	upstream			
なる	為瀬羽なる	人名	人名	人名	upstream			
いこいのゔぁ	衣恋ノヴァ	人名	人名	人名	upstream			
のゔぁ	衣恋ノヴァ	人名	人名	人名	upstream			
いしこるにくす	医師コルニクス	人名	人名	人名	upstream			
いくらけい	育良ケイ	人名	人名	人名	upstream			
けい	育良ケイ	人名	人名	人名	upstream			
いくらけいいちろう	育良啓一郎	人名	人名	人名	upstream			
けいいちろう	育良啓一郎	人名	人名	人名	upstream			
いちのせうるは	一ノ瀬うるは	人名	人名	人名	upstream			
うるは	一ノ瀬うるは	人名	人名	人名	upstream			
いちのせえるま	一ノ瀬エルマ	人名	人名	人名	upstream			
えるま	一ノ瀬エルマ	人名	人名	人名	upstream			
ひとあしととと	一葦ととと	人名	人名	人名	upstream			
ととと	一葦ととと	人名	人名	人名	upstream			
にのまえいなにす	一伊那尓栖	人名	人名	人名	upstream			
いなにす	一伊那尓栖	人名	人名	人名	upstream			
いちご	一果	人名	人名	人名	upstream			
いっかく	一角	人名	人名	人名	upstream			
いちか	一叶	人名	人名	人名	upstream			
かずみやふみな	一宮史名	人名	人名	人名	upstream			
ふみな	一宮史名	人名	人名	人名	upstream			
かずえ	一恵	人名	人名	人名	upstream			
いちじげんこ	一次元子	人名	人名	人名	upstream			
げんこ	一次元子	人名	人名	人名	upstream			
ひとふたきり	一二桐	人名	人名	人名	upstream			
きり	一二桐	人名	人名	人名	upstream			
ひふみあゆ	一二美アユ	人名	人名	人名	upstream			
あゆ	一二美アユ	人名	人名	人名	upstream			
ひふみてん	一二美テン	人名	人名	人名	upstream			
てん	一二美テン	人名	人名	人名	upstream			
ひふみのわ	一二美ノワ	人名	人名	人名	upstream			
のわ	一二美ノワ	人名	人名	人名	upstream			
いちもんじまや	一文字マヤ	人名	人名	人名	upstream			
まや	一文字マヤ	人名	人名	人名	upstream			
ひとよひとよ	一夜一世	人名	人名	人名	upstream			
いっしょうけん	一翔剣	人名	人名	人名	upstream			
よしだひさのり	一翔剣	人名	人名	人名	upstream			
ひとはりぬい	一鍼ヌイ	人名	人名	人名	upstream			
ぬい	一鍼ヌイ	人名	人名	人名	upstream			
いぶきれむ	一颯れむ	人名	人名	人名	upstream			
れむ	一颯れむ	人名	人名	人名	upstream			
ひゃくまんてんばらさろめ	壱百満天原サロメ	人名	人名	人名	upstream			
さろめ	壱百満天原サロメ	人名	人名	人名	upstream			
いなりいろは	稲荷いろは	人名	人名	人名	upstream			
いろは	稲荷いろは	人名	人名	人名	upstream			
いなりえんじゅ	稲荷えんじゅ	人名	人名	人名	upstream			
えんじゅ	稲荷えんじゅ	人名	人名	人名	upstream			
いなりくろむ	稲荷くろむ	人名	人名	人名	upstream			
くろむ	稲荷くろむ	人名	人名	人名	upstream			
いなりこまち	稲荷こまち	人名	人名	人名	upstream			
こまち	稲荷こまち	人名	人名	人名	upstream			
いなりつくね	稲荷つくね	人名	人名	人名	upstream			
つくね	稲荷つくね	人名	人名	人名	upstream			
いなりはち	稲荷ハチ	人名	人名	人名	upstream			
はち	稲荷ハチ	人名	人名	人名	upstream			
いばらひより	茨ひより	人名	人名	人名	upstream			
ひより	茨ひより	人名	人名	人名	upstream			
いなばはねる	因幡はねる	人名	人名	人名	upstream			
はねる	因幡はねる	人名	人名	人名	upstream			
うるふくれあ	宇月伏くれあ	人名	人名	人名	upstream			
くれあ	宇月伏くれあ	人名	人名	人名	upstream			
うさもとあんな	宇佐元杏奈	人名	人名	人名	upstream			
あんな	宇佐元杏奈	人名	人名	人名	upstream			
うさみみこ	宇佐美みこ	人名	人名	人名	upstream			
みこ	宇佐美みこ	人名	人名	人名	upstream			
うさみゆの	宇佐美ユノ	人名	人名	人名	upstream			
ゆの	宇佐美ユノ	人名	人名	人名	upstream			
うしみ	宇志海	姓	姓	人名	upstream			
うしみいちご	宇志海いちご	人名	人名	人名	upstream			
いちご	宇志海いちご	人名	人名	人名	upstream			
うもりひなこ	宇森ひなこ	人名	人名	人名	upstream			
ひなこ	宇森ひなこ	人名	人名	人名	upstream			
うちゅうかいじゅうあんちん	宇宙怪獣アンチン	人名	人名	人名	upstream			
あんちん	宇宙怪獣アンチン	人名	人名	人名	upstream			
さいだー	宇宙人Psyder	人名	人名	人名	upstream			
うつぎさわ	宇津木沙和	人名	人名	人名	upstream			
さわ	宇津木沙和	人名	人名	人名	upstream			
うぱこるう	宇芭湖るう	人名	人名	人名	upstream			
るう	宇芭湖るう	人名	人名	人名	upstream			
からすうりくろね	烏瓜くろね	人名	人名	人名	upstream			
くろね	烏瓜くろね	人名	人名	人名	upstream			
しのび	烏瓜くろね	人名	人名	人名	upstream			
からすまるさき	烏丸さき	人名	人名	人名	upstream			
さき	烏丸さき	人名	人名	人名	upstream			
からすまとばり	烏丸帷	人名	人名	人名	upstream			
とばり	烏丸帷	人名	人名	人名	upstream			
はねうずみうねる	羽渦ミウネル	人名	人名	人名	upstream			
みうねる	羽渦ミウネル	人名	人名	人名	upstream			
はびきのしゃうら	羽曳野シャウラ	人名	人名	人名	upstream			
しゃうら	羽曳野シャウラ	人名	人名	人名	upstream			
はのん	羽音	人名	人名	人名	upstream			
はねみやのあ	羽宮のあ	人名	人名	人名	upstream			
のあ	羽宮のあ	人名	人名	人名	upstream			
うつぎうゆ	羽継烏有	人名	人名	人名	upstream			
うゆ	羽継烏有	人名	人名	人名	upstream			
うづきちい	羽月ちい	人名	人名	人名	upstream			
ちい	羽月ちい	人名	人名	人名	upstream			
はつかちゆ	羽月奏ちゆ	人名	人名	人名	upstream			
ちゆ	羽月奏ちゆ	人名	人名	人名	upstream			
はづきゆうか	羽月悠架	人名	人名	人名	upstream			
ゆうか	羽月悠架	人名	人名	人名	upstream			
はばらゆとり	羽原ゆとり	人名	人名	人名	upstream			
ゆとり	羽原ゆとり	人名	人名	人名	upstream			
はぐろにちか	羽黒ニチカ	人名	人名	人名	upstream			
にちか	羽黒ニチカ	人名	人名	人名	upstream			
うさきらび	羽咲らび	人名	人名	人名	upstream			
らび	羽咲らび	人名	人名	人名	upstream			
はねたちか	羽子田チカ	人名	人名	人名	upstream			
ちか	羽子田チカ	人名	人名	人名	upstream			
はしばなつみ	羽柴なつみ	人名	人名	人名	upstream			
なつみ	羽柴なつみ	人名	人名	人名	upstream			
はしばこうみ	羽柴紅魅	人名	人名	人名	upstream			
こうみ	羽柴紅魅	人名	人名	人名	upstream			
ぱぶろぴかそ	羽吹呂ピカソ	人名	人名	人名	upstream			
ぴかそ	羽吹呂ピカソ	人名	人名	人名	upstream			
うちすずめ	羽地すずめ	人名	人名	人名	upstream			
すずめ	羽地すずめ	人名	人名	人名	upstream			
ぱろま	羽呂真	人名	人名	人名	upstream			
あまがさきえこ	雨ヶ崎笑虹	人名	人名	人名	upstream			
えこ	雨ヶ崎笑虹	人名	人名	人名	upstream			
あめがやむー	雨ヶ谷むー	人名	人名	人名	upstream			
むー	雨ヶ谷むー	人名	人名	人名	upstream			
あまねまもる	雨音マモル	人名	人名	人名	upstream			
まもる	雨音マモル	人名	人名	人名	upstream			
あましたかいと	雨下カイト	人名	人名	人名	upstream			
かいと	雨下カイト	人名	人名	人名	upstream			
あめみやせっか	雨宮セッカ	人名	人名	人名	upstream			
せっか	雨宮セッカ	人名	人名	人名	upstream			
あめみやぴと	雨宮ぴと	人名	人名	人名	upstream			
ぴと	雨宮ぴと	人名	人名	人名	upstream			
あまみやめい	雨宮メイ	人名	人名	人名	upstream			
めい	雨宮メイ	人名	人名	人名	upstream			
あまかげしおり	雨景識織	人名	人名	人名	upstream			
しおり	雨景識織	人名	人名	人名	upstream			
あまやどれいん	雨宿れいん	人名	人名	人名	upstream			
れいん	雨宿れいん	人名	人名	人名	upstream			
あめもりさよ	雨森小夜	人名	人名	人名	upstream			
さよ	雨森小夜	人名	人名	人名	upstream			
あめごえしと	雨声シト	人名	人名	人名	upstream			
しと	雨声シト	人名	人名	人名	upstream			
あめまちわたげ	雨町わたげ	人名	人名	人名	upstream			
わたげ	雨町わたげ	人名	人名	人名	upstream			
あめほうきゆき	雨彗ユキ	人名	人名	人名	upstream			
ゆき	雨彗ユキ	人名	人名	人名	upstream			
あめゆりなむふぉん	雨閖ナムフォン	人名	人名	人名	upstream			
なむふぉん	雨閖ナムフォン	人名	人名	人名	upstream			
あめき	雨纪	人名	人名	人名	upstream			
うづきあさひ	卯月あさひ	人名	人名	人名	upstream			
あさひ	卯月あさひ	人名	人名	人名	upstream			
うづきこう	卯月コウ	人名	人名	人名	upstream			
こう	卯月コウ	人名	人名	人名	upstream			
うさみりりか	卯紗美りりか	人名	人名	人名	upstream			
りりか	卯紗美りりか	人名	人名	人名	upstream			
うづかのいれ	卯束のいれ	人名	人名	人名	upstream			
のいれ	卯束のいれ	人名	人名	人名	upstream			
うしおてぃあ	丑牡てぃあ	人名	人名	人名	upstream			
てぃあ	丑牡てぃあ	人名	人名	人名	upstream			
うしわかしの	丑若しの	人名	人名	人名	upstream			
しの	丑若しの	人名	人名	人名	upstream			
うたえもんふぁにー	唄円門ファニー	人名	人名	人名	upstream			
ふぁにー	唄円門ファニー	人名	人名	人名	upstream			
うらかわもね	浦川もね	人名	人名	人名	upstream			
もね	浦川もね	人名	人名	人名	upstream			
うるうづきなこ	閏月ナコ	人名	人名	人名	upstream			
なこ	閏月ナコ	人名	人名	人名	upstream			
くもいすずろ	雲居すずろ	人名	人名	人名	upstream			
すずろ	雲居すずろ	人名	人名	人名	upstream			
くものしえる	雲乃しえる	人名	人名	人名	upstream			
しえる	雲乃しえる	人名	人名	人名	upstream			
きららみみ	雲母ミミ	人名	人名	人名	upstream			
みみ	雲母ミミ	人名	人名	人名	upstream			
かげやましえん	影山シエン	人名	人名	人名	upstream			
しえん	影山シエン	人名	人名	人名	upstream			
ながいこうと	永維コウト	人名	人名	人名	upstream			
こうと	永維コウト	人名	人名	人名	upstream			
とわみはね	永遠みはね	人名	人名	人名	upstream			
みはね	永遠みはね	人名	人名	人名	upstream			
とわるい	永久累	人名	人名	人名	upstream			
るい	永久累	人名	人名	人名	upstream			
ながせれいこ	永瀬麗子	人名	人名	人名	upstream			
れいこ	永瀬麗子	人名	人名	人名	upstream			
はなぶさりさ	英リサ	人名	人名	人名	upstream			
りさ	英リサ	人名	人名	人名	upstream			
なせら	나세라	人名	人名	人名	upstream			
かみやゆう	榎宮祐	人名	人名	人名	upstream			
ゆう	榎宮祐	人名	人名	人名	upstream			
そのからみ	園火らみ	人名	人名	人名	upstream			
らみ	園火らみ	人名	人名	人名	upstream			
そのはらあいり	園原あいり	人名	人名	人名	upstream			
あいり	園原あいり	人名	人名	人名	upstream			
そのざきなくら	園崎ナクラ	人名	人名	人名	upstream			
なくら	園崎ナクラ	人名	人名	人名	upstream			
せきしろみこ	堰代ミコ	人名	人名	人名	upstream			
みこ	堰代ミコ	人名	人名	人名	upstream			
えんやあつし	炎矢アツシ	人名	人名	人名	upstream			
あつし	炎矢アツシ	人名	人名	人名	upstream			
ほむらぎぱいろ	焔機パイロ	人名	人名	人名	upstream			
ぱいろ	焔機パイロ	人名	人名	人名	upstream			
えんまるり	焔魔るり	人名	人名	人名	upstream			
るり	焔魔るり	人名	人名	人名	upstream			
さるがくちょうふたば	猿楽町双葉	人名	人名	人名	upstream			
ふたば	猿楽町双葉	人名	人名	人名	upstream			
さるばやしれす	猿林レス	人名	人名	人名	upstream			
れす	猿林レス	人名	人名	人名	upstream			
えみしうか	縁うか	人名	人名	人名	upstream			
うか	縁うか	人名	人名	人名	upstream			
えんむすび	縁むすび	人名	人名	人名	upstream			
むすび	縁むすび	人名	人名	人名	upstream			
えんすいゆうと	縁翠結途	人名	人名	人名	upstream			
ゆうと	縁翠結途	人名	人名	人名	upstream			
とおさかそにあ	遠坂ソニア	人名	人名	人名	upstream			
そにあ	遠坂ソニア	人名	人名	人名	upstream			
とおさかゆら	遠坂ユラ	人名	人名	人名	upstream			
ゆら	遠坂ユラ	人名	人名	人名	upstream			
えんどうれいむ	遠藤霊夢	人名	人名	人名	upstream			
れいむ	遠藤霊夢	人名	人名	人名	upstream			
あちきた	遠北	姓	姓	人名	upstream			
あちきたちなみ	遠北千南	人名	人名	人名	upstream			
ちなみ	遠北千南	人名	人名	人名	upstream			
とおのりおな	遠野莉緒奈	人名	人名	人名	upstream			
りおな	遠野莉緒奈	人名	人名	人名	upstream			
しおやむつ	塩屋むつ	人名	人名	人名	upstream			
むつ	塩屋むつ	人名	人名	人名	upstream			
しおやめると	塩谷メルト	人名	人名	人名	upstream			
めると	塩谷メルト	人名	人名	人名	upstream			
しおてんしりえる	塩天使リエル	人名	人名	人名	upstream			
りえる	塩天使リエル	人名	人名	人名	upstream			
おくざしきさち	奥屋敷さち	人名	人名	人名	upstream			
さち	奥屋敷さち	人名	人名	人名	upstream			
おくとぱちこ	奥戸８子	人名	人名	人名	upstream			
ぱちこ	奥戸８子	人名	人名	人名	upstream			
おくざしきさち	奥座敷さち	人名	人名	人名	upstream			
さち	奥座敷さち	人名	人名	人名	upstream			
よこいびっとこ	横井bit子	人名	人名	人名	upstream			
びっとこ	横井bit子	人名	人名	人名	upstream			
おぱーる	欧珀	人名	人名	人名	upstream			
おうまるさくらこ	王丸櫻子	人名	人名	人名	upstream			
さくらこ	王丸櫻子	人名	人名	人名	upstream			
わんたお	王太鳳	人名	人名	人名	upstream			
わんだお	王太鳳	人名	人名	人名	upstream			
おうりおくる	王里オクル	人名	人名	人名	upstream			
おくる	王里オクル	人名	人名	人名	upstream			
きのほしつくり	黄ノ星つくり	人名	人名	人名	upstream			
つくり	黄ノ星つくり	人名	人名	人名	upstream			
おうかはてな	黄花はてな	人名	人名	人名	upstream			
はてな	黄花はてな	人名	人名	人名	upstream			
こがねりつ	黄金リツ	人名	人名	人名	upstream			
りつ	黄金リツ	人名	人名	人名	upstream			
たそがれけんま	黄昏ケンマ	人名	人名	人名	upstream			
けんま	黄昏ケンマ	人名	人名	人名	upstream			
きこちゃん	黄子ちゃん	人名	人名	人名	upstream			
きせまこ	黄瀬まこ	人名	人名	人名	upstream			
まこ	黄瀬まこ	人名	人名	人名	upstream			
おうまいはすた	黄舞ハスタ	人名	人名	人名	upstream			
はすた	黄舞ハスタ	人名	人名	人名	upstream			
きなしゆらり	黄梨ゆらり	人名	人名	人名	upstream			
ゆらり	黄梨ゆらり	人名	人名	人名	upstream			
きなしりんご	黄梨りんご	人名	人名	人名	upstream			
りんご	黄梨りんご	人名	人名	人名	upstream			
おかざきつかさ	岡崎つかさ	人名	人名	人名	upstream			
つかさ	岡崎つかさ	人名	人名	人名	upstream			
おくりもな	億里モナ	人名	人名	人名	upstream			
もな	億里モナ	人名	人名	人名	upstream			
ぼたんきぃ	牡丹きぃ	人名	人名	人名	upstream			
きぃ	牡丹きぃ	人名	人名	人名	upstream			
ぼたもちかず	牡丹餅かず	人名	人名	人名	upstream			
かず	牡丹餅かず	人名	人名	人名	upstream			
おつかれい	乙夏れい	人名	人名	人名	upstream			
れい	乙夏れい	人名	人名	人名	upstream			
おとはなくらりす	乙花クラリス	人名	人名	人名	upstream			
くらりす	乙花クラリス	人名	人名	人名	upstream			
おとめおと	乙女おと	人名	人名	人名	upstream			
おと	乙女おと	人名	人名	人名	upstream			
おつふじねね	乙藤寧々	人名	人名	人名	upstream			
ねね	乙藤寧々	人名	人名	人名	upstream			
おとひめつづり	乙姫つづり	人名	人名	人名	upstream			
つづり	乙姫つづり	人名	人名	人名	upstream			
おとわなずな	音羽なずな	人名	人名	人名	upstream			
なずな	音羽なずな	人名	人名	人名	upstream			
おとはねらら	音羽ララ	人名	人名	人名	upstream			
らら	音羽ララ	人名	人名	人名	upstream			
おとわしずく	音羽雫	人名	人名	人名	upstream			
しずく	音羽雫	人名	人名	人名	upstream			
おとはそら	音羽奏來	人名	人名	人名	upstream			
そら	音羽奏來	人名	人名	人名	upstream			
おとかげかな	音影カナ	人名	人名	人名	upstream			
かな	音影カナ	人名	人名	人名	upstream			
ねねつぐねね	音々継ねね	人名	人名	人名	upstream			
ねね	音々継ねね	人名	人名	人名	upstream			
おとのねしらべ	音音調	人名	人名	人名	upstream			
しらべ	音音調	人名	人名	人名	upstream			
おとぎねむ	音伽ねむ	人名	人名	人名	upstream			
ねむ	音伽ねむ	人名	人名	人名	upstream			
おとは	音花	人名	人名	人名	upstream			
おとねりちる	音海リチル	人名	人名	人名	upstream			
りちる	音海リチル	人名	人名	人名	upstream			
ねことかなみ	音琴かなみ	人名	人名	人名	upstream			
かなみ	音琴かなみ	人名	人名	人名	upstream			
おとえだゆか	音枝優日	人名	人名	人名	upstream			
ゆか	音枝優日	人名	人名	人名	upstream			
おといま	音紡いま	人名	人名	人名	upstream			
いま	音紡いま	人名	人名	人名	upstream			
おとまたるか	音俣るか	人名	人名	人名	upstream			
るか	音俣るか	人名	人名	人名	upstream			
おとなしくおん	音無くおん	人名	人名	人名	upstream			
くおん	音無くおん	人名	人名	人名	upstream			
おとなしむおん	音無むおん	人名	人名	人名	upstream			
むおん	音無むおん	人名	人名	人名	upstream			
おとなしりずむ	音無りずむ	人名	人名	人名	upstream			
りずむ	音無りずむ	人名	人名	人名	upstream			
おとなしさら	音無咲良	人名	人名	人名	upstream			
さら	音無咲良	人名	人名	人名	upstream			
おとのはなほ	音葉なほ	人名	人名	人名	upstream			
なほ	音葉なほ	人名	人名	人名	upstream			
おとはねね	音葉ねね	人名	人名	人名	upstream			
ねね	音葉ねね	人名	人名	人名	upstream			
おとだまたまこ	音霊魂子	人名	人名	人名	upstream			
たまこ	音霊魂子	人名	人名	人名	upstream			
あだしのみよ	化野みよ	人名	人名	人名	upstream			
みよ	化野みよ	人名	人名	人名	upstream			
かそうつなぐ	仮想繋	人名	人名	人名	upstream			
つなぐ	仮想繋	人名	人名	人名	upstream			
かそうむすめぴま	仮想娘ぴま	人名	人名	人名	upstream			
ぴま	仮想娘ぴま	人名	人名	人名	upstream			
かめんちゅーばーごう	仮面チューバー剛	人名	人名	人名	upstream			
ごう	仮面チューバー剛	人名	人名	人名	upstream			
もやし	仮面ライバーもやし	人名	人名	人名	upstream			
がらんれい	伽藍怜	人名	人名	人名	upstream			
れい	伽藍怜	人名	人名	人名	upstream			
かがおれん	加賀オレン	人名	人名	人名	upstream			
おれん	加賀オレン	人名	人名	人名	upstream			
かがみ	加賀美	人名	人名	人名	upstream			
かがみはやと	加賀美ハヤト	人名	人名	人名	upstream			
はやと	加賀美ハヤト	人名	人名	人名	upstream			
かふ	可不	人名	人名	人名	upstream			
なつざきむむ	夏咲むむ	人名	人名	人名	upstream			
むむ	夏咲むむ	人名	人名	人名	upstream			
なつみもえ	夏実萌恵	人名	人名	人名	upstream			
もえ	夏実萌恵	人名	人名	人名	upstream			
なつきなつ	夏樹ナツ	人名	人名	人名	upstream			
なつ	夏樹ナツ	人名	人名	人名	upstream			
なついろまつり	夏色まつり	人名	人名	人名	upstream			
まつり	夏色まつり	人名	人名	人名	upstream			
なつかわみれい	夏川美玲	人名	人名	人名	upstream			
みれい	夏川美玲	人名	人名	人名	upstream			
なっとう	夏灯	人名	人名	人名	upstream			
なつめなな	夏梅なな	人名	人名	人名	upstream			
なな	夏梅なな	人名	人名	人名	upstream			
なつめしし	夏目シシ	人名	人名	人名	upstream			
しし	夏目シシ	人名	人名	人名	upstream			
なつめはる	夏目ハル	人名	人名	人名	upstream			
はる	夏目ハル	人名	人名	人名	upstream			
なつのましろ	夏野ましろ	人名	人名	人名	upstream			
ましろ	夏野ましろ	人名	人名	人名	upstream			
よめのもえみ	嫁ノ萌実	人名	人名	人名	upstream			
もえみ	嫁ノ萌実	人名	人名	人名	upstream			
いえいつくよ	家居つくよ	人名	人名	人名	upstream			
つくよ	家居つくよ	人名	人名	人名	upstream			
やもりふみ	家守ふみ	人名	人名	人名	upstream			
ふみ	家守ふみ	人名	人名	人名	upstream			
いえなが	家長	人名	人名	人名	upstream			
いえながむぎ	家長むぎ	人名	人名	人名	upstream			
むぎ	家長むぎ	人名	人名	人名	upstream			
かていきょうこ	家庭教子	人名	人名	人名	upstream			
きょうこ	家庭教子	人名	人名	人名	upstream			
いえいりぽぽ	家入ポポ	人名	人名	人名	upstream			
ぽぽ	家入ポポ	人名	人名	人名	upstream			
うたいあずみ	歌衣アズミ	人名	人名	人名	upstream			
あずみ	歌衣アズミ	人名	人名	人名	upstream			
うたいめいか	歌衣メイカ	人名	人名	人名	upstream			
めいか	歌衣メイカ	人名	人名	人名	upstream			
うたばこたつ	歌葉こたつ	人名	人名	人名	upstream			
こたつ	歌葉こたつ	人名	人名	人名	upstream			
かじかゆう	河鹿ゆう	人名	人名	人名	upstream			
ゆう	河鹿ゆう	人名	人名	人名	upstream			
こうのみやこ	河野都	人名	人名	人名	upstream			
みやこ	河野都	人名	人名	人名	upstream			
ひわたりあすか	火渡飛鳥	人名	人名	人名	upstream			
あすか	火渡飛鳥	人名	人名	人名	upstream			
ひえんまどか	火閻まどか	人名	人名	人名	upstream			
まどか	火閻まどか	人名	人名	人名	upstream			
はながさきあお	花ヶ崎あお	人名	人名	人名	upstream			
あお	花ヶ崎あお	人名	人名	人名	upstream			
はなのきまる	花ノ木まる	人名	人名	人名	upstream			
まる	花ノ木まる	人名	人名	人名	upstream			
はなくもりん	花雲りん	人名	人名	人名	upstream			
りん	花雲りん	人名	人名	人名	upstream			
はなぞのせれな	花園セレナ	人名	人名	人名	upstream			
せれな	花園セレナ	人名	人名	人名	upstream			
はながすみとうか	花霞とうか	人名	人名	人名	upstream			
とうか	花霞とうか	人名	人名	人名	upstream			
かがすみれ	花芽すみれ	人名	人名	人名	upstream			
すみれ	花芽すみれ	人名	人名	人名	upstream			
かがなずな	花芽なずな	人名	人名	人名	upstream			
なずな	花芽なずな	人名	人名	人名	upstream			
はながさいりや	花笠イリヤ	人名	人名	人名	upstream			
いりや	花笠イリヤ	人名	人名	人名	upstream			
はなまるはれる	花丸はれる	人名	人名	人名	upstream			
はれる	花丸はれる	人名	人名	人名	upstream			
かきょういんちえり	花京院ちえり	人名	人名	人名	upstream			
ちえり	花京院ちえり	人名	人名	人名	upstream			
はなこといぐさ	花琴伊草	人名	人名	人名	upstream			
いぐさ	花琴伊草	人名	人名	人名	upstream			
あとりことこ	花鶏小鳥子	人名	人名	人名	upstream			
ことこ	花鶏小鳥子	人名	人名	人名	upstream			
はなばらみつこ	花原蜜子	人名	人名	人名	upstream			
みつこ	花原蜜子	人名	人名	人名	upstream			
はなかことね	花香琴音	人名	人名	人名	upstream			
ことね	花香琴音	人名	人名	人名	upstream			
かざき	花咲	人名	人名	人名	upstream			
はなさきあやめ	花咲アヤメ	人名	人名	人名	upstream			
あやめ	花咲アヤメ	人名	人名	人名	upstream			
はなさかはるあきら	花咲はるあきら	人名	人名	人名	upstream			
はるあきら	花咲はるあきら	人名	人名	人名	upstream			
はなさきみやび	花咲みやび	人名	人名	人名	upstream			
みやび	花咲みやび	人名	人名	人名	upstream			
はなやままどか	花山円	人名	人名	人名	upstream			
まどか	花山円	人名	人名	人名	upstream			
はなもりへるし	花守へるし	人名	人名	人名	upstream			
へるし	花守へるし	人名	人名	人名	upstream			
かがみちよ	花神千代	人名	人名	人名	upstream			
ちよ	花神千代	人名	人名	人名	upstream			
はないずみじょあ	花泉じょあ	人名	人名	人名	upstream			
じょあ	花泉じょあ	人名	人名	人名	upstream			
かなでかのん	花奏かのん	人名	人名	人名	upstream			
かのん	花奏かのん	人名	人名	人名	upstream			
はなたばゆいは	花束ゆいは	人名	人名	人名	upstream			
ゆいは	花束ゆいは	人名	人名	人名	upstream			
はなまちすみれ	花町すみれ	人名	人名	人名	upstream			
かな	花那	人名	人名	人名	upstream			
はなにらあいふぇ	花韮アイフェ	人名	人名	人名	upstream			
あいふぇ	花韮アイフェ	人名	人名	人名	upstream			
はなしろちる	花白ちる	人名	人名	人名	upstream			
ちる	花白ちる	人名	人名	人名	upstream			
はなばたけちゃいか	花畑チャイカ	人名	人名	人名	upstream			
はなばたけ	花畑チャイカ	人名	人名	人名	upstream			
ちゃいか	花畑チャイカ	人名	人名	人名	upstream			
はなびしなでしこ	花菱撫子	人名	人名	人名	upstream			
なでしこ	花菱撫子	人名	人名	人名	upstream			
かふ	花譜	人名	人名	人名	upstream			
ちなたん	花牟礼ちなき	人名	人名	人名	upstream			
はなのてん	花野てん	人名	人名	人名	upstream			
てん	花野てん	人名	人名	人名	upstream			
はなのみつ	花野蜜	人名	人名	人名	upstream			
みつ	花野蜜	人名	人名	人名	upstream			
はなやぎりっか	花柳六花	人名	人名	人名	upstream			
りっか	花柳六花	人名	人名	人名	upstream			
はなざとなぎほ	花里凪帆	人名	人名	人名	upstream			
なぎほ	花里凪帆	人名	人名	人名	upstream			
かる	花留	人名	人名	人名	upstream			
はれい	花礼	人名	人名	人名	upstream			
はなすずすずめ	花鈴すずめ	人名	人名	人名	upstream			
すずめ	花鈴すずめ	人名	人名	人名	upstream			
ほあじゃお	花椒	人名	人名	人名	upstream			
はなばさみきょう	花鋏キョウ	人名	人名	人名	upstream			
きょう	花鋏キョウ	人名	人名	人名	upstream			
かづきみくる	華月みくる	人名	人名	人名	upstream			
みくる	華月みくる	人名	人名	人名	upstream			
かきょういんつばき	華香院つばき	人名	人名	人名	upstream			
つばき	華香院つばき	人名	人名	人名	upstream			
かのほのか	華野ほのか	人名	人名	人名	upstream			
ほのか	華野ほのか	人名	人名	人名	upstream			
しあるりん	霞露凜	人名	人名	人名	upstream			
りん	霞露凜	人名	人名	人名	upstream			
がらくたじゃんくろう	我楽多ジャン九郎	人名	人名	人名	upstream			
じゃんくろう	我楽多ジャン九郎	人名	人名	人名	upstream			
がおうざらめ	牙王ざらめ	人名	人名	人名	upstream			
ざらめ	牙王ざらめ	人名	人名	人名	upstream			
がおんまいまい	牙音舞米	人名	人名	人名	upstream			
まいまい	牙音舞米	人名	人名	人名	upstream			
めい	芽唯	人名	人名	人名	upstream			
がらく	蛾楽ガラ	人名	人名	人名	upstream			
がら	蛾楽ガラ	人名	人名	人名	upstream			
かもがわどいる	賀茂川ドイル	人名	人名	人名	upstream			
どいる	賀茂川ドイル	人名	人名	人名	upstream			
みやびさくら	雅さくら	人名	人名	人名	upstream			
さくら	雅さくら	人名	人名	人名	upstream			
みやびまつり	雅まつり	人名	人名	人名	upstream			
まつり	雅まつり	人名	人名	人名	upstream			
うたしろあまね	雅楽代アマネ	人名	人名	人名	upstream			
あまね	雅楽代アマネ	人名	人名	人名	upstream			
みやびくれは	雅紅羽	人名	人名	人名	upstream			
くれは	雅紅羽	人名	人名	人名	upstream			
みやびいちか	雅市華	人名	人名	人名	upstream			
いちか	雅市華	人名	人名	人名	upstream			
みやびゆきは	雅雪巴	人名	人名	人名	upstream			
ゆきは	雅雪巴	人名	人名	人名	upstream			
あいばあう	会羽あう	人名	人名	人名	upstream			
あう	会羽あう	人名	人名	人名	upstream			
かいとうらんま	怪盗乱麻	人名	人名	人名	upstream			
らんま	怪盗乱麻	人名	人名	人名	upstream			
あまねうつぼ	海音うつぼ	人名	人名	人名	upstream			
うつぼ	海音うつぼ	人名	人名	人名	upstream			
くらげとうみ	海月とうみ	人名	人名	人名	upstream			
とうみ	海月とうみ	人名	人名	人名	upstream			
みつきねう	海月ねう	人名	人名	人名	upstream			
ねう	海月ねう	人名	人名	人名	upstream			
うみつきゆる	海月ゆる	人名	人名	人名	upstream			
ゆる	海月ゆる	人名	人名	人名	upstream			
かいこうかげ	海溝かげ	人名	人名	人名	upstream			
かげ	海溝かげ	人名	人名	人名	upstream			
みかみそう	海上爽	人名	人名	人名	upstream			
そう	海上爽	人名	人名	人名	upstream			
うしおすみ	海潮すみ	人名	人名	人名	upstream			
すみ	海潮すみ	人名	人名	人名	upstream			
かいどうあすか	海堂飛鳥	人名	人名	人名	upstream			
あすか	海堂飛鳥	人名	人名	人名	upstream			
うみねこさきゅあ	海猫サキュア	人名	人名	人名	upstream			
さきゅあ	海猫サキュア	人名	人名	人名	upstream			
うみのなぎさ	海乃ナギサ	人名	人名	人名	upstream			
なぎさ	海乃ナギサ	人名	人名	人名	upstream			
うみせよつは	海妹四葉	人名	人名	人名	upstream			
よつは	海妹四葉	人名	人名	人名	upstream			
うみやしゃのかみ	海夜叉神	人名	人名	人名	upstream			
うみやしゃ	海夜叉神	人名	人名	人名	upstream			
かみ	海夜叉神	人名	人名	人名	upstream			
うみのぷるぷ	海野ぷるぷ	人名	人名	人名	upstream			
ぷるぷ	海野ぷるぷ	人名	人名	人名	upstream			
うみのにざかな	海野煮魚	人名	人名	人名	upstream			
えびさわあくあ	海老沢あくあ	人名	人名	人名	upstream			
あくあ	海老沢あくあ	人名	人名	人名	upstream			
えびざわせう	海老沢せう	人名	人名	人名	upstream			
せう	海老沢せう	人名	人名	人名	upstream			
えびならむね	海老名ラムネ	人名	人名	人名	upstream			
らむね	海老名ラムネ	人名	人名	人名	upstream			
かい	灰	人名	人名	人名	upstream			
ほのくらちかげ	灰暗チカゲ	人名	人名	人名	upstream			
ちかげ	灰暗チカゲ	人名	人名	人名	upstream			
はいみやけい	灰宮けい	人名	人名	人名	upstream			
けい	灰宮けい	人名	人名	人名	upstream			
はいづきかろら	灰月カロラ	人名	人名	人名	upstream			
かろら	灰月カロラ	人名	人名	人名	upstream			
はいばらあかね	灰原あかね	人名	人名	人名	upstream			
あかね	灰原あかね	人名	人名	人名	upstream			
はいぐろろしか	灰黒ロシカ	人名	人名	人名	upstream			
ろしか	灰黒ロシカ	人名	人名	人名	upstream			
はいねこななし	灰猫ななし	人名	人名	人名	upstream			
ななし	灰猫ななし	人名	人名	人名	upstream			
はぜる	灰泽满	人名	人名	人名	upstream			
みなもりひいろ	皆守ひいろ	人名	人名	人名	upstream			
ひいろ	皆守ひいろ	人名	人名	人名	upstream			
みなつきいずみ	皆槻和泉	人名	人名	人名	upstream			
いずみ	皆槻和泉	人名	人名	人名	upstream			
えかきまくる	絵描魔くる	人名	人名	人名	upstream			
くる	絵描魔くる	人名	人名	人名	upstream			
えふみつくも	絵文憑喪	人名	人名	人名	upstream			
つくも	絵文憑喪	人名	人名	人名	upstream			
えらんみつあ	絵藍ミツア	人名	人名	人名	upstream			
みつあ	絵藍ミツア	人名	人名	人名	upstream			
かにねこ	蟹猫	人名	人名	人名	upstream			
かに	蟹猫	人名	人名	人名	upstream			
つのまきわため	角巻わため	人名	人名	人名	upstream			
わため	角巻わため	人名	人名	人名	upstream			
つのさきりんご	角咲林檎	人名	人名	人名	upstream			
りんご	角咲林檎	人名	人名	人名	upstream			
かくばりちぐさ	角張ちぐさ	人名	人名	人名	upstream			
ちぐさ	角張ちぐさ	人名	人名	人名	upstream			
かけものつぐみ	掛物継美	人名	人名	人名	upstream			
つぐみ	掛物継美	人名	人名	人名	upstream			
かしのつくね	樫野創音	人名	人名	人名	upstream			
つくね	樫野創音	人名	人名	人名	upstream			
くずのはたまき	葛乃葉珠姫	人名	人名	人名	upstream			
たまき	葛乃葉珠姫	人名	人名	人名	upstream			
くずは	葛葉	人名	人名	人名	upstream			
つずらあも	葛龍アモ	人名	人名	人名	upstream			
あも	葛龍アモ	人名	人名	人名	upstream			
かなえ	叶	人名	人名	人名	upstream			
かな	叶	人名	人名	人名	upstream			
かなえよう	叶え葉	人名	人名	人名	upstream			
かのうすうり	叶数理	人名	人名	人名	upstream			
すうり	叶数理	人名	人名	人名	upstream			
ひみつ	叶秘蜜	人名	人名	人名	upstream			
かもみかもみ	鴨見カモミ	人名	人名	人名	upstream			
かもみ	鴨見カモミ	人名	人名	人名	upstream			
かもがみにゅう	鴨神にゅう	人名	人名	人名	upstream			
にゅう	鴨神にゅう	人名	人名	人名	upstream			
かやもりえま	栢森エマ	人名	人名	人名	upstream			
えま	栢森エマ	人名	人名	人名	upstream			
いぬいしんいちろう	乾伸一郎	人名	人名	人名	upstream			
しんいちろう	乾伸一郎	人名	人名	人名	upstream			
かんぶつひもの	乾物ひもの	人名	人名	人名	upstream			
ひもの	乾物ひもの	人名	人名	人名	upstream			
かでのこうじいっしんさい	勘解由小路一神斎	人名	人名	人名	upstream			
いっしんさい	勘解由小路一神斎	人名	人名	人名	upstream			
まきどりる	巻どりる	人名	人名	人名	upstream			
どりる	巻どりる	人名	人名	人名	upstream			
まきそうすけ	巻宗介	人名	人名	人名	upstream			
そうすけ	巻宗介	人名	人名	人名	upstream			
まきのもなか	巻乃もなか	人名	人名	人名	upstream			
もなか	巻乃もなか	人名	人名	人名	upstream			
かんまあち	柑まあち	人名	人名	人名	upstream			
まあち	柑まあち	人名	人名	人名	upstream			
ひつぎみや	棺美夜	人名	人名	人名	upstream			
みや	棺美夜	人名	人名	人名	upstream			
たまきめりあ	環メリア	人名	人名	人名	upstream			
めりあ	環メリア	人名	人名	人名	upstream			
たまきうこん	環右金	人名	人名	人名	upstream			
うこん	環右金	人名	人名	人名	upstream			
たまきさこん	環左金	人名	人名	人名	upstream			
さこん	環左金	人名	人名	人名	upstream			
めぐりよめな	環理よめな	人名	人名	人名	upstream			
よめな	環理よめな	人名	人名	人名	upstream			
あまいあめる	甘あめる	人名	人名	人名	upstream			
あめる	甘あめる	人名	人名	人名	upstream			
あまのほしちろる	甘ノ星ちろる	人名	人名	人名	upstream			
ちろる	甘ノ星ちろる	人名	人名	人名	upstream			
あまいあずき	甘衣あずき	人名	人名	人名	upstream			
あずき	甘衣あずき	人名	人名	人名	upstream			
あまえぱか	甘塩パカ	人名	人名	人名	upstream			
ぱか	甘塩パカ	人名	人名	人名	upstream			
あまねあむ	甘音あむ	人名	人名	人名	upstream			
あむ	甘音あむ	人名	人名	人名	upstream			
あまゆいもか	甘結もか	人名	人名	人名	upstream			
もか	甘結もか	人名	人名	人名	upstream			
あまさききなこ	甘咲きな粉	人名	人名	人名	upstream			
きなこ	甘咲きな粉	人名	人名	人名	upstream			
あまきいちご	甘城いちご	人名	人名	人名	upstream			
いちご	甘城いちご	人名	人名	人名	upstream			
あましろはるく	甘白はるく	人名	人名	人名	upstream			
はるく	甘白はるく	人名	人名	人名	upstream			
あまひめまかろん	甘姫まかろん	人名	人名	人名	upstream			
まかろん	甘姫まかろん	人名	人名	人名	upstream			
あまのやしゃ	甘麻埜夜沙	人名	人名	人名	upstream			
やしゃ	甘麻埜夜沙	人名	人名	人名	upstream			
あまつゆかえで	甘露かえで	人名	人名	人名	upstream			
かえで	甘露かえで	人名	人名	人名	upstream			
あまかみこのみ	甘狼このみ	人名	人名	人名	upstream			
このみ	甘狼このみ	人名	人名	人名	upstream			
かんごくみはる	監獄ミハル	人名	人名	人名	upstream			
みはる	監獄ミハル	人名	人名	人名	upstream			
みるたににいあ	看谷にぃあ	人名	人名	人名	upstream			
にぃあ	看谷にぃあ	人名	人名	人名	upstream			
みるきめい	看木メイ	人名	人名	人名	upstream			
めい	看木メイ	人名	人名	人名	upstream			
みかげみゆ	観影みゆ	人名	人名	人名	upstream			
みゆ	観影みゆ	人名	人名	人名	upstream			
みたむゔぃ	観田ムヴィ	人名	人名	人名	upstream			
むゔぃ	観田ムヴィ	人名	人名	人名	upstream			
まとりかける	間取かける	人名	人名	人名	upstream			
かんちゆう	閑地游	人名	人名	人名	upstream			
まるさんかくしかく	丸三角シカク	人名	人名	人名	upstream			
しかく	丸三角シカク	人名	人名	人名	upstream			
まるやまあかね	丸山あかね	人名	人名	人名	upstream			
あかね	丸山あかね	人名	人名	人名	upstream			
まるもちつきみ	丸餅つきみ	人名	人名	人名	upstream			
つきみ	丸餅つきみ	人名	人名	人名	upstream			
きしどうてんま	岸堂天真	人名	人名	人名	upstream			
てんま	岸堂天真	人名	人名	人名	upstream			
めとろんちゃ	眼兎龍茶	名詞	名詞	名詞	upstream			
いわながたいき	岩永太貴	人名	人名	人名	upstream			
いわいわ	岩永太貴	人名	人名	人名	upstream			
いわなが	岩永太貴	人名	人名	人名	upstream			
いわてさちこ	岩手さちこ	人名	人名	人名	upstream			
さちこ	岩手さちこ	人名	人名	人名	upstream			
きのあんどろうぃっち	喜乃・アンドロウィッチ	人名	人名	人名	upstream			
きみどりなえ	喜緑なえ	人名	人名	人名	upstream			
なえ	喜緑なえ	人名	人名	人名	upstream			
うれしのちの	嬉野ちの	人名	人名	人名	upstream			
ちの	嬉野ちの	人名	人名	人名	upstream			
きゆう	希侑	人名	人名	人名	upstream			
しびる	希维	人名	人名	人名	upstream			
きらくりめっしゅ	機巧メッシュ	人名	人名	人名	upstream			
めっしゅ	機巧メッシュ	人名	人名	人名	upstream			
いのりゆう	祈吏ユウ	人名	人名	人名	upstream			
ゆう	祈吏ユウ	人名	人名	人名	upstream			
きさきあんこ	季咲あんこ	人名	人名	人名	upstream			
あんこ	季咲あんこ	人名	人名	人名	upstream			
うすわすう	稀羽すう	人名	人名	人名	upstream			
すう	稀羽すう	人名	人名	人名	upstream			
きつべもも	貴津部桃	人名	人名	人名	upstream			
もも	貴津部桃	人名	人名	人名	upstream			
かがやきまれか	輝稀華	人名	人名	人名	upstream			
まれか	輝稀華	人名	人名	人名	upstream			
きどるみな	輝度るみな	人名	人名	人名	upstream			
るみな	輝度るみな	人名	人名	人名	upstream			
かぐやるな	輝夜月	人名	人名	人名	upstream			
るな	輝夜月	人名	人名	人名	upstream			
おにがやてん	鬼ヶ谷テン	人名	人名	人名	upstream			
てん	鬼ヶ谷テン	人名	人名	人名	upstream			
おにがしまいずも	鬼ヶ島いずも	人名	人名	人名	upstream			
いずも	鬼ヶ島いずも	人名	人名	人名	upstream			
おにがみいよ	鬼神イヨ	人名	人名	人名	upstream			
いよ	鬼神イヨ	人名	人名	人名	upstream			
きたみあゆむ	鬼多見アユム	人名	人名	人名	upstream			
あゆむ	鬼多見アユム	人名	人名	人名	upstream			
ほおずきくれは	鬼灯くれは	人名	人名	人名	upstream			
くれは	鬼灯くれは	人名	人名	人名	upstream			
ほおずきわらべ	鬼灯わらべ	人名	人名	人名	upstream			
わらべ	鬼灯わらべ	人名	人名	人名	upstream			
ほおずきしずか	鬼灯静閑	人名	人名	人名	upstream			
しずか	鬼灯静閑	人名	人名	人名	upstream			
きま	鬼间	人名	人名	人名	upstream			
ざれしまさち	戯嶋サチ	人名	人名	人名	upstream			
さち	戯嶋サチ	人名	人名	人名	upstream			
ぬんぼら	눈보라	人名	人名	人名	upstream			
ぬん	눈보라	人名	人名	人名	upstream			
よしばなこころ	吉花こころ	人名	人名	人名	upstream			
こころ	吉花こころ	人名	人名	人名	upstream			
きき	吉吉	人名	人名	人名	upstream			
よしななみ	吉七味。	人名	人名	人名	upstream			
よしのひとみ	吉乃ひとみ	人名	人名	人名	upstream			
ひとみ	吉乃ひとみ	人名	人名	人名	upstream			
きらりりー	吉良リリー	人名	人名	人名	upstream			
りりー	吉良リリー	人名	人名	人名	upstream			
ききょうちはる	桔梗ちはる	人名	人名	人名	upstream			
ちはる	桔梗ちはる	人名	人名	人名	upstream			
たちばなひなの	橘ひなの	人名	人名	人名	upstream			
ひなの	橘ひなの	人名	人名	人名	upstream			
たちばなすずは	橘涼葉	人名	人名	人名	upstream			
すずは	橘涼葉	人名	人名	人名	upstream			
きねつきのあ	杵月のあ	人名	人名	人名	upstream			
のあ	杵月のあ	人名	人名	人名	upstream			
さかまたじん	逆戟ジン	人名	人名	人名	upstream			
じん	逆戟ジン	人名	人名	人名	upstream			
くどう	久遠	人名	人名	人名	upstream			
くおんしい	久遠シイ	人名	人名	人名	upstream			
しい	久遠シイ	人名	人名	人名	upstream			
くおんたま	久遠たま	人名	人名	人名	upstream			
たま	久遠たま	人名	人名	人名	upstream			
くおんじまい	久遠寺舞	人名	人名	人名	upstream			
まい	久遠寺舞	人名	人名	人名	upstream			
くどうちとせ	久遠千歳	人名	人名	人名	upstream			
ちとせ	久遠千歳	人名	人名	人名	upstream			
くおんらん	久遠藍	人名	人名	人名	upstream			
らん	久遠藍	人名	人名	人名	upstream			
くがれお	久我レオ	人名	人名	人名	upstream			
れお	久我レオ	人名	人名	人名	upstream			
くすみねねこ	久寝ねねこ	人名	人名	人名	upstream			
ねねこ	久寝ねねこ	人名	人名	人名	upstream			
ひさかたあめ	久方雨	人名	人名	人名	upstream			
あめ	久方雨	人名	人名	人名	upstream			
くるみやなつき	久留宮夏樹	人名	人名	人名	upstream			
なつき	久留宮夏樹	人名	人名	人名	upstream			
くおりあくぅ	久檻夜くぅ	人名	人名	人名	upstream			
くおりあくう	久檻夜くぅ	人名	人名	人名	upstream			
くぅ	久檻夜くぅ	人名	人名	人名	upstream			
くう	久檻夜くぅ	人名	人名	人名	upstream			
みやつきこの	宮月コノ	人名	人名	人名	upstream			
この	宮月コノ	人名	人名	人名	upstream			
みやみみつえ	宮見ミツエ	人名	人名	人名	upstream			
みつえ	宮見ミツエ	人名	人名	人名	upstream			
みやおもえ	宮緒もえ	人名	人名	人名	upstream			
もえ	宮緒もえ	人名	人名	人名	upstream			
みやふじことら	宮藤ことら	人名	人名	人名	upstream			
ことら	宮藤ことら	人名	人名	人名	upstream			
うしまきりこ	牛巻りこ	人名	人名	人名	upstream			
りこ	牛巻りこ	人名	人名	人名	upstream			
うつろぎんのすけ	虚路銀之助	人名	人名	人名	upstream			
ぎんのすけ	虚路銀之助	人名	人名	人名	upstream			
でぃーでぃー	虚拟DD	人名	人名	人名	upstream			
ｄｄ	虚拟DD	人名	人名	人名	upstream			
いおかいふーか	魚交フーカ	人名	人名	人名	upstream			
うおずみちか	魚住チカ	人名	人名	人名	upstream			
ちか	魚住チカ	人名	人名	人名	upstream			
うおぎりいさな	魚切勇魚	人名	人名	人名	upstream			
いさな	魚切勇魚	人名	人名	人名	upstream			
かなどめゆらら	京ゆらら	人名	人名	人名	upstream			
ゆらら	京ゆらら	人名	人名	人名	upstream			
きょうごくえみーりあさつき	京極・エミーリア・皐月	人名	人名	人名	upstream			
さつき	京極・エミーリア・皐月	人名	人名	人名	upstream			
きょうかい	境界	人名	人名	人名	upstream			
はしもとまみ	橋本真実	人名	人名	人名	upstream			
まみ	橋本真実	人名	人名	人名	upstream			
はしもとあまね	橋本天茉音	人名	人名	人名	upstream			
あまね	橋本天茉音	人名	人名	人名	upstream			
はしのみずは	橋野みずは	人名	人名	人名	upstream			
みずは	橋野みずは	人名	人名	人名	upstream			
かがみきら	鏡見キラ	人名	人名	人名	upstream			
きら	鏡見キラ	人名	人名	人名	upstream			
きょうめいありす	鏡迷アリス	人名	人名	人名	upstream			
ありす	鏡迷アリス	人名	人名	人名	upstream			
ひびきゆい	響ゆい	人名	人名	人名	upstream			
ゆい	響ゆい	人名	人名	人名	upstream			
おとやじゃっく	響屋じゃっく	人名	人名	人名	upstream			
じゃっく	響屋じゃっく	人名	人名	人名	upstream			
きょうかしの	響歌シノ	人名	人名	人名	upstream			
しの	響歌シノ	人名	人名	人名	upstream			
ひびきあお	響木アオ	人名	人名	人名	upstream			
あお	響木アオ	人名	人名	人名	upstream			
あかつきおぼろ	暁おぼろ	人名	人名	人名	upstream			
おぼろ	暁おぼろ	人名	人名	人名	upstream			
あかつきちあき	暁ちあき	人名	人名	人名	upstream			
ちあき	暁ちあき	人名	人名	人名	upstream			
あかつきみかど	暁みかど	人名	人名	人名	upstream			
みかど	暁みかど	人名	人名	人名	upstream			
あかつきくらら	暁月クララ	人名	人名	人名	upstream			
くらら	暁月クララ	人名	人名	人名	upstream			
めさいやうい	極彩夜うい	人名	人名	人名	upstream			
うい	極彩夜うい	人名	人名	人名	upstream			
たまのいもなか	玉ノ井もなか	人名	人名	人名	upstream			
もなか	玉ノ井もなか	人名	人名	人名	upstream			
たまめんま	玉メンマ	人名	人名	人名	upstream			
めんま	玉メンマ	人名	人名	人名	upstream			
たまゆらいこい	玉響憩	人名	人名	人名	upstream			
いこい	玉響憩	人名	人名	人名	upstream			
たまきえりな	玉城えりな	人名	人名	人名	upstream			
たまえり	玉城えりな	人名	人名	人名	upstream			
えりな	玉城えりな	人名	人名	人名	upstream			
たまなははるか	玉那覇はるか	人名	人名	人名	upstream			
はるか	玉那覇はるか	人名	人名	人名	upstream			
きりゅうここ	桐生ココ	人名	人名	人名	upstream			
ここ	桐生ココ	人名	人名	人名	upstream			
きりばんかきこ	桐晩カキ子	人名	人名	人名	upstream			
かきこ	桐晩カキ子	人名	人名	人名	upstream			
きりのそるべ	桐野そるべ	人名	人名	人名	upstream			
そるべ	桐野そるべ	人名	人名	人名	upstream			
にしきやまむたか	錦山夢鷹	人名	人名	人名	upstream			
むたか	錦山夢鷹	人名	人名	人名	upstream			
ことみゆり	琴みゆり	人名	人名	人名	upstream			
みゆり	琴みゆり	人名	人名	人名	upstream			
ことつきてと	琴月てと	人名	人名	人名	upstream			
てと	琴月てと	人名	人名	人名	upstream			
ことぶきゆめ	琴吹ゆめ	人名	人名	人名	upstream			
ゆめ	琴吹ゆめ	人名	人名	人名	upstream			
ことのはゆきの	琴乃葉雪乃	人名	人名	人名	upstream			
ゆきの	琴乃葉雪乃	人名	人名	人名	upstream			
ことのはとわ	琴葉とわ	人名	人名	人名	upstream			
とわ	琴葉とわ	人名	人名	人名	upstream			
ことのはめぐみ	琴葉めぐみ	人名	人名	人名	upstream			
めぐみ	琴葉めぐみ	人名	人名	人名	upstream			
せりももめもり	芹桃めもり	人名	人名	人名	upstream			
めもり	芹桃めもり	人名	人名	人名	upstream			
ちかいにーな	近井にーな	人名	人名	人名	upstream			
にーな	近井にーな	人名	人名	人名	upstream			
きんぎょざかめいろ	金魚坂めいろ	人名	人名	人名	upstream			
めいろ	金魚坂めいろ	人名	人名	人名	upstream			
かねくまこはく	金熊こはく	人名	人名	人名	upstream			
こはく	金熊こはく	人名	人名	人名	upstream			
かねぐまきけん	金熊鬼奸	人名	人名	人名	upstream			
きけん	金熊鬼奸	人名	人名	人名	upstream			
きんげつゆり	金月優離	人名	人名	人名	upstream			
ゆり	金月優離	人名	人名	人名	upstream			
こんごういろは	金剛いろは	人名	人名	人名	upstream			
ごんごん	金剛いろは	人名	人名	人名	upstream			
いろは	金剛いろは	人名	人名	人名	upstream			
きんじしのるー	金獅子のルー	人名	人名	人名	upstream			
るー	金獅子のルー	人名	人名	人名	upstream			
かねしろいなり	金社いなり	人名	人名	人名	upstream			
いなり	金社いなり	人名	人名	人名	upstream			
かねだあひる	金田あひる	人名	人名	人名	upstream			
あひる	金田あひる	人名	人名	人名	upstream			
かなひらあめ	金平あめ	人名	人名	人名	upstream			
あめ	金平あめ	人名	人名	人名	upstream			
しろがねめくる	銀めくる	人名	人名	人名	upstream			
めくる	銀めくる	人名	人名	人名	upstream			
いちょうあきほ	銀杏アキホ	人名	人名	人名	upstream			
あきほ	銀杏アキホ	人名	人名	人名	upstream			
ぎんがありす	銀河アリス	人名	人名	人名	upstream			
ありす	銀河アリス	人名	人名	人名	upstream			
ぎんじょうさいね	銀城サイネ	人名	人名	人名	upstream			
さいね	銀城サイネ	人名	人名	人名	upstream			
ぎんこうさい	銀虹彩	人名	人名	人名	upstream			
さい	銀虹彩	人名	人名	人名	upstream			
ぎんねこななし	銀猫ななし	人名	人名	人名	upstream			
ななし	銀猫ななし	人名	人名	人名	upstream			
くらくらい	九楽ライ	人名	人名	人名	upstream			
らい	九楽ライ	人名	人名	人名	upstream			
つくも	九十九	人名	人名	人名	upstream			
つくもつこ	九十九つこ	人名	人名	人名	upstream			
つこ	九十九つこ	人名	人名	人名	upstream			
つくもさな	九十九佐命	人名	人名	人名	upstream			
さな	九十九佐命	人名	人名	人名	upstream			
ここのえこのの	九重このの	人名	人名	人名	upstream			
このの	九重このの	人名	人名	人名	upstream			
ここのえましろ	九重ましろ	人名	人名	人名	upstream			
ましろ	九重ましろ	人名	人名	人名	upstream			
ここのえゆかり	九重紫	人名	人名	人名	upstream			
ゆかり	九重紫	人名	人名	人名	upstream			
くじょうあんず	九条杏子	人名	人名	人名	upstream			
あんず	九条杏子	人名	人名	人名	upstream			
くじょうりんご	九条林檎	人名	人名	人名	upstream			
りんご	九条林檎	人名	人名	人名	upstream			
くじょうなつめ	九条棗	人名	人名	人名	upstream			
なつめ	九条棗	人名	人名	人名	upstream			
くじょうらいち	九条茘枝	人名	人名	人名	upstream			
らいち	九条茘枝	人名	人名	人名	upstream			
くずりゅうるる	九頭竜るる	人名	人名	人名	upstream			
るる	九頭竜るる	人名	人名	人名	upstream			
くのうそうすい	九能想推	人名	人名	人名	upstream			
そうすい	九能想推	人名	人名	人名	upstream			
いぬがみゆき	狗神由紀	人名	人名	人名	upstream			
くりやまけい	玖吏山ケイ	人名	人名	人名	upstream			
けい	玖吏山ケイ	人名	人名	人名	upstream			
くどらいか	玖伖ライカ	人名	人名	人名	upstream			
らいか	玖伖ライカ	人名	人名	人名	upstream			
くうげつゆう	空月遊	人名	人名	人名	upstream			
ゆう	空月遊	人名	人名	人名	upstream			
そらみひまり	空見ひまり	人名	人名	人名	upstream			
ひまり	空見ひまり	人名	人名	人名	upstream			
あすみせな	空澄セナ	人名	人名	人名	upstream			
せな	空澄セナ	人名	人名	人名	upstream			
そらほしきらめ	空星きらめ	人名	人名	人名	upstream			
きらめ	空星きらめ	人名	人名	人名	upstream			
うつせみうそ	空蝉うそ	人名	人名	人名	upstream			
うそ	空蝉うそ	人名	人名	人名	upstream			
そらとよる	空兎ヨル	人名	人名	人名	upstream			
よる	空兎ヨル	人名	人名	人名	upstream			
そらなきつくし	空鳴ツクシ	人名	人名	人名	upstream			
つくし	空鳴ツクシ	人名	人名	人名	upstream			
くまままゆ	熊間まゆ	人名	人名	人名	upstream			
まゆ	熊間まゆ	人名	人名	人名	upstream			
くまがやたくま	熊谷タクマ	人名	人名	人名	upstream			
たくま	熊谷タクマ	人名	人名	人名	upstream			
くまのぽえみ	熊野ぽえみ	人名	人名	人名	upstream			
ぽえみ	熊野ぽえみ	人名	人名	人名	upstream			
くりこまこまる	栗駒こまる	人名	人名	人名	upstream			
こまる	栗駒こまる	人名	人名	人名	upstream			
くりはらさくらこ	栗原桜子	人名	人名	人名	upstream			
さくらこ	栗原桜子	人名	人名	人名	upstream			
くりやまやんみ	栗山やんみ	人名	人名	人名	upstream			
やんみ	栗山やんみ	人名	人名	人名	upstream			
くりやまあずき	栗山小豆	人名	人名	人名	upstream			
あずき	栗山小豆	人名	人名	人名	upstream			
くりすめーぷる	栗栖メープル	人名	人名	人名	upstream			
めーぷる	栗栖メープル	人名	人名	人名	upstream			
ぐんどう	郡道	姓	姓	人名	upstream			
ぐんどうみれい	郡道美玲	人名	人名	人名	upstream			
ぐんぐん	郡道美玲	人名	人名	人名	upstream			
みれい	郡道美玲	人名	人名	人名	upstream			
おさかべけい	刑部桂	人名	人名	人名	upstream			
けい	刑部桂	人名	人名	人名	upstream			
かたおちなかこ	型落おねーさん	人名	人名	人名	upstream			
かたおちなかこ	型落中子	人名	人名	人名	upstream			
なかこ	型落中子	人名	人名	人名	upstream			
あすかこころ	慧桜ココロ	人名	人名	人名	upstream			
いこいももあ	憩居ももあ	人名	人名	人名	upstream			
ももあ	憩居ももあ	人名	人名	人名	upstream			
かつらことは	桂言葉	人名	人名	人名	upstream			
ことは	桂言葉	人名	人名	人名	upstream			
つぎはぎぬい	継接ヌイ	人名	人名	人名	upstream			
ぬい	継接ヌイ	人名	人名	人名	upstream			
げきおこばんばん	激おこバンバン	人名	人名	人名	upstream			
ばんばん	激おこバンバン	人名	人名	人名	upstream			
げきはくうてな	激白ウテナ	人名	人名	人名	upstream			
うてな	激白ウテナ	人名	人名	人名	upstream			
ゆうきれん	結樹Len	人名	人名	人名	upstream			
れん	結樹Len	人名	人名	人名	upstream			
ゆうきおと	結城オト	人名	人名	人名	upstream			
おと	結城オト	人名	人名	人名	upstream			
ゆうきとら	結城とら	人名	人名	人名	upstream			
とら	結城とら	人名	人名	人名	upstream			
ゆうきりの	結城リノ	人名	人名	人名	upstream			
りの	結城リノ	人名	人名	人名	upstream			
ゆうきやまえん	結城山えん	人名	人名	人名	upstream			
えん	結城山えん	人名	人名	人名	upstream			
ゆうきみお	結城澪	人名	人名	人名	upstream			
みお	結城澪	人名	人名	人名	upstream			
むすびここあ	結心愛	人名	人名	人名	upstream			
ここあ	結心愛	人名	人名	人名	upstream			
むすびのりぼん	結乃りぼん	人名	人名	人名	upstream			
りぼん	結乃りぼん	人名	人名	人名	upstream			
むすびめゆい	結目ユイ	人名	人名	人名	upstream			
ゆい	結目ユイ	人名	人名	人名	upstream			
つきがせれん	月ヶ瀬蓮	人名	人名	人名	upstream			
れん	月ヶ瀬蓮	人名	人名	人名	upstream			
つきの	月ノ	姓	姓	人名	upstream			
つきのみと	月ノ美兎	人名	人名	人名	upstream			
みと	月ノ美兎	人名	人名	人名	upstream			
つきみあ	月みあ	人名	人名	人名	upstream			
みあ	月みあ	人名	人名	人名	upstream			
つきかげみあ	月影ミア	人名	人名	人名	upstream			
みあ	月影ミア	人名	人名	人名	upstream			
つきしたかおる	月下カオル	人名	人名	人名	upstream			
かおる	月下カオル	人名	人名	人名	upstream			
つきがみちる	月雅満	人名	人名	人名	upstream			
みちる	月雅満	人名	人名	人名	upstream			
つきみましろ	月海ましろ	人名	人名	人名	upstream			
ましろ	月海ましろ	人名	人名	人名	upstream			
つきみやしずく	月宮雫	人名	人名	人名	upstream			
しずく	月宮雫	人名	人名	人名	upstream			
つきみやまい	月宮舞	人名	人名	人名	upstream			
まい	月宮舞	人名	人名	人名	upstream			
つきみしずく	月見しずく	人名	人名	人名	upstream			
しずく	月見しずく	人名	人名	人名	upstream			
やまなしゆえ	月見里瑜依	人名	人名	人名	upstream			
ゆえ	月見里瑜依	人名	人名	人名	upstream			
つきやまゆかり	月山縁	人名	人名	人名	upstream			
ゆかり	月山縁	人名	人名	人名	upstream			
つくしありあ	月紫アリア	人名	人名	人名	upstream			
ありあ	月紫アリア	人名	人名	人名	upstream			
つきもりたると	月守たると	人名	人名	人名	upstream			
たると	月守たると	人名	人名	人名	upstream			
がる	月沢	人名	人名	人名	upstream			
つきしまかおる	月島かおる	人名	人名	人名	upstream			
かおる	月島かおる	人名	人名	人名	upstream			
つきしまはのん	月島ハノン	人名	人名	人名	upstream			
はのん	月島ハノン	人名	人名	人名	upstream			
つきのせぅさぎ	月乃瀬ぅさぎ	人名	人名	人名	upstream			
うさぎ	月乃瀬ぅさぎ	人名	人名	人名	upstream			
つきしろしたん	月白シタン	人名	人名	人名	upstream			
したん	月白シタン	人名	人名	人名	upstream			
つきよそら	月夜ソラ	人名	人名	人名	upstream			
そら	月夜ソラ	人名	人名	人名	upstream			
つきよのたまこ	月夜野珠狐	人名	人名	人名	upstream			
たまこ	月夜野珠狐	人名	人名	人名	upstream			
つきのきちろる	月野木チロル	人名	人名	人名	upstream			
ちろる	月野木チロル	人名	人名	人名	upstream			
つきのきちろる	月野木ちろる	人名	人名	人名	upstream			
ちろる	月野木ちろる	人名	人名	人名	upstream			
ついたちはくと	月立白兎	人名	人名	人名	upstream			
はくと	月立白兎	人名	人名	人名	upstream			
すこや	健屋	姓	姓	人名	upstream			
すこやかな	健屋花那	人名	人名	人名	upstream			
かな	健屋花那	人名	人名	人名	upstream			
けんもち	剣持	姓	姓	人名	upstream			
けんもちとうこ	剣持刀子	人名	人名	人名	upstream			
とうこ	剣持刀子	人名	人名	人名	upstream			
けんもちとうや	剣持刀也	人名	人名	人名	upstream			
とうや	剣持刀也	人名	人名	人名	upstream			
けんもちりきや	剣持力也	人名	人名	人名	upstream			
りきや	剣持力也	人名	人名	人名	upstream			
つるぎまひる	剣城まひる	人名	人名	人名	upstream			
まひる	剣城まひる	人名	人名	人名	upstream			
ごんだめさ	権田メサ	人名	人名	人名	upstream			
めさ	権田メサ	人名	人名	人名	upstream			
いぬやしきれん	犬屋敷レン	人名	人名	人名	upstream			
れん	犬屋敷レン	人名	人名	人名	upstream			
いぬままこと	犬間真琴	人名	人名	人名	upstream			
まこと	犬間真琴	人名	人名	人名	upstream			
いぬざくらひとつ	犬桜ひとつ	人名	人名	人名	upstream			
ひとつ	犬桜ひとつ	人名	人名	人名	upstream			
いぬやまたまき	犬山たまき	人名	人名	人名	upstream			
たまき	犬山たまき	人名	人名	人名	upstream			
いぬかみはやと	犬上ハヤト	人名	人名	人名	upstream			
はやと	犬上ハヤト	人名	人名	人名	upstream			
けんどう	犬童	人名	人名	人名	upstream			
いぬもちちろる	犬望チロル	人名	人名	人名	upstream			
ちろる	犬望チロル	人名	人名	人名	upstream			
いぬぼうあゆむ	犬棒歩	人名	人名	人名	upstream			
あゆむ	犬棒歩	人名	人名	人名	upstream			
いぬさわちわ	犬澤ちわ	人名	人名	人名	upstream			
ちわ	犬澤ちわ	人名	人名	人名	upstream			
もふ	犬绒	人名	人名	人名	upstream			
きぬたかい	絹田カイ	人名	人名	人名	upstream			
かい	絹田カイ	人名	人名	人名	upstream			
けんのちええり	賢乃ちえり	人名	人名	人名	upstream			
ちえり	賢乃ちえり	人名	人名	人名	upstream			
かぎいゆい	鍵井結唯	人名	人名	人名	upstream			
ゆい	鍵井結唯	人名	人名	人名	upstream			
かぎみやしえる	鍵宮シエル	人名	人名	人名	upstream			
しえる	鍵宮シエル	人名	人名	人名	upstream			
かぎのふう	鍵乃ふう	人名	人名	人名	upstream			
ふう	鍵乃ふう	人名	人名	人名	upstream			
げんづきとうじろう	弦月藤士郎	人名	人名	人名	upstream			
とうじろう	弦月藤士郎	人名	人名	人名	upstream			
みながわみなみ	源河みなみ	人名	人名	人名	upstream			
みなみ	源河みなみ	人名	人名	人名	upstream			
げんげん	源元気	人名	人名	人名	upstream			
うつつよみ	現よみ	人名	人名	人名	upstream			
よみ	現よみ	人名	人名	人名	upstream			
をことてん	乎琴天	人名	人名	人名	upstream			
てん	乎琴天	人名	人名	人名	upstream			
こもりちゆ	古守ちゆ	人名	人名	人名	upstream			
ちゆ	古守ちゆ	人名	人名	人名	upstream			
こせきびじゅー	古石ビジュー	人名	人名	人名	upstream			
びじゅー	古石ビジュー	人名	人名	人名	upstream			
こもりねいぜ	弧森音イゼ	人名	人名	人名	upstream			
いぜ	弧森音イゼ	人名	人名	人名	upstream			
とごしぷらむ	戸越ぷらむ	人名	人名	人名	upstream			
ぷらむ	戸越ぷらむ	人名	人名	人名	upstream			
とさきひなた	戸咲ひなた	人名	人名	人名	upstream			
ひなた	戸咲ひなた	人名	人名	人名	upstream			
とじょうりんか	戸定梨香	人名	人名	人名	upstream			
りんか	戸定梨香	人名	人名	人名	upstream			
とだじゅん	戸田ジュン	人名	人名	人名	upstream			
じゅん	戸田ジュン	人名	人名	人名	upstream			
こがみのおの	湖神乃おの	人名	人名	人名	upstream			
おの	湖神乃おの	人名	人名	人名	upstream			
こなんみあ	湖南みあ	人名	人名	人名	upstream			
みあ	湖南みあ	人名	人名	人名	upstream			
こさかにな	狐坂ニナ	人名	人名	人名	upstream			
にな	狐坂ニナ	人名	人名	人名	upstream			
こざくらさくや	狐桜咲夜	人名	人名	人名	upstream			
さくや	狐桜咲夜	人名	人名	人名	upstream			
こずかかなと	狐塚カナト	人名	人名	人名	upstream			
かなと	狐塚カナト	人名	人名	人名	upstream			
ことひめしの	狐兎姫しの	人名	人名	人名	upstream			
しの	狐兎姫しの	人名	人名	人名	upstream			
こましばり	胡間シバリ	人名	人名	人名	upstream			
しばり	胡間シバリ	人名	人名	人名	upstream			
こちょうもみじ	胡蝶椛	人名	人名	人名	upstream			
もみじ	胡蝶椛	人名	人名	人名	upstream			
こちょうゆめ	胡蝶由芽	人名	人名	人名	upstream			
ゆめ	胡蝶由芽	人名	人名	人名	upstream			
くるみのあ	胡桃のあ	人名	人名	人名	upstream			
のあ	胡桃のあ	人名	人名	人名	upstream			
くるみだくるみ	胡桃田くるみ	人名	人名	人名	upstream			
くるみ	胡桃田くるみ	人名	人名	人名	upstream			
くるみざわもも	胡桃澤もも	人名	人名	人名	upstream			
もも	胡桃澤もも	人名	人名	人名	upstream			
こじょうあんな	虎城アンナ	人名	人名	人名	upstream			
あんな	虎城アンナ	人名	人名	人名	upstream			
とらとがお	虎渡がお	人名	人名	人名	upstream			
とらのてんか	虎乃天花	人名	人名	人名	upstream			
とらぶるみ	虎羅武流美	人名	人名	人名	upstream			
るみ	虎羅武流美	人名	人名	人名	upstream			
ふにー	虎妮	人名	人名	人名	upstream			
このえけいき	鼓乃衛ケイキ	人名	人名	人名	upstream			
けいき	鼓乃衛ケイキ	人名	人名	人名	upstream			
さみだれくうや	五月雨空也	人名	人名	人名	upstream			
くうや	五月雨空也	人名	人名	人名	upstream			
いがらしいつつ	五十嵐イツツ	人名	人名	人名	upstream			
いつつ	五十嵐イツツ	人名	人名	人名	upstream			
ごごのめりも	午後乃めりも	人名	人名	人名	upstream			
めりも	午後乃めりも	人名	人名	人名	upstream			
あずまねいろ	吾妻ねいろ	人名	人名	人名	upstream			
ねいろ	吾妻ねいろ	人名	人名	人名	upstream			
おのさきめい	御ノ岬鳴唯	人名	人名	人名	upstream			
めい	御ノ岬鳴唯	人名	人名	人名	upstream			
みかげ	御影詠	人名	人名	人名	upstream			
よみ	御影詠	人名	人名	人名	upstream			
みかげゆうと	御影幽斗	人名	人名	人名	upstream			
ゆうと	御影幽斗	人名	人名	人名	upstream			
みそのゆい	御園結唯	人名	人名	人名	upstream			
ゆい	御園結唯	人名	人名	人名	upstream			
おとぎばら	御伽原	姓	姓	人名	upstream			
おとぎばらえら	御伽原江良	人名	人名	人名	upstream			
ぎばら	御伽原江良	人名	人名	人名	upstream			
えら	御伽原江良	人名	人名	人名	upstream			
おこめこのこ	御掬この子	人名	人名	人名	upstream			
このこ	御掬この子	人名	人名	人名	upstream			
みつるぎゆい	御剣ゆい	人名	人名	人名	upstream			
ゆい	御剣ゆい	人名	人名	人名	upstream			
おみきみき	御神酒ミキ	人名	人名	人名	upstream			
みき	御神酒ミキ	人名	人名	人名	upstream			
おなかいのり	御仲いのり	人名	人名	人名	upstream			
いのり	御仲いのり	人名	人名	人名	upstream			
みどうかるま	御堂カルマ	人名	人名	人名	upstream			
かるま	御堂カルマ	人名	人名	人名	upstream			
みどうむつき	御堂睦巳	人名	人名	人名	upstream			
むつき	御堂睦巳	人名	人名	人名	upstream			
おまがじんのすけ	御魔我神之介	人名	人名	人名	upstream			
じんのすけ	御魔我神之介	人名	人名	人名	upstream			
みくりやくおん	御来屋久遠	人名	人名	人名	upstream			
くおん	御来屋久遠	人名	人名	人名	upstream			
みくりやひととせ	御来屋春秋	人名	人名	人名	upstream			
ひととせ	御来屋春秋	人名	人名	人名	upstream			
こはくゆり	瑚白ユリ	人名	人名	人名	upstream			
ゆり	瑚白ユリ	人名	人名	人名	upstream			
かたりべつむぐ	語部紡	人名	人名	人名	upstream			
つむぐ	語部紡	人名	人名	人名	upstream			
こういち	光一	人名	人名	人名	upstream			
こうさぎちろる	光兎ちろる	人名	人名	人名	upstream			
ちろる	光兎ちろる	人名	人名	人名	upstream			
ひかりやかがや	光矢輝	人名	人名	人名	upstream			
かがや	光矢輝	人名	人名	人名	upstream			
みつばえに	光葉エニ	人名	人名	人名	upstream			
えに	光葉エニ	人名	人名	人名	upstream			
くもんよしか	公門ヨシカ	人名	人名	人名	upstream			
よしか	公門ヨシカ	人名	人名	人名	upstream			
きみのゆめか	公野ゆめか	人名	人名	人名	upstream			
ゆめか	公野ゆめか	人名	人名	人名	upstream			
まゆみ	勾檀	人名	人名	人名	upstream			
むこうだらいむ	向田らいむ	人名	人名	人名	upstream			
らいむ	向田らいむ	人名	人名	人名	upstream			
ひまわりあん	向日葵あん	人名	人名	人名	upstream			
あん	向日葵あん	人名	人名	人名	upstream			
ひひ	向阳	人名	人名	人名	upstream			
ゆきひろななか	幸弘ななか	人名	人名	人名	upstream			
ななか	幸弘ななか	人名	人名	人名	upstream			
さとうみゅうみゅう	幸糖ミュウミュウ	人名	人名	人名	upstream			
みゅうみゅう	幸糖ミュウミュウ	人名	人名	人名	upstream			
ここ	幸祜	人名	人名	人名	upstream			
ごうがしゃあきら	恒河沙アキラ	人名	人名	人名	upstream			
あきら	恒河沙アキラ	人名	人名	人名	upstream			
こうすいとわれ	恒彗トワレ	人名	人名	人名	upstream			
とわれ	恒彗トワレ	人名	人名	人名	upstream			
えぐちあいみ	江口愛実	人名	人名	人名	upstream			
あいみ	江口愛実	人名	人名	人名	upstream			
えにしゆかり	江西ゆかり	人名	人名	人名	upstream			
ゆかり	江西ゆかり	人名	人名	人名	upstream			
えばきょうか	江波キョウカ	人名	人名	人名	upstream			
きょうか	江波キョウカ	人名	人名	人名	upstream			
えら	江乱	人名	人名	人名	upstream			
えら	江良	名	名	人名	upstream			
こうがりゅうにんじゃぽんぽこ	甲賀流忍者！ぽんぽこ	人名	人名	人名	upstream			
ぽんぽこ	甲賀流忍者！ぽんぽこ	人名	人名	人名	upstream			
こうがりゅうにんじゃぽんぽこ	甲賀流忍者ぽんぽこ	人名	人名	人名	upstream			
ぽんぽこ	甲賀流忍者ぽんぽこ	人名	人名	人名	upstream			
かいだはる	甲斐田晴	人名	人名	人名	upstream			
はる	甲斐田晴	人名	人名	人名	upstream			
すめらぎちより	皇ちより	人名	人名	人名	upstream			
ちより	皇ちより	人名	人名	人名	upstream			
すめらぎろぜ	皇ロゼ	人名	人名	人名	upstream			
ろぜ	皇ロゼ	人名	人名	人名	upstream			
おうがさき	皇牙サキ	人名	人名	人名	upstream			
さき	皇牙サキ	人名	人名	人名	upstream			
こうがみゆかり	皇噛ユカリ	人名	人名	人名	upstream			
ゆかり	皇噛ユカリ	人名	人名	人名	upstream			
こうつきいりむ	皇月いりむ	人名	人名	人名	upstream			
いりむ	皇月いりむ	人名	人名	人名	upstream			
すめらぎみおな	皇美緒奈	人名	人名	人名	upstream			
みおな	皇美緒奈	人名	人名	人名	upstream			
べの	紅ノ	人名	人名	人名	upstream			
くれないるふな	紅ルフナ	人名	人名	人名	upstream			
るふな	紅ルフナ	人名	人名	人名	upstream			
べにいもさつま	紅芋さつま	人名	人名	人名	upstream			
さつま	紅芋さつま	人名	人名	人名	upstream			
くれはあかり	紅羽アカリ	人名	人名	人名	upstream			
あかり	紅羽アカリ	人名	人名	人名	upstream			
あかづきうる	紅月うる	人名	人名	人名	upstream			
うる	紅月うる	人名	人名	人名	upstream			
あかすいきいろ	紅翠きいろ	人名	人名	人名	upstream			
きいろ	紅翠きいろ	人名	人名	人名	upstream			
くれやりあ	紅谷リア	人名	人名	人名	upstream			
りあ	紅谷リア	人名	人名	人名	upstream			
べにふじなたーしゃ	紅藤なたーしゃ	人名	人名	人名	upstream			
なたーしゃ	紅藤なたーしゃ	人名	人名	人名	upstream			
あかねこくろむ	紅猫くろむ	人名	人名	人名	upstream			
くろむ	紅猫くろむ	人名	人名	人名	upstream			
あかつきひぐれ	紅杯ひぐれ	人名	人名	人名	upstream			
ひぐれ	紅杯ひぐれ	人名	人名	人名	upstream			
くれやぺい	紅夜ぺい	人名	人名	人名	upstream			
ぺい	紅夜ぺい	人名	人名	人名	upstream			
あらやしき	荒屋敷	人名	人名	人名	upstream			
あらがみおうが	荒咬オウガ	人名	人名	人名	upstream			
おうが	荒咬オウガ	人名	人名	人名	upstream			
かがつじそより	香ヶ辻そより	人名	人名	人名	upstream			
そより	香ヶ辻そより	人名	人名	人名	upstream			
かづきねろ	香月ネロ	人名	人名	人名	upstream			
ねろ	香月ネロ	人名	人名	人名	upstream			
こうさかみあ	香坂美充	人名	人名	人名	upstream			
みあ	香坂美充	人名	人名	人名	upstream			
かなでみんと	香奏みんと	人名	人名	人名	upstream			
みんと	香奏みんと	人名	人名	人名	upstream			
かふうみりあ	香風みりあ	人名	人名	人名	upstream			
みりあ	香風みりあ	人名	人名	人名	upstream			
かなるはのん	香鳴ハノン	人名	人名	人名	upstream			
はのん	香鳴ハノン	人名	人名	人名	upstream			
たかいしろのあむふぉ	高い城のアムフォ	人名	人名	人名	upstream			
あむふぉ	高い城のアムフォ	人名	人名	人名	upstream			
たかとうらい	高遠頼	人名	人名	人名	upstream			
たかとーらい	高遠頼	人名	人名	人名	upstream			
らい	高遠頼	人名	人名	人名	upstream			
たかさごりょくや	高砂緑也	人名	人名	人名	upstream			
りょくや	高砂緑也	人名	人名	人名	upstream			
たかじょうまお	高城まよ	人名	人名	人名	upstream			
まよ	高城まよ	人名	人名	人名	upstream			
たかじょうまきな	高城魔紀奈	人名	人名	人名	upstream			
まきな	高城魔紀奈	人名	人名	人名	upstream			
たかにくろろ	高仁くろろ	人名	人名	人名	upstream			
くろろ	高仁くろろ	人名	人名	人名	upstream			
たかおしんじ	高生紳士	人名	人名	人名	upstream			
しんじ	高生紳士	人名	人名	人名	upstream			
たかつきりつ	高槻りつ	人名	人名	人名	upstream			
りつ	高槻りつ	人名	人名	人名	upstream			
たかつきりつ	高槻律	人名	人名	人名	upstream			
りつ	高槻律	人名	人名	人名	upstream			
たかとゆうき	高斗ユウキ	人名	人名	人名	upstream			
ゆうき	高斗ユウキ	人名	人名	人名	upstream			
たかみねいおり	高峰伊織	人名	人名	人名	upstream			
いおり	高峰伊織	人名	人名	人名	upstream			
たかなしめいじゅん	高梨・メイ・ジュン	人名	人名	人名	upstream			
じゅん	高梨・メイ・ジュン	人名	人名	人名	upstream			
たかみねるい	高嶺ルイ	人名	人名	人名	upstream			
るい	高嶺ルイ	人名	人名	人名	upstream			
とどろきこようこ	轟京子	人名	人名	人名	upstream			
きょうこ	轟京子	人名	人名	人名	upstream			
ろき	轟京子	人名	人名	人名	upstream			
かか	克克	人名	人名	人名	upstream			
くろあ	克罗雅	人名	人名	人名	upstream			
くろのみい	黒ノみい	人名	人名	人名	upstream			
みい	黒ノみい	人名	人名	人名	upstream			
くろえるあ	黒ヱるあ	人名	人名	人名	upstream			
るあ	黒ヱるあ	人名	人名	人名	upstream			
くろいかげみ	黒衣影美	人名	人名	人名	upstream			
かげみ	黒衣影美	人名	人名	人名	upstream			
くろい	黒井	姓	姓	人名	upstream			
くろいしば	黒井しば	人名	人名	人名	upstream			
しば	黒井しば	人名	人名	人名	upstream			
くろいたね	黒井種	人名	人名	人名	upstream			
たね	黒井種	人名	人名	人名	upstream			
くろはねくろと	黒羽黒兎	人名	人名	人名	upstream			
くろと	黒羽黒兎	人名	人名	人名	upstream			
くろねうらら	黒音うらら	人名	人名	人名	upstream			
うらら	黒音うらら	人名	人名	人名	upstream			
くろねよみ	黒音よみ	人名	人名	人名	upstream			
よみ	黒音よみ	人名	人名	人名	upstream			
くろかわこえだ	黒河こえだ	人名	人名	人名	upstream			
こえだ	黒河こえだ	人名	人名	人名	upstream			
くろきばまうる	黒牙マウル	人名	人名	人名	upstream			
まうる	黒牙マウル	人名	人名	人名	upstream			
くろきりありあ	黒桐アリア	人名	人名	人名	upstream			
ありあ	黒桐アリア	人名	人名	人名	upstream			
くろびかりのかめ	黒光りの亀	人名	人名	人名	upstream			
くろねこなと	黒根こなと	人名	人名	人名	upstream			
こなと	黒根こなと	人名	人名	人名	upstream			
くろさきぴの	黒咲ぴの	人名	人名	人名	upstream			
ぴの	黒咲ぴの	人名	人名	人名	upstream			
くろさきよつば	黒咲ヨツバ	人名	人名	人名	upstream			
よつば	黒咲ヨツバ	人名	人名	人名	upstream			
くろさきりん	黒咲りん	人名	人名	人名	upstream			
りん	黒咲りん	人名	人名	人名	upstream			
くろさきてんせい	黒咲天成	人名	人名	人名	upstream			
てんせい	黒咲天成	人名	人名	人名	upstream			
くろはありや	黒刃アリヤ	人名	人名	人名	upstream			
ありや	黒刃アリヤ	人名	人名	人名	upstream			
くろすもあ	黒須もあ	人名	人名	人名	upstream			
もあ	黒須もあ	人名	人名	人名	upstream			
くろせあまね	黒瀬アマネ	人名	人名	人名	upstream			
あまね	黒瀬アマネ	人名	人名	人名	upstream			
くろせさばと	黒瀬サバト	人名	人名	人名	upstream			
さばと	黒瀬サバト	人名	人名	人名	upstream			
くろせみさ	黒瀬ミサ	人名	人名	人名	upstream			
みさ	黒瀬ミサ	人名	人名	人名	upstream			
くろせくろぎり	黒瀬黒霧	人名	人名	人名	upstream			
くろぎり	黒瀬黒霧	人名	人名	人名	upstream			
くろせやこう	黒瀬夜光	人名	人名	人名	upstream			
やこう	黒瀬夜光	人名	人名	人名	upstream			
くろいしもも	黒石もも	人名	人名	人名	upstream			
もも	黒石もも	人名	人名	人名	upstream			
くろいししき	黒石紫季	人名	人名	人名	upstream			
しき	黒石紫季	人名	人名	人名	upstream			
くろだれいんちふゆ	黒田・レイン・ちふゆ	人名	人名	人名	upstream			
ちふゆ	黒田・レイン・ちふゆ	人名	人名	人名	upstream			
くろとさと	黒兎さと	人名	人名	人名	upstream			
さと	黒兎さと	人名	人名	人名	upstream			
くろとみみ	黒兎みみ	人名	人名	人名	upstream			
みみ	黒兎みみ	人名	人名	人名	upstream			
こくとううるいす	黒洞・ウ・ルイス	人名	人名	人名	upstream			
るいす	黒洞・ウ・ルイス	人名	人名	人名	upstream			
くろねこななし	黒猫ななし	人名	人名	人名	upstream			
ななし	黒猫ななし	人名	人名	人名	upstream			
くろのたくと	黒乃タクト	人名	人名	人名	upstream			
たくと	黒乃タクト	人名	人名	人名	upstream			
くろのはくと	黒乃ハクト	人名	人名	人名	upstream			
はくと	黒乃ハクト	人名	人名	人名	upstream			
くろかみぴぴぴ	黒髪ピピピ	人名	人名	人名	upstream			
ぴぴぴ	黒髪ピピピ	人名	人名	人名	upstream			
くろのしおん	黒野時音	人名	人名	人名	upstream			
しおん	黒野時音	人名	人名	人名	upstream			
こくようあげは	黒楊あげは	人名	人名	人名	upstream			
あげは	黒楊あげは	人名	人名	人名	upstream			
こまいぬなつく	狛犬なつく	人名	人名	人名	upstream			
なつく	狛犬なつく	人名	人名	人名	upstream			
こまねこちゃちゃ	狛猫ちゃちゃ	人名	人名	人名	upstream			
ちゃちゃ	狛猫ちゃちゃ	人名	人名	人名	upstream			
こまいぬちの	狛狼ちの	人名	人名	人名	upstream			
ちの	狛狼ちの	人名	人名	人名	upstream			
いまねてる	今音輝	人名	人名	人名	upstream			
てる	今音輝	人名	人名	人名	upstream			
いまさきはな	今咲はな	人名	人名	人名	upstream			
はな	今咲はな	人名	人名	人名	upstream			
いまさかはくの	今酒ハクノ	人名	人名	人名	upstream			
はくの	今酒ハクノ	人名	人名	人名	upstream			
こんなんありか	今南アリカ	人名	人名	人名	upstream			
ありか	今南アリカ	人名	人名	人名	upstream			
いまわまだせいが	今和間田せぃが	人名	人名	人名	upstream			
せいが	今和間田せぃが	人名	人名	人名	upstream			
こんこんありあ	昏昏アリア	人名	人名	人名	upstream			
ありあ	昏昏アリア	人名	人名	人名	upstream			
ねくらこう	根暗虹	人名	人名	人名	upstream			
こう	根暗虹	人名	人名	人名	upstream			
ねばせいおと	根羽清オト	人名	人名	人名	upstream			
おと	根羽清オト	人名	人名	人名	upstream			
ねばせいこころ	根羽清ココロ	人名	人名	人名	upstream			
こころ	根羽清ココロ	人名	人名	人名	upstream			
ねまうい	根間うい	人名	人名	人名	upstream			
うい	根間うい	人名	人名	人名	upstream			
ことむこのみ	根富院このみ	人名	人名	人名	upstream			
このみ	根富院このみ	人名	人名	人名	upstream			
こんのしろ	紺野シロ	人名	人名	人名	upstream			
しろ	紺野シロ	人名	人名	人名	upstream			
こんのいずみ	紺野和泉	人名	人名	人名	upstream			
いずみ	紺野和泉	人名	人名	人名	upstream			
さくらくま	佐倉くま	人名	人名	人名	upstream			
くま	佐倉くま	人名	人名	人名	upstream			
さくらあんず	佐倉杏	人名	人名	人名	upstream			
あんず	佐倉杏	人名	人名	人名	upstream			
さくらさく	佐倉朔	人名	人名	人名	upstream			
さく	佐倉朔	人名	人名	人名	upstream			
さどしまむすび	佐渡島むすび	人名	人名	人名	upstream			
むすび	佐渡島むすび	人名	人名	人名	upstream			
さとうせつふー	佐藤せつふー	人名	人名	人名	upstream			
せつふー	佐藤せつふー	人名	人名	人名	upstream			
さとうはに	佐藤はに	人名	人名	人名	upstream			
はに	佐藤はに	人名	人名	人名	upstream			
さとうはる	佐藤ハル	人名	人名	人名	upstream			
はる	佐藤ハル	人名	人名	人名	upstream			
さとうほーむず	佐藤ホームズ	人名	人名	人名	upstream			
ほーむず	佐藤ホームズ	人名	人名	人名	upstream			
さとうぽめこ	佐藤ポメ子	人名	人名	人名	upstream			
ぽめこ	佐藤ポメ子	人名	人名	人名	upstream			
さとうれいか	佐藤麗華	人名	人名	人名	upstream			
れいか	佐藤麗華	人名	人名	人名	upstream			
さえきつばさ	佐伯翼	人名	人名	人名	upstream			
さかまたくろえ	沙花叉クロヱ	人名	人名	人名	upstream			
くろえ	沙花叉クロヱ	人名	人名	人名	upstream			
さつきりりか	沙月りりか	人名	人名	人名	upstream			
りりか	沙月りりか	人名	人名	人名	upstream			
さや	沙夜	人名	人名	人名	upstream			
さとぅたろう	砂to太郎	人名	人名	人名	upstream			
たろう	砂to太郎	人名	人名	人名	upstream			
もがみれん	最上レン	人名	人名	人名	upstream			
れん	最上レン	人名	人名	人名	upstream			
さいたにあ	塞塔尼亚	人名	人名	人名	upstream			
いろどりまよい	彩まよい	人名	人名	人名	upstream			
まよい	彩まよい	人名	人名	人名	upstream			
あやものの	彩雲のの	人名	人名	人名	upstream			
のの	彩雲のの	人名	人名	人名	upstream			
あやねれおん	彩音れおん	人名	人名	人名	upstream			
れおん	彩音れおん	人名	人名	人名	upstream			
さいえりり	彩恵りり	人名	人名	人名	upstream			
りり	彩恵りり	人名	人名	人名	upstream			
いろさきあかね	彩咲茜	人名	人名	人名	upstream			
あかね	彩咲茜	人名	人名	人名	upstream			
あおいゆな	彩桜ゆな	人名	人名	人名	upstream			
ゆな	彩桜ゆな	人名	人名	人名	upstream			
いろどりもら	彩撮モラ	人名	人名	人名	upstream			
もら	彩撮モラ	人名	人名	人名	upstream			
さいたはなみち	彩田花道	人名	人名	人名	upstream			
はなみち	彩田花道	人名	人名	人名	upstream			
さいばりさ	才羽リサ	人名	人名	人名	upstream			
りさ	才羽リサ	人名	人名	人名	upstream			
さいえんてすこ	才媛テス子	人名	人名	人名	upstream			
てすこ	才媛テス子	人名	人名	人名	upstream			
さいとうにこる	斎藤ニコル	人名	人名	人名	upstream			
にこる	斎藤ニコル	人名	人名	人名	upstream			
さいきこまり	斎木こまり	人名	人名	人名	upstream			
こまり	斎木こまり	人名	人名	人名	upstream			
こまぐもみずぃ	細雲ミズィ	人名	人名	人名	upstream			
みじー	細雲ミズィ	人名	人名	人名	upstream			
みずぃ	細雲ミズィ	人名	人名	人名	upstream			
なばななな	菜花なな	人名	人名	人名	upstream			
なな	菜花なな	人名	人名	人名	upstream			
やさいひめ	菜姬	人名	人名	人名	upstream			
さかしたきょうか	坂下京香	人名	人名	人名	upstream			
さかいことり	堺ことり	人名	人名	人名	upstream			
ことり	堺ことり	人名	人名	人名	upstream			
さかきつねこ	榊つねこ	人名	人名	人名	upstream			
つねこ	榊つねこ	人名	人名	人名	upstream			
さく	咲	人名	人名	人名	upstream			
さなかる	咲永かる	人名	人名	人名	upstream			
かる	咲永かる	人名	人名	人名	upstream			
さきのき	咲乃木	姓	姓	人名	upstream			
さくやあずさ	咲夜あずさ	人名	人名	人名	upstream			
あずさ	咲夜あずさ	人名	人名	人名	upstream			
さきはのあ	咲葉のあ	人名	人名	人名	upstream			
のあ	咲葉のあ	人名	人名	人名	upstream			
さくらのの	咲来希々	人名	人名	人名	upstream			
のの	咲来希々	人名	人名	人名	upstream			
さぎのみやくろえ	鷺ノ宮クロエ	人名	人名	人名	upstream			
くろえ	鷺ノ宮クロエ	人名	人名	人名	upstream			
さくらこまり	桜こまり	人名	人名	人名	upstream			
こまり	桜こまり	人名	人名	人名	upstream			
さくらころみん	桜ころみん	人名	人名	人名	upstream			
ころみん	桜ころみん	人名	人名	人名	upstream			
さくらもち	桜もち	人名	人名	人名	upstream			
さくらもも	桜もも	人名	人名	人名	upstream			
もも	桜もも	人名	人名	人名	upstream			
さくらめてまり	桜愛てまり	人名	人名	人名	upstream			
てまり	桜愛てまり	人名	人名	人名	upstream			
さくらいゆい	桜井ユイ	人名	人名	人名	upstream			
ゆい	桜井ユイ	人名	人名	人名	upstream			
さくらばしおん	桜羽しおん	人名	人名	人名	upstream			
しおん	桜羽しおん	人名	人名	人名	upstream			
さくらきらら	桜花咲	人名	人名	人名	upstream			
きらら	桜花咲	人名	人名	人名	upstream			
さくらづきかのん	桜月花音	人名	人名	人名	upstream			
かのん	桜月花音	人名	人名	人名	upstream			
さくらざかあると	桜坂あると	人名	人名	人名	upstream			
あると	桜坂あると	人名	人名	人名	upstream			
さくらぎみりあ	桜樹みりあ	人名	人名	人名	upstream			
みりあ	桜樹みりあ	人名	人名	人名	upstream			
さくらしんのすけ	桜真之介	人名	人名	人名	upstream			
しんのすけ	桜真之介	人名	人名	人名	upstream			
さくらざわはると	桜沢春人	人名	人名	人名	upstream			
はると	桜沢春人	人名	人名	人名	upstream			
おうどりみぃな	桜鳥ミーナ	人名	人名	人名	upstream			
おうどりみーな	桜鳥ミーナ	人名	人名	人名	upstream			
みぃな	桜鳥ミーナ	人名	人名	人名	upstream			
みーな	桜鳥ミーナ	人名	人名	人名	upstream			
さくらのなの	桜乃ナノ	人名	人名	人名	upstream			
なの	桜乃ナノ	人名	人名	人名	upstream			
さくらのましろ	桜乃ましろ	人名	人名	人名	upstream			
ましろ	桜乃ましろ	人名	人名	人名	upstream			
さくらみゆな	桜美ゆな	人名	人名	人名	upstream			
ゆな	桜美ゆな	人名	人名	人名	upstream			
さくらまう	桜舞兎	人名	人名	人名	upstream			
まう	桜舞兎	人名	人名	人名	upstream			
さくらむなな	桜夢なな	人名	人名	人名	upstream			
なな	桜夢なな	人名	人名	人名	upstream			
さくらぎけんじ	桜木建二	人名	人名	人名	upstream			
けんじ	桜木建二	人名	人名	人名	upstream			
さくらばはぐ	桜葉ハグ	人名	人名	人名	upstream			
はぐ	桜葉ハグ	人名	人名	人名	upstream			
さくらりつき	桜凛月	人名	人名	人名	upstream			
りつき	桜凛月	人名	人名	人名	upstream			
さくらいあのね	桜溟あのね	人名	人名	人名	upstream			
あのね	桜溟あのね	人名	人名	人名	upstream			
ささき	笹木	姓	姓	人名	upstream			
ささきさく	笹木咲	人名	人名	人名	upstream			
ささき	笹木咲	人名	人名	人名	upstream			
ざこひゃっはー	雑狐ヒャッハー	人名	人名	人名	upstream			
ひゃっはー	雑狐ヒャッハー	人名	人名	人名	upstream			
ぞうば	雑葉学美	人名	人名	人名	upstream			
さつきせれな	皐月せれな	人名	人名	人名	upstream			
せれな	皐月せれな	人名	人名	人名	upstream			
さばのいちか	鯖乃いちか	人名	人名	人名	upstream			
いちか	鯖乃いちか	人名	人名	人名	upstream			
さめやそう	鮫谷そう	人名	人名	人名	upstream			
そう	鮫谷そう	人名	人名	人名	upstream			
みそのみこと	三園命	人名	人名	人名	upstream			
みきひなり	三鬼緋奈莉	人名	人名	人名	upstream			
ひなり	三鬼緋奈莉	人名	人名	人名	upstream			
みさきのなか	三崎のなか	人名	人名	人名	upstream			
のなか	三崎のなか	人名	人名	人名	upstream			
さえぐさあきな	三枝明那	人名	人名	人名	upstream			
あきな	三枝明那	人名	人名	人名	upstream			
みつぼしななみ	三星ナナミ	人名	人名	人名	upstream			
ななみ	三星ナナミ	人名	人名	人名	upstream			
みふねしおりこ	三船栞子	人名	人名	人名	upstream			
しおりこ	三船栞子	人名	人名	人名	upstream			
みたそにあ	三田そにあ	人名	人名	人名	upstream			
そにあ	三田そにあ	人名	人名	人名	upstream			
みしまさやか	三島爽	人名	人名	人名	upstream			
さやか	三島爽	人名	人名	人名	upstream			
みかづきこのは	三日月このは	人名	人名	人名	upstream			
このは	三日月このは	人名	人名	人名	upstream			
みはくゆっこ	三拍ユッコ	人名	人名	人名	upstream			
ゆっこ	三拍ユッコ	人名	人名	人名	upstream			
みけねこ	三毛猫	人名	人名	人名	upstream			
みつり	三理	人名	人名	人名	upstream			
みさとみくり	三里実久莉	人名	人名	人名	upstream			
みくり	三里実久莉	人名	人名	人名	upstream			
わさびりんね	山葵凛音	人名	人名	人名	upstream			
りんね	山葵凛音	人名	人名	人名	upstream			
やまぐろねくろ	山黒音玄	人名	人名	人名	upstream			
ねくろ	山黒音玄	人名	人名	人名	upstream			
やまがみ	山神	姓	姓	人名	upstream			
やまがみかるた	山神カルタ	人名	人名	人名	upstream			
かるた	山神カルタ	人名	人名	人名	upstream			
やまだこのは	山田コノハ	人名	人名	人名	upstream			
このは	山田コノハ	人名	人名	人名	upstream			
やまだすずめ	山田すずめ	人名	人名	人名	upstream			
すずめ	山田すずめ	人名	人名	人名	upstream			
やまだこたろう	山田虎太郎	人名	人名	人名	upstream			
こたろう	山田虎太郎	人名	人名	人名	upstream			
さんだんじゅうこはく	散弾銃コハク	人名	人名	人名	upstream			
こはく	散弾銃コハク	人名	人名	人名	upstream			
さんとりのむ	燦鳥ノム	人名	人名	人名	upstream			
のむ	燦鳥ノム	人名	人名	人名	upstream			
こいぬまるらら	仔犬丸ララ	人名	人名	人名	upstream			
らら	仔犬丸ララ	人名	人名	人名	upstream			
しもん	史門	人名	人名	人名	upstream			
つぐはるらいか	嗣春らいか	人名	人名	人名	upstream			
らいか	嗣春らいか	人名	人名	人名	upstream			
よつつじまよい	四ツ辻まよい	人名	人名	人名	upstream			
まよい	四ツ辻まよい	人名	人名	人名	upstream			
しのみやとうか	四ノ宮透華	人名	人名	人名	upstream			
とうか	四ノ宮透華	人名	人名	人名	upstream			
しきなぎあきら	四季凪アキラ	人名	人名	人名	upstream			
あきら	四季凪アキラ	人名	人名	人名	upstream			
しのもとはこね	四元匣猫	人名	人名	人名	upstream			
はこね	四元匣猫	人名	人名	人名	upstream			
あずましよ	四四四	人名	人名	人名	upstream			
しよ	四四四	人名	人名	人名	upstream			
しのみやりん	四之宮凛	人名	人名	人名	upstream			
りん	四之宮凛	人名	人名	人名	upstream			
よつばめりぃ	四葉メリィ	人名	人名	人名	upstream			
めりい	四葉メリィ	人名	人名	人名	upstream			
よつばらい	四葉ライ	人名	人名	人名	upstream			
らい	四葉ライ	人名	人名	人名	upstream			
あねざきゆきみ	姉崎ユキミ	人名	人名	人名	upstream			
ゆきみ	姉崎ユキミ	人名	人名	人名	upstream			
ねのかみもか	子ノ神モカ	人名	人名	人名	upstream			
もか	子ノ神モカ	人名	人名	人名	upstream			
しかばねめい	屍羽メイ	人名	人名	人名	upstream			
めい	屍羽メイ	人名	人名	人名	upstream			
しき	屍鬼	人名	人名	人名	upstream			
しほうみくら	師法ミクラ	人名	人名	人名	upstream			
みくら	師法ミクラ	人名	人名	人名	upstream			
ししおうくりす	獅子王クリス	人名	人名	人名	upstream			
くりす	獅子王クリス	人名	人名	人名	upstream			
ししまるしずく	獅子丸しずく	人名	人名	人名	upstream			
しずく	獅子丸しずく	人名	人名	人名	upstream			
ししまるほむら	獅子丸ほむら	人名	人名	人名	upstream			
ほむら	獅子丸ほむら	人名	人名	人名	upstream			
ししがみれおな	獅子神レオナ	人名	人名	人名	upstream			
れおな	獅子神レオナ	人名	人名	人名	upstream			
しどうりお	獅堂リオ	人名	人名	人名	upstream			
りお	獅堂リオ	人名	人名	人名	upstream			
ししろぼたん	獅白ぼたん	人名	人名	人名	upstream			
ぼたん	獅白ぼたん	人名	人名	人名	upstream			
しりつぜんおちろうにんまる	私立全落ち浪人丸	人名	人名	人名	upstream			
いとまきおり	糸巻おり	人名	人名	人名	upstream			
おり	糸巻おり	人名	人名	人名	upstream			
かみしろなつめ	紙代なつめ	人名	人名	人名	upstream			
なつめ	紙代なつめ	人名	人名	人名	upstream			
かみきはさみ	紙木はさみ	人名	人名	人名	upstream			
はさみ	紙木はさみ	人名	人名	人名	upstream			
かみきぬ	紙木絹	人名	人名	人名	upstream			
しえんやく	紫煙薬	人名	人名	人名	upstream			
やく	紫煙薬	人名	人名	人名	upstream			
しのみやるな	紫宮るな	人名	人名	人名	upstream			
るな	紫宮るな	人名	人名	人名	upstream			
しどらどうじ	紫虎童子	人名	人名	人名	upstream			
どうじ	紫虎童子	人名	人名	人名	upstream			
むらさきしおん	紫咲シオン	人名	人名	人名	upstream			
しおん	紫咲シオン	人名	人名	人名	upstream			
しぶきふうか	紫吹ふうか	人名	人名	人名	upstream			
ふうか	紫吹ふうか	人名	人名	人名	upstream			
しすいきき	紫水キキ	人名	人名	人名	upstream			
きき	紫水キキ	人名	人名	人名	upstream			
しすいきょう	紫水鏡	人名	人名	人名	upstream			
きょう	紫水鏡	人名	人名	人名	upstream			
しむらほのん	紫村ほのん	人名	人名	人名	upstream			
ほのん	紫村ほのん	人名	人名	人名	upstream			
しどりすみ	紫鳥澄	人名	人名	人名	upstream			
すみ	紫鳥澄	人名	人名	人名	upstream			
しとはみる	紫兎ハミル	人名	人名	人名	upstream			
はみる	紫兎ハミル	人名	人名	人名	upstream			
しとうあのん	紫桃あのん	人名	人名	人名	upstream			
あのん	紫桃あのん	人名	人名	人名	upstream			
しき	紫纪	人名	人名	人名	upstream			
あざなぴろぱる	字ぴろぱる	人名	人名	人名	upstream			
ぴろぱる	字ぴろぱる	人名	人名	人名	upstream			
すていく	時雨１２１３	人名	人名	人名	upstream			
しぐれ	時雨１２１３	人名	人名	人名	upstream			
ときにわらんぜ	時庭らんぜ	人名	人名	人名	upstream			
らんぜ	時庭らんぜ	人名	人名	人名	upstream			
ときよしとうこ	時芳透子	人名	人名	人名	upstream			
とうこ	時芳透子	人名	人名	人名	upstream			
じとみものえ	磁富モノエ	人名	人名	人名	upstream			
ものえ	磁富モノエ	人名	人名	人名	upstream			
りす	自己顕示欲が強いリスVtuber	人名	人名	人名	upstream			
はつねみく	自律型初音ミクAILSタイプ	人名	人名	人名	upstream			
みく	自律型初音ミクAILSタイプ	人名	人名	人名	upstream			
まきたひまる	蒔田陽丸	人名	人名	人名	upstream			
ひまる	蒔田陽丸	人名	人名	人名	upstream			
しおかぜたいこ	汐風鯛子	人名	人名	人名	upstream			
たいこ	汐風鯛子	人名	人名	人名	upstream			
かすみゆうと	鹿角遊兎	人名	人名	人名	upstream			
ゆうと	鹿角遊兎	人名	人名	人名	upstream			
かの	鹿乃	人名	人名	人名	upstream			
しきたいげん	式大元	人名	人名	人名	upstream			
しきぶめぐり	式部めぐり	人名	人名	人名	upstream			
めぐり	式部めぐり	人名	人名	人名	upstream			
しきにさくら	式弍さくら	人名	人名	人名	upstream			
さくら	式弍さくら	人名	人名	人名	upstream			
しずくみちる	雫みちる	人名	人名	人名	upstream			
みちる	雫みちる	人名	人名	人名	upstream			
しずくるる	雫るる	人名	人名	人名	upstream			
ななみ	七海	人名	人名	人名	upstream			
ななみうらら	七海うらら	人名	人名	人名	upstream			
うらら	七海うらら	人名	人名	人名	upstream			
ななみろな	七海ロナ	人名	人名	人名	upstream			
ろな	七海ロナ	人名	人名	人名	upstream			
ななみはのん	七海波音	人名	人名	人名	upstream			
はのん	七海波音	人名	人名	人名	upstream			
ななみゆりか	七海有里佳	人名	人名	人名	upstream			
ゆりか	七海有里佳	人名	人名	人名	upstream			
ななつきてる	七月てる	人名	人名	人名	upstream			
てる	七月てる	人名	人名	人名	upstream			
ななさきこはる	七咲小春	人名	人名	人名	upstream			
こはる	七咲小春	人名	人名	人名	upstream			
ななしえん	七紫煙	人名	人名	人名	upstream			
えん	七紫煙	人名	人名	人名	upstream			
ななしむめい	七詩ムメイ	人名	人名	人名	upstream			
むめい	七詩ムメイ	人名	人名	人名	upstream			
ななきせいら	七樹聖來	人名	人名	人名	upstream			
せいら	七樹聖來	人名	人名	人名	upstream			
しちじょういるか	七条いるか	人名	人名	人名	upstream			
いるか	七条いるか	人名	人名	人名	upstream			
しちじょうはくと	七条ハクト	人名	人名	人名	upstream			
はくと	七条ハクト	人名	人名	人名	upstream			
なないろやばみ	七色やば美	人名	人名	人名	upstream			
やばみ	七色やば美	人名	人名	人名	upstream			
ななもりみや	七森みや	人名	人名	人名	upstream			
みや	七森みや	人名	人名	人名	upstream			
ななせいおり	七瀬イオリ	人名	人名	人名	upstream			
いおり	七瀬イオリ	人名	人名	人名	upstream			
ななせくるみ	七瀬くるみ	人名	人名	人名	upstream			
くるみ	七瀬くるみ	人名	人名	人名	upstream			
ななせすばる	七瀬すばる	人名	人名	人名	upstream			
すばる	七瀬すばる	人名	人名	人名	upstream			
ななせたく	七瀬タク	人名	人名	人名	upstream			
たく	七瀬タク	人名	人名	人名	upstream			
ななせあき	七瀬亜希	人名	人名	人名	upstream			
あき	七瀬亜希	人名	人名	人名	upstream			
ななせみひろ	七瀬海尋	人名	人名	人名	upstream			
みひろ	七瀬海尋	人名	人名	人名	upstream			
ななせたく	七瀬大空	人名	人名	人名	upstream			
たく	七瀬大空	人名	人名	人名	upstream			
ななほしみりり	七星みりり	人名	人名	人名	upstream			
みりり	七星みりり	人名	人名	人名	upstream			
ななほしめい	七星メイ	人名	人名	人名	upstream			
めい	七星メイ	人名	人名	人名	upstream			
ななゆきると	七雪ルト	人名	人名	人名	upstream			
ると	七雪ルト	人名	人名	人名	upstream			
ななくさくりむ	七草くりむ	人名	人名	人名	upstream			
くりむ	七草くりむ	人名	人名	人名	upstream			
しちめんたき	七面タキ	人名	人名	人名	upstream			
たき	七面タキ	人名	人名	人名	upstream			
うるしは	漆羽	人名	人名	人名	upstream			
しっこくのれゔぃあたん	漆黒のれう゛ぃあたん	人名	人名	人名	upstream			
れゔぃあたん	漆黒のれう゛ぃあたん	人名	人名	人名	upstream			
００７	実験体007	人名	人名	人名	upstream			
みなえかこ	実苗かこ	人名	人名	人名	upstream			
かこ	実苗かこ	人名	人名	人名	upstream			
しばやまあずき	柴山あずき	人名	人名	人名	upstream			
あずき	柴山あずき	人名	人名	人名	upstream			
しばたうぃこ	柴田ヰコ	人名	人名	人名	upstream			
しばたいこ	柴田ヰコ	人名	人名	人名	upstream			
しばたゐこ	柴田ヰコ	人名	人名	人名	upstream			
うぃこ	柴田ヰコ	人名	人名	人名	upstream			
いこ	柴田ヰコ	人名	人名	人名	upstream			
ゐこ	柴田ヰコ	人名	人名	人名	upstream			
しまのしま	縞野しま	人名	人名	人名	upstream			
しま	縞野しま	人名	人名	人名	upstream			
いぬきまとい	射貫まとい	人名	人名	人名	upstream			
まとい	射貫まとい	人名	人名	人名	upstream			
やしろいのえる	社居ノエル	人名	人名	人名	upstream			
のえる	社居ノエル	人名	人名	人名	upstream			
やしろいはる	社居ハル	人名	人名	人名	upstream			
はる	社居ハル	人名	人名	人名	upstream			
やしろきずく	社築	人名	人名	人名	upstream			
やしろ	社築	人名	人名	人名	upstream			
しゃふだからあすてぃ	社不寶アスティ	人名	人名	人名	upstream			
あすてぃ	社不寶アスティ	人名	人名	人名	upstream			
まさきさき	紗樹万咲	人名	人名	人名	upstream			
さき	紗樹万咲	人名	人名	人名	upstream			
へびよいてぃあ	蛇宵ティア	人名	人名	人名	upstream			
てぃあ	蛇宵ティア	人名	人名	人名	upstream			
すずしろれい	錫白レイ	人名	人名	人名	upstream			
れい	錫白レイ	人名	人名	人名	upstream			
わかなれい	若菜レイ	人名	人名	人名	upstream			
れい	若菜レイ	人名	人名	人名	upstream			
わかさちる	若桜チル	人名	人名	人名	upstream			
ちる	若桜チル	人名	人名	人名	upstream			
にゃまむぎたると	若魔麦たると	人名	人名	人名	upstream			
たると	若魔麦たると	人名	人名	人名	upstream			
しゅう	朱雨	人名	人名	人名	upstream			
はねずうる	朱華うる	人名	人名	人名	upstream			
うる	朱華うる	人名	人名	人名	upstream			
あけみやきき	朱宮キキ	人名	人名	人名	upstream			
きき	朱宮キキ	人名	人名	人名	upstream			
しゅな	朱名	人名	人名	人名	upstream			
かりさ	狩砂	人名	人名	人名	upstream			
かりうそら	狩生ソラ	人名	人名	人名	upstream			
そら	狩生ソラ	人名	人名	人名	upstream			
かりたろう	狩太郎	人名	人名	人名	upstream			
たまかゆい	珠香ユイ	人名	人名	人名	upstream			
ゆい	珠香ユイ	人名	人名	人名	upstream			
たまねうた	珠根うた	人名	人名	人名	upstream			
うた	珠根うた	人名	人名	人名	upstream			
さかえなつみ	酒江ナツミ	人名	人名	人名	upstream			
なつみ	酒江ナツミ	人名	人名	人名	upstream			
さけのみみこ	酒呑みみこ	人名	人名	人名	upstream			
みみこ	酒呑みみこ	人名	人名	人名	upstream			
さかばゆずね	酒葉柚音	人名	人名	人名	upstream			
ゆずね	酒葉柚音	人名	人名	人名	upstream			
きききつきつつき	樹木希月ツツキ	人名	人名	人名	upstream			
つつき	樹木希月ツツキ	人名	人名	人名	upstream			
すおうさんご	周央サンゴ	人名	人名	人名	upstream			
さんご	周央サンゴ	人名	人名	人名	upstream			
すおうぱとら	周防パトラ	人名	人名	人名	upstream			
ぱとら	周防パトラ	人名	人名	人名	upstream			
そうやいちか	宗谷いちか	人名	人名	人名	upstream			
いちか	宗谷いちか	人名	人名	人名	upstream			
あきさめもみじ	秋雨もみじ	人名	人名	人名	upstream			
もみじ	秋雨もみじ	人名	人名	人名	upstream			
あきづきいすか	秋月イスカ	人名	人名	人名	upstream			
いすか	秋月イスカ	人名	人名	人名	upstream			
あきずきけい	秋月景	人名	人名	人名	upstream			
けい	秋月景	人名	人名	人名	upstream			
あきしきあかね	秋織アカネ	人名	人名	人名	upstream			
あかね	秋織アカネ	人名	人名	人名	upstream			
しゅせつこはく	秋雪こはく	人名	人名	人名	upstream			
こはく	秋雪こはく	人名	人名	人名	upstream			
あきつみつば	秋津ミツバ	人名	人名	人名	upstream			
みつば	秋津ミツバ	人名	人名	人名	upstream			
あきのみかく	秋乃みかく	人名	人名	人名	upstream			
みかく	秋乃みかく	人名	人名	人名	upstream			
あきかぜりーべ	秋風りーべ	人名	人名	人名	upstream			
りーべ	秋風りーべ	人名	人名	人名	upstream			
みのりゆめこ	秋里夢女子	人名	人名	人名	upstream			
ゆめこ	秋里夢女子	人名	人名	人名	upstream			
みちるぎぷらぐ	充輝ぷらぐ	人名	人名	人名	upstream			
ぷらぐ	充輝ぷらぐ	人名	人名	人名	upstream			
とおとめととめ	十乙女トトメ	人名	人名	人名	upstream			
ととめ	十乙女トトメ	人名	人名	人名	upstream			
とあましき	十甘四季	人名	人名	人名	upstream			
しき	十甘四季	人名	人名	人名	upstream			
といろそう	十色荘	人名	人名	人名	upstream			
じゅうろっこくまいこ	十六穀米子	人名	人名	人名	upstream			
まいこ	十六穀米子	人名	人名	人名	upstream			
いざよいこ	十六夜子	人名	人名	人名	upstream			
いざよい	十六萤	人名	人名	人名	upstream			
しぶや	渋谷	姓	姓	人名	upstream			
しぶやはじめ	渋谷ハジメ	人名	人名	人名	upstream			
はじめ	渋谷ハジメ	人名	人名	人名	upstream			
しぶやはる	渋谷ハル	人名	人名	人名	upstream			
しぶはる	渋谷ハル	人名	人名	人名	upstream			
はる	渋谷ハル	人名	人名	人名	upstream			
じゅういしすぐるおにいさん	獣医師すぐるお兄さん	人名	人名	人名	upstream			
すぐる	獣医師すぐるお兄さん	人名	人名	人名	upstream			
けものねろう	獣音ロウ	人名	人名	人名	upstream			
ろう	獣音ロウ	人名	人名	人名	upstream			
しゅくせいばつまる	粛正罰丸	人名	人名	人名	upstream			
ばつまる	粛正罰丸	人名	人名	人名	upstream			
いずもめぐる	出雲めぐる	人名	人名	人名	upstream			
めぐる	出雲めぐる	人名	人名	人名	upstream			
いずもかすみ	出雲霞	人名	人名	人名	upstream			
いかすみ	出雲霞	人名	人名	人名	upstream			
かすみ	出雲霞	人名	人名	人名	upstream			
はるさるひ	春猿火	人名	人名	人名	upstream			
あきなしふうか	春夏冬ふうか	人名	人名	人名	upstream			
ふうか	春夏冬ふうか	人名	人名	人名	upstream			
はるかみこと	春歌みこと	人名	人名	人名	upstream			
みこと	春歌みこと	人名	人名	人名	upstream			
すのはらつくし	春原つくし	人名	人名	人名	upstream			
つくし	春原つくし	人名	人名	人名	upstream			
はるさきえある	春崎エアル	人名	人名	人名	upstream			
えある	春崎エアル	人名	人名	人名	upstream			
はるせぽぽ	春瀬ぽぽ	人名	人名	人名	upstream			
ぽぽ	春瀬ぽぽ	人名	人名	人名	upstream			
かすがいはやと	春日井隼人	人名	人名	人名	upstream			
はるひと	春日井隼人	人名	人名	人名	upstream			
はやと	春日井隼人	人名	人名	人名	upstream			
かすかべつくし	春日部つくし	人名	人名	人名	upstream			
つくし	春日部つくし	人名	人名	人名	upstream			
はるのいちえ	春乃イチエ	人名	人名	人名	upstream			
いちえ	春乃イチエ	人名	人名	人名	upstream			
はるのこねこ	春乃こね子	人名	人名	人名	upstream			
こねこ	春乃こね子	人名	人名	人名	upstream			
うるはるしあ	潤羽るしあ	人名	人名	人名	upstream			
るしあ	潤羽るしあ	人名	人名	人名	upstream			
うるすあしゅり	潤主アシュリ	人名	人名	人名	upstream			
あしゅり	潤主アシュリ	人名	人名	人名	upstream			
じゅんちゅうかんぼんた	巡宙艦ボンタ	人名	人名	人名	upstream			
ぼんた	巡宙艦ボンタ	人名	人名	人名	upstream			
はつねみく	初音ミク	人名	人名	人名	upstream			
みく	初音ミク	人名	人名	人名	upstream			
はつこいちづる	初恋ちづる	人名	人名	人名	upstream			
ちづる	初恋ちづる	人名	人名	人名	upstream			
はつせ	初濑	人名	人名	人名	upstream			
なぎさの	渚乃	姓	姓	人名	upstream			
なぎさのかなで	渚乃奏	人名	人名	人名	upstream			
かなで	渚乃奏	人名	人名	人名	upstream			
しょかつこたま	諸葛こたま	人名	人名	人名	upstream			
こたま	諸葛こたま	人名	人名	人名	upstream			
もろぼしめろこ	諸星めろこ	人名	人名	人名	upstream			
めろこ	諸星めろこ	人名	人名	人名	upstream			
かてなちお	勝七ちお	人名	人名	人名	upstream			
ちお	勝七ちお	人名	人名	人名	upstream			
かつやりゅういち	勝也リュウイチ	人名	人名	人名	upstream			
りゅういち	勝也リュウイチ	人名	人名	人名	upstream			
よいぐまゆうげん	宵熊雄玄	人名	人名	人名	upstream			
ゆうげん	宵熊雄玄	人名	人名	人名	upstream			
よいゆき	宵月ゆきあ	人名	人名	人名	upstream			
ゆきあ	宵月ゆきあ	人名	人名	人名	upstream			
よるのひさぐ	宵埜ひさぐ	人名	人名	人名	upstream			
ひさぐ	宵埜ひさぐ	人名	人名	人名	upstream			
よいゆめみる	宵夢みる	人名	人名	人名	upstream			
みる	宵夢みる	人名	人名	人名	upstream			
こなつみなも	小夏みなも	人名	人名	人名	upstream			
みなも	小夏みなも	人名	人名	人名	upstream			
こはなてくと	小花てくと	人名	人名	人名	upstream			
てくと	小花てくと	人名	人名	人名	upstream			
こはないしい	小花衣しぃ	人名	人名	人名	upstream			
しい	小花衣しぃ	人名	人名	人名	upstream			
こはないももみ	小花衣ももみ	人名	人名	人名	upstream			
ももみ	小花衣ももみ	人名	人名	人名	upstream			
おがさわらめめこ	小笠原めめこ	人名	人名	人名	upstream			
めめこ	小笠原めめこ	人名	人名	人名	upstream			
しゃおしー	小希	人名	人名	人名	upstream			
こたま	小玉有希	人名	人名	人名	upstream			
こぐまひなた	小熊ひなた	人名	人名	人名	upstream			
ひなた	小熊ひなた	人名	人名	人名	upstream			
こぐまづきのあ	小熊月のあ	人名	人名	人名	upstream			
のあ	小熊月のあ	人名	人名	人名	upstream			
おえかあき	小江華あき	人名	人名	人名	upstream			
あき	小江華あき	人名	人名	人名	upstream			
おこのぎうい	小此木うい	人名	人名	人名	upstream			
うい	小此木うい	人名	人名	人名	upstream			
おさないいちか	小山内いちか	人名	人名	人名	upstream			
いちか	小山内いちか	人名	人名	人名	upstream			
おさないめい	小山内めい	人名	人名	人名	upstream			
めい	小山内めい	人名	人名	人名	upstream			
こむらさきひな	小紫ひな	人名	人名	人名	upstream			
ひな	小紫ひな	人名	人名	人名	upstream			
こしばにぎり	小柴にぎり	人名	人名	人名	upstream			
にぎり	小柴にぎり	人名	人名	人名	upstream			
こはるなこ	小春なこ	人名	人名	人名	upstream			
なこ	小春なこ	人名	人名	人名	upstream			
こもりぐりこ	小森ぐりこ	人名	人名	人名	upstream			
ぐりこ	小森ぐりこ	人名	人名	人名	upstream			
こもりめと	小森めと	人名	人名	人名	upstream			
めと	小森めと	人名	人名	人名	upstream			
こばりちゅーた	小針ちゅーた	人名	人名	人名	upstream			
ちゅーた	小針ちゅーた	人名	人名	人名	upstream			
こばりぬい	小針ぬい	人名	人名	人名	upstream			
ぬい	小針ぬい	人名	人名	人名	upstream			
こがらとと	小雀とと	人名	人名	人名	upstream			
とと	小雀とと	人名	人名	人名	upstream			
こばやかわなな	小早川奈奈	人名	人名	人名	upstream			
なな	小早川奈奈	人名	人名	人名	upstream			
こばやかわいずみ	小早川和泉	人名	人名	人名	upstream			
いずみ	小早川和泉	人名	人名	人名	upstream			
こすもるる	小宙るる	人名	人名	人名	upstream			
るる	小宙るる	人名	人名	人名	upstream			
こまちのの	小町ノノ	人名	人名	人名	upstream			
のの	小町ノノ	人名	人名	人名	upstream			
ことりあそぶ	小鳥あそぶ	人名	人名	人名	upstream			
あそぶ	小鳥あそぶ	人名	人名	人名	upstream			
たかなしきあら	小鳥遊キアラ	人名	人名	人名	upstream			
きあら	小鳥遊キアラ	人名	人名	人名	upstream			
たかなしこうすけ	小鳥遊こうすけ	人名	人名	人名	upstream			
こうすけ	小鳥遊こうすけ	人名	人名	人名	upstream			
たかなしこばと	小鳥遊こばと	人名	人名	人名	upstream			
こばと	小鳥遊こばと	人名	人名	人名	upstream			
たかなしめとろ	小鳥遊めとろ	人名	人名	人名	upstream			
めとろ	小鳥遊めとろ	人名	人名	人名	upstream			
たかなししずき	小鳥遊紫月	人名	人名	人名	upstream			
しずき	小鳥遊紫月	人名	人名	人名	upstream			
たかなしすい	小鳥遊酔	人名	人名	人名	upstream			
すい	小鳥遊酔	人名	人名	人名	upstream			
たかなしそう	小鳥遊窓	人名	人名	人名	upstream			
そう	小鳥遊窓	人名	人名	人名	upstream			
おたくだお	小田管男	人名	人名	人名	upstream			
くだお	小田管男	人名	人名	人名	upstream			
ことねみあ	小刀禰ミア	人名	人名	人名	upstream			
みあ	小刀禰ミア	人名	人名	人名	upstream			
こひがしひとな	小東ひとな	人名	人名	人名	upstream			
ひとな	小東ひとな	人名	人名	人名	upstream			
こもも	小桃	人名	人名	人名	upstream			
こひなたりゅーじ	小日向りゅーじ	人名	人名	人名	upstream			
りゅーじ	小日向りゅーじ	人名	人名	人名	upstream			
さざなみせいな	小波セイナ	人名	人名	人名	upstream			
せいな	小波セイナ	人名	人名	人名	upstream			
しゃおめい	小眉	人名	人名	人名	upstream			
さやね	小夜音	人名	人名	人名	upstream			
おのまちはるか	小野町春香	人名	人名	人名	upstream			
はるか	小野町春香	人名	人名	人名	upstream			
こばやしさちこ	小林幸子	人名	人名	人名	upstream			
さちこ	小林幸子	人名	人名	人名	upstream			
こばやしさや	小林咲彩	人名	人名	人名	upstream			
さや	小林咲彩	人名	人名	人名	upstream			
しゃおりん	小鈴	人名	人名	人名	upstream			
こうじけーおーじー	小路KOG	人名	人名	人名	upstream			
こうじ	小路KOG	人名	人名	人名	upstream			
しょうふくにゃこ	招福にゃこ	人名	人名	人名	upstream			
にゃこ	招福にゃこ	人名	人名	人名	upstream			
まつながいおり	松永依織	人名	人名	人名	upstream			
いおり	松永依織	人名	人名	人名	upstream			
まつどおと	松戸おと	人名	人名	人名	upstream			
おと	松戸おと	人名	人名	人名	upstream			
まつむらかみくろう	松村上久郎	人名	人名	人名	upstream			
かみくろう	松村上久郎	人名	人名	人名	upstream			
まつしまこう	松島コウ	人名	人名	人名	upstream			
こう	松島コウ	人名	人名	人名	upstream			
やきまゆる	焼まゆる	人名	人名	人名	upstream			
まゆる	焼まゆる	人名	人名	人名	upstream			
しょういち	笑一	名	名	人名	upstream			
えみはらはり	笑羽良はり	人名	人名	人名	upstream			
はり	笑羽良はり	人名	人名	人名	upstream			
かねがえきり	鐘ヶ江季里	人名	人名	人名	upstream			
きり	鐘ヶ江季里	人名	人名	人名	upstream			
うえあおい	上葵	人名	人名	人名	upstream			
かみずきなき	上月なき	人名	人名	人名	upstream			
なき	上月なき	人名	人名	人名	upstream			
かみどあぺり	上戸アペリ	人名	人名	人名	upstream			
あぺり	上戸アペリ	人名	人名	人名	upstream			
うえとれいん	上糸レイン	人名	人名	人名	upstream			
れいん	上糸レイン	人名	人名	人名	upstream			
かみじょうれん	上乗恋	人名	人名	人名	upstream			
れん	上乗恋	人名	人名	人名	upstream			
しらほしじょうゆう	城星譲友	人名	人名	人名	upstream			
じょうゆう	城星譲友	人名	人名	人名	upstream			
しらほしじょうゆう	城星譲友&VIC	人名	人名	人名	upstream			
しろのゆずき	城乃柚希	人名	人名	人名	upstream			
ゆずき	城乃柚希	人名	人名	人名	upstream			
とこやみとわ	常闇トワ	人名	人名	人名	upstream			
とわ	常闇トワ	人名	人名	人名	upstream			
まけなしぐぬぬ	常勝無敗ぐぬぬ	人名	人名	人名	upstream			
ぐぬぬ	常勝無敗ぐぬぬ	人名	人名	人名	upstream			
とこよもこ	常世モコ	人名	人名	人名	upstream			
もこ	常世モコ	人名	人名	人名	upstream			
とこよあずさ	常世梓	人名	人名	人名	upstream			
あずさ	常世梓	人名	人名	人名	upstream			
ときわかなめ	常磐カナメ	人名	人名	人名	upstream			
かなめ	常磐カナメ	人名	人名	人名	upstream			
ときわひより	常葉ひより	人名	人名	人名	upstream			
ひより	常葉ひより	人名	人名	人名	upstream			
じょうつぺぐ	穣津ペグ	人名	人名	人名	upstream			
ぺぐ	穣津ペグ	人名	人名	人名	upstream			
じょうきなみ	蒸気ナミ	人名	人名	人名	upstream			
なみ	蒸気ナミ	人名	人名	人名	upstream			
うえみねのるじゅ	植峰ノルジュ	人名	人名	人名	upstream			
のるじゅ	植峰ノルジュ	人名	人名	人名	upstream			
おりばなまくろ	織花まくろ	人名	人名	人名	upstream			
まくろ	織花まくろ	人名	人名	人名	upstream			
おりがみゆさ	織神ゆさ	人名	人名	人名	upstream			
ゆさ	織神ゆさ	人名	人名	人名	upstream			
おだのぶひめ	織田信姫	人名	人名	人名	upstream			
のぶひめ	織田信姫	人名	人名	人名	upstream			
いろなしとーる	色無トール	人名	人名	人名	upstream			
とーる	色無トール	人名	人名	人名	upstream			
いろはあやめ	色葉あやめ	人名	人名	人名	upstream			
あやめ	色葉あやめ	人名	人名	人名	upstream			
ぴりこ	色葉あやめ	人名	人名	人名	upstream			
しなのなの	信濃奈乃	人名	人名	人名	upstream			
なの	信濃奈乃	人名	人名	人名	upstream			
ねくらきょうだい	寝食楽兄弟	人名	人名	人名	upstream			
こころこはる	心こはる	人名	人名	人名	upstream			
こはる	心こはる	人名	人名	人名	upstream			
しんどうしるべ	心導しるべ	人名	人名	人名	upstream			
しるべ	心導しるべ	人名	人名	人名	upstream			
こころねはな	心寧はな	人名	人名	人名	upstream			
はな	心寧はな	人名	人名	人名	upstream			
こはくてと	心白てと	人名	人名	人名	upstream			
てと	心白てと	人名	人名	人名	upstream			
しんかむすめ	新科娘	人名	人名	人名	upstream			
しんかどうまんむすめ	新科動漫娘	人名	人名	人名	upstream			
にいずまぽいず	新妻ぽいず	人名	人名	人名	upstream			
ぽいず	新妻ぽいず	人名	人名	人名	upstream			
あらかわいい	新川良	人名	人名	人名	upstream			
いい	新川良	人名	人名	人名	upstream			
にいとわい	新兎わい	人名	人名	人名	upstream			
わい	新兎わい	人名	人名	人名	upstream			
もりかりおぺ	森カリオペ	人名	人名	人名	upstream			
かりおぺ	森カリオペ	人名	人名	人名	upstream			
もりながみう	森永みう	人名	人名	人名	upstream			
みう	森永みう	人名	人名	人名	upstream			
もりしたまお	森下真央	人名	人名	人名	upstream			
まお	森下真央	人名	人名	人名	upstream			
もりぐちみつぎ	森口貢	人名	人名	人名	upstream			
みつぎ	森口貢	人名	人名	人名	upstream			
もりやまそら	森山ソラ	人名	人名	人名	upstream			
そら	森山ソラ	人名	人名	人名	upstream			
もりなかかざき	森中花咲	人名	人名	人名	upstream			
かざき	森中花咲	人名	人名	人名	upstream			
かざ	森中花咲	人名	人名	人名	upstream			
もりかぜるの	森風るの	人名	人名	人名	upstream			
るの	森風るの	人名	人名	人名	upstream			
もりのはく	森野ハク	人名	人名	人名	upstream			
はく	森野ハク	人名	人名	人名	upstream			
もりのめるん	森野めるん	人名	人名	人名	upstream			
めるん	森野めるん	人名	人名	人名	upstream			
ふかみりゅい	深海リュイ	人名	人名	人名	upstream			
りゅい	深海リュイ	人名	人名	人名	upstream			
みつきよつな	深月よつな	人名	人名	人名	upstream			
よつな	深月よつな	人名	人名	人名	upstream			
ふかみあい	深水藍	人名	人名	人名	upstream			
あい	深水藍	人名	人名	人名	upstream			
まぞのあきら	真園あきら	人名	人名	人名	upstream			
あきら	真園あきら	人名	人名	人名	upstream			
ましもたかし	真下貴	人名	人名	人名	upstream			
たかし	真下貴	人名	人名	人名	upstream			
まねきん	真似キン	人名	人名	人名	upstream			
まじかるり	真鹿るり	人名	人名	人名	upstream			
るり	真鹿るり	人名	人名	人名	upstream			
まなとるり	真都ルリ	人名	人名	人名	upstream			
るり	真都ルリ	人名	人名	人名	upstream			
まじまえま	真島えま	人名	人名	人名	upstream			
えま	真島えま	人名	人名	人名	upstream			
しんどうらいと	真堂雷斗	人名	人名	人名	upstream			
らいと	真堂雷斗	人名	人名	人名	upstream			
ましろくま	真白くま	人名	人名	人名	upstream			
くま	真白くま	人名	人名	人名	upstream			
ましろれい	真白零	人名	人名	人名	upstream			
れい	真白零	人名	人名	人名	upstream			
まひる	真绯瑠	人名	人名	人名	upstream			
みかげくるは	神影クルハ	人名	人名	人名	upstream			
くるは	神影クルハ	人名	人名	人名	upstream			
みかげしゅう	神影愁	人名	人名	人名	upstream			
しゅう	神影愁	人名	人名	人名	upstream			
かぐらすず	神楽すず	人名	人名	人名	upstream			
すず	神楽すず	人名	人名	人名	upstream			
かぐらめあ	神楽めあ	人名	人名	人名	upstream			
めあ	神楽めあ	人名	人名	人名	upstream			
かぐらゆのん	神楽ゆのん	人名	人名	人名	upstream			
ゆのん	神楽ゆのん	人名	人名	人名	upstream			
かぐらみお	神楽美桜	人名	人名	人名	upstream			
みお	神楽美桜	人名	人名	人名	upstream			
じんぐうじたまも	神宮司玉藻	人名	人名	人名	upstream			
たまも	神宮司玉藻	人名	人名	人名	upstream			
かみなこはね	神菜コハネ	人名	人名	人名	upstream			
こはね	神菜コハネ	人名	人名	人名	upstream			
かんざきみこと	神咲御言	人名	人名	人名	upstream			
みこと	神咲御言	人名	人名	人名	upstream			
かんざきあくと	神崎亜斗	人名	人名	人名	upstream			
あくと	神崎亜斗	人名	人名	人名	upstream			
かみつかぱみえる	神使ぱみえる	人名	人名	人名	upstream			
ぱみえる	神使ぱみえる	人名	人名	人名	upstream			
しんしゅつきぼつ	神出きぼつ	人名	人名	人名	upstream			
きぼつ	神出きぼつ	人名	人名	人名	upstream			
かみしろくれあ	神城くれあ	人名	人名	人名	upstream			
くれあ	神城くれあ	人名	人名	人名	upstream			
かみせよわ	神瀬よわ	人名	人名	人名	upstream			
よわ	神瀬よわ	人名	人名	人名	upstream			
かみなりきゅぴ	神成きゅぴ	人名	人名	人名	upstream			
きゅぴ	神成きゅぴ	人名	人名	人名	upstream			
かみなりあぽろ	神成ポアロ	人名	人名	人名	upstream			
あぽろ	神成ポアロ	人名	人名	人名	upstream			
こうさきみか	神前ミカ	人名	人名	人名	upstream			
みか	神前ミカ	人名	人名	人名	upstream			
かみしろせつな	神代せつな	人名	人名	人名	upstream			
せつな	神代せつな	人名	人名	人名	upstream			
かみやみあ	神谷みあ	人名	人名	人名	upstream			
みあ	神谷みあ	人名	人名	人名	upstream			
かみつばき	神椿	人名	人名	人名	upstream			
かんつばき	神椿	人名	人名	人名	upstream			
こうどのれいら	神殿レイラ	人名	人名	人名	upstream			
れいら	神殿レイラ	人名	人名	人名	upstream			
かんだしょういち	神田笑一	人名	人名	人名	upstream			
かんだ	神田笑一	人名	人名	人名	upstream			
しんどうじあこ	神童児丫子	人名	人名	人名	upstream			
あこ	神童児丫子	人名	人名	人名	upstream			
かむなうさぎ	神奈兎	人名	人名	人名	upstream			
かんなぎあんな	神凪アンナ	人名	人名	人名	upstream			
あんな	神凪アンナ	人名	人名	人名	upstream			
かんなぎみこ	神凪美狐	人名	人名	人名	upstream			
みこ	神凪美狐	人名	人名	人名	upstream			
かみのひかり	神乃ひかり	人名	人名	人名	upstream			
ひかり	神乃ひかり	人名	人名	人名	upstream			
かみのいんく	神野いんく	人名	人名	人名	upstream			
いんく	神野いんく	人名	人名	人名	upstream			
かみのたね	神野たね	人名	人名	人名	upstream			
たね	神野たね	人名	人名	人名	upstream			
はたのときあ	秦野トキア	人名	人名	人名	upstream			
ときあ	秦野トキア	人名	人名	人名	upstream			
しんどうあすか	進藤あすか	人名	人名	人名	upstream			
あすか	進藤あすか	人名	人名	人名	upstream			
じんかくわかれ	人格わかれ	人名	人名	人名	upstream			
わかれ	人格わかれ	人名	人名	人名	upstream			
ひとみくりす	人見クリス	人名	人名	人名	upstream			
くりす	人見クリス	人名	人名	人名	upstream			
じんぞうにんげんじんぞう	人造人間ジンゾウ	人名	人名	人名	upstream			
じんぞう	人造人間ジンゾウ	人名	人名	人名	upstream			
ひとかずいち	人般イチ	人名	人名	人名	upstream			
いち	人般イチ	人名	人名	人名	upstream			
にしの	仁志乃	人名	人名	人名	upstream			
にきくらりっさ	仁木クラリッサ	人名	人名	人名	upstream			
くらりっさ	仁木クラリッサ	人名	人名	人名	upstream			
すくるとぅーら	須鞍刀爛	人名	人名	人名	upstream			
とぅーら	須鞍刀爛	人名	人名	人名	upstream			
すがもざきめあ	須鴨崎メア	人名	人名	人名	upstream			
めあ	須鴨崎メア	人名	人名	人名	upstream			
みかげもね	水影もね	人名	人名	人名	upstream			
もね	水影もね	人名	人名	人名	upstream			
みずしなあおい	水科葵	人名	人名	人名	upstream			
あおい	水科葵	人名	人名	人名	upstream			
みずまきなつき	水巻なつき	人名	人名	人名	upstream			
なつき	水巻なつき	人名	人名	人名	upstream			
みずまりりゔぃ	水鞠リヴィ	人名	人名	人名	upstream			
りゔぃ	水鞠リヴィ	人名	人名	人名	upstream			
みずはしぱるむ	水橋ぱるむ	人名	人名	人名	upstream			
ぱるむ	水橋ぱるむ	人名	人名	人名	upstream			
みずがみいるか	水鏡いるか	人名	人名	人名	upstream			
いるか	水鏡いるか	人名	人名	人名	upstream			
みずきがぶ	水月ガブ	人名	人名	人名	upstream			
がぶ	水月ガブ	人名	人名	人名	upstream			
みなづきせな	水月せな	人名	人名	人名	upstream			
せな	水月せな	人名	人名	人名	upstream			
みとはるか	水戸遥	人名	人名	人名	upstream			
はるか	水戸遥	人名	人名	人名	upstream			
すいさいるり	水彩るり	人名	人名	人名	upstream			
るり	水彩るり	人名	人名	人名	upstream			
みなづきなつき	水菜月夏希	人名	人名	人名	upstream			
なつき	水菜月夏希	人名	人名	人名	upstream			
みなせしあ	水瀬しあ	人名	人名	人名	upstream			
しあ	水瀬しあ	人名	人名	人名	upstream			
みなせのどか	水瀬のどか	人名	人名	人名	upstream			
のどか	水瀬のどか	人名	人名	人名	upstream			
みなせなぎ	水瀬凪	人名	人名	人名	upstream			
なぎ	水瀬凪	人名	人名	人名	upstream			
みずさきりんね	水先輪廻	人名	人名	人名	upstream			
りんね	水先輪廻	人名	人名	人名	upstream			
みずまえてら	水前テラ	人名	人名	人名	upstream			
てら	水前テラ	人名	人名	人名	upstream			
みどりなお	水鳥ナヲ	人名	人名	人名	upstream			
なお	水鳥ナヲ	人名	人名	人名	upstream			
みなそこみなみ	水底みなみ	人名	人名	人名	upstream			
みなみ	水底みなみ	人名	人名	人名	upstream			
みなぎじゆう	水凪自由	人名	人名	人名	upstream			
じゆう	水凪自由	人名	人名	人名	upstream			
みずしろゆな	水白ユナ	人名	人名	人名	upstream			
ゆな	水白ユナ	人名	人名	人名	upstream			
みずがめみあ	水瓶ミア	人名	人名	人名	upstream			
みあ	水瓶ミア	人名	人名	人名	upstream			
みなづきつゆ	水無月ツユ	人名	人名	人名	upstream			
つゆ	水無月ツユ	人名	人名	人名	upstream			
みなづきらいむ	水無月ライム	人名	人名	人名	upstream			
らいむ	水無月ライム	人名	人名	人名	upstream			
みなせりお	水無世燐央	人名	人名	人名	upstream			
りお	水無世燐央	人名	人名	人名	upstream			
みなせ	水無瀬	人名	人名	人名	upstream			
みなせるい	水無瀬るい	人名	人名	人名	upstream			
るい	水無瀬るい	人名	人名	人名	upstream			
みなとゆうき	水門夕貴	人名	人名	人名	upstream			
ゆうき	水門夕貴	人名	人名	人名	upstream			
みずなしあやり	水梨あやり	人名	人名	人名	upstream			
あやり	水梨あやり	人名	人名	人名	upstream			
みはながあさぎ	水縹あさぎ	人名	人名	人名	upstream			
あさぎ	水縹あさぎ	人名	人名	人名	upstream			
すいねしえる	翠音シエル	人名	人名	人名	upstream			
しえる	翠音シエル	人名	人名	人名	upstream			
すいぎょくことの	翠玉コトノ	人名	人名	人名	upstream			
ことの	翠玉コトノ	人名	人名	人名	upstream			
みずもりいりあ	瑞衛いりあ	人名	人名	人名	upstream			
いりあ	瑞衛いりあ	人名	人名	人名	upstream			
みずはゆい	瑞波ゆい	人名	人名	人名	upstream			
ゆい	瑞波ゆい	人名	人名	人名	upstream			
れふ	瑞芙	人名	人名	人名	upstream			
りあ	瑞娅	人名	人名	人名	upstream			
くるるぎれい	枢木レイ	人名	人名	人名	upstream			
れい	枢木レイ	人名	人名	人名	upstream			
くるるぎえま	枢木咲愛	人名	人名	人名	upstream			
えま	枢木咲愛	人名	人名	人名	upstream			
ひめるち	雛芽るち	人名	人名	人名	upstream			
るち	雛芽るち	人名	人名	人名	upstream			
ひなみざわくるみ	雛見沢くるみ	人名	人名	人名	upstream			
くるみ	雛見沢くるみ	人名	人名	人名	upstream			
ひなもりりこ	雛森リコ	人名	人名	人名	upstream			
りこ	雛森リコ	人名	人名	人名	upstream			
ひなせさくら	雛瀬さくら	人名	人名	人名	upstream			
さくら	雛瀬さくら	人名	人名	人名	upstream			
ひなのあき	雛乃あき	人名	人名	人名	upstream			
あき	雛乃あき	人名	人名	人名	upstream			
ひなのこまる	雛乃こまる	人名	人名	人名	upstream			
こまる	雛乃こまる	人名	人名	人名	upstream			
ひなのぎまや	雛乃木まや	人名	人名	人名	upstream			
まや	雛乃木まや	人名	人名	人名	upstream			
よやみいずも	世闇イズモ	人名	人名	人名	upstream			
いずも	世闇イズモ	人名	人名	人名	upstream			
せかいくるみ	世界クルミ	人名	人名	人名	upstream			
くるみ	世界クルミ	人名	人名	人名	upstream			
せかいくるみ	世界クルミver2.0	人名	人名	人名	upstream			
くるみ	世界クルミver2.0	人名	人名	人名	upstream			
せかいめでる	世界めでる	人名	人名	人名	upstream			
めでる	世界めでる	人名	人名	人名	upstream			
せとあさひ	瀬戸あさひ	人名	人名	人名	upstream			
あさひ	瀬戸あさひ	人名	人名	人名	upstream			
せとさにー	瀬戸サニー	人名	人名	人名	upstream			
さにー	瀬戸サニー	人名	人名	人名	upstream			
せとがわゆうほ	瀬戸川遊歩	人名	人名	人名	upstream			
ゆうほ	瀬戸川遊歩	人名	人名	人名	upstream			
せとうちめりな	瀬戸内めりな	人名	人名	人名	upstream			
せとのとと	瀬戸乃とと	人名	人名	人名	upstream			
とと	瀬戸乃とと	人名	人名	人名	upstream			
せとみやこ	瀬戸美夜子	人名	人名	人名	upstream			
みやこ	瀬戸美夜子	人名	人名	人名	upstream			
せといおり	瀬兎一織	人名	人名	人名	upstream			
いおり	瀬兎一織	人名	人名	人名	upstream			
せとかずや	瀬兎一也	人名	人名	人名	upstream			
かずや	瀬兎一也	人名	人名	人名	upstream			
せしまるい	瀬島るい	人名	人名	人名	upstream			
るい	瀬島るい	人名	人名	人名	upstream			
せおかざり	瀬尾カザリ	人名	人名	人名	upstream			
かざり	瀬尾カザリ	人名	人名	人名	upstream			
これくにかたる	是國かたる	人名	人名	人名	upstream			
かたる	是國かたる	人名	人名	人名	upstream			
なるせなる	成瀬鳴	人名	人名	人名	upstream			
なる	成瀬鳴	人名	人名	人名	upstream			
ほしのねころん	星ノ音コロン	人名	人名	人名	upstream			
ころん	星ノ音コロン	人名	人名	人名	upstream			
ほしいみき	星井美希	人名	人名	人名	upstream			
みき	星井美希	人名	人名	人名	upstream			
ほしかげらぴす	星影ラピス	人名	人名	人名	upstream			
らぴす	星影ラピス	人名	人名	人名	upstream			
ほしかわてふ	星河テフ	人名	人名	人名	upstream			
てふ	星河テフ	人名	人名	人名	upstream			
ほしまちすいせい	星街すいせい	人名	人名	人名	upstream			
すいせい	星街すいせい	人名	人名	人名	upstream			
ほしみやかのん	星宮カノン	人名	人名	人名	upstream			
かのん	星宮カノン	人名	人名	人名	upstream			
ほしみやぐみ	星宮ぐみ	人名	人名	人名	upstream			
ぐみ	星宮ぐみ	人名	人名	人名	upstream			
ほしみやことね	星宮ことね	人名	人名	人名	upstream			
ことね	星宮ことね	人名	人名	人名	upstream			
ほしみやとと	星宮とと	人名	人名	人名	upstream			
とと	星宮とと	人名	人名	人名	upstream			
ほしつきせい	星月せい	人名	人名	人名	upstream			
せい	星月せい	人名	人名	人名	upstream			
ほしみゆう	星見悠	人名	人名	人名	upstream			
ゆう	星見悠	人名	人名	人名	upstream			
ほしなひなか	星菜日向夏	人名	人名	人名	upstream			
ひなか	星菜日向夏	人名	人名	人名	upstream			
ほしざきちあ	星咲ちあ	人名	人名	人名	upstream			
ちあ	星咲ちあ	人名	人名	人名	upstream			
ほしざきないと	星咲月夜	人名	人名	人名	upstream			
ないと	星咲月夜	人名	人名	人名	upstream			
ほしかわさら	星川サラ	人名	人名	人名	upstream			
さら	星川サラ	人名	人名	人名	upstream			
ほしかわめろり	星川めろり	人名	人名	人名	upstream			
めろり	星川めろり	人名	人名	人名	upstream			
ほしなるりあ	星那ルリア	人名	人名	人名	upstream			
るりあ	星那ルリア	人名	人名	人名	upstream			
ほしのかほり	星乃カホリ	人名	人名	人名	upstream			
かほり	星乃カホリ	人名	人名	人名	upstream			
ほしのめあ	星乃めあ	人名	人名	人名	upstream			
めあ	星乃めあ	人名	人名	人名	upstream			
ほしのめぐり	星乃めぐり	人名	人名	人名	upstream			
めぐり	星乃めぐり	人名	人名	人名	upstream			
ほしのうたかず	星乃歌カズ	人名	人名	人名	upstream			
かず	星乃歌カズ	人名	人名	人名	upstream			
ほしのみやれな	星乃宮レナ	人名	人名	人名	upstream			
れな	星乃宮レナ	人名	人名	人名	upstream			
ほしひめきらら	星姫キララ	人名	人名	人名	upstream			
きらら	星姫キララ	人名	人名	人名	upstream			
ほしなこむ	星名こむ	人名	人名	人名	upstream			
こむ	星名こむ	人名	人名	人名	upstream			
ほしなるるこ	星鳴ルルコ	人名	人名	人名	upstream			
るるこ	星鳴ルルコ	人名	人名	人名	upstream			
せいや	星也	人名	人名	人名	upstream			
ほしのめる	星野める	人名	人名	人名	upstream			
める	星野める	人名	人名	人名	upstream			
ほしのひかり	星野光	人名	人名	人名	upstream			
ひかり	星野光	人名	人名	人名	upstream			
ほしみ	星弥	人名	人名	人名	upstream			
しりうす	星宸	人名	人名	人名	upstream			
ほしかげのえは	星煌のえは	人名	人名	人名	upstream			
のえは	星煌のえは	人名	人名	人名	upstream			
はじめ	晴一	人名	人名	人名	upstream			
きよら	清良	人名	人名	人名	upstream			
いきかえるるる	生返るるる	人名	人名	人名	upstream			
るるる	生返るるる	人名	人名	人名	upstream			
ひじりぐれいる	聖グレイル	人名	人名	人名	upstream			
ぐれいる	聖グレイル	人名	人名	人名	upstream			
せいじょれりあ	聖女れりあ	人名	人名	人名	upstream			
ひじりめれりあ	聖女れりあ	人名	人名	人名	upstream			
れりあ	聖女れりあ	人名	人名	人名	upstream			
せせらしきの	聖々良しきの	人名	人名	人名	upstream			
しきの	聖々良しきの	人名	人名	人名	upstream			
にしぞのちぐさ	西園チグサ	人名	人名	人名	upstream			
ちぐさ	西園チグサ	人名	人名	人名	upstream			
さいおんじすずか	西園寺すずか	人名	人名	人名	upstream			
すずか	西園寺すずか	人名	人名	人名	upstream			
さいおんじまりりん	西園寺まりりん	人名	人名	人名	upstream			
まりりん	西園寺まりりん	人名	人名	人名	upstream			
さいおんじめあり	西園寺メアリ	人名	人名	人名	upstream			
めあり	西園寺メアリ	人名	人名	人名	upstream			
さいおんじせかい	西園寺世界	人名	人名	人名	upstream			
せかい	西園寺世界	人名	人名	人名	upstream			
にしなかにしか	西中ニシカ	人名	人名	人名	upstream			
にしか	西中ニシカ	人名	人名	人名	upstream			
あおばまこと	青羽マコト	人名	人名	人名	upstream			
まこと	青羽マコト	人名	人名	人名	upstream			
あさめれい	青雨雫	人名	人名	人名	upstream			
あおみてぃあ	青海ティア	人名	人名	人名	upstream			
てぃあ	青海ティア	人名	人名	人名	upstream			
あおぎりえいと	青桐エイト	人名	人名	人名	upstream			
えいと	青桐エイト	人名	人名	人名	upstream			
あおつきれみあ	青月レミア	人名	人名	人名	upstream			
れみあ	青月レミア	人名	人名	人名	upstream			
あおえあかつき	青江暁	人名	人名	人名	upstream			
あかつき	青江暁	人名	人名	人名	upstream			
あおさきろーず	青咲ローズ	人名	人名	人名	upstream			
ろーず	青咲ローズ	人名	人名	人名	upstream			
あおもりりんこ	青森りんこ	人名	人名	人名	upstream			
りんこ	青森りんこ	人名	人名	人名	upstream			
あおかわうそ	青川うそ	人名	人名	人名	upstream			
うそ	青川うそ	人名	人名	人名	upstream			
あおみちあかと	青道アカト	人名	人名	人名	upstream			
あかと	青道アカト	人名	人名	人名	upstream			
あおねこしゃなみん	青猫しゃなみん	人名	人名	人名	upstream			
あおねこ	青猫しゃなみん	人名	人名	人名	upstream			
しずか	静	姓	姓	人名	upstream			
せいおんとろん	静穏トロン	人名	人名	人名	upstream			
とろん	静穏トロン	人名	人名	人名	upstream			
しずたにはと	静谷鳩	人名	人名	人名	upstream			
はと	静谷鳩	人名	人名	人名	upstream			
しずかりん	静凛	人名	人名	人名	upstream			
しずりん	静凛	人名	人名	人名	upstream			
せきよくふぃな	隻翼フィナ	人名	人名	人名	upstream			
ふぃな	隻翼フィナ	人名	人名	人名	upstream			
いしかりあかり	石狩あかり	人名	人名	人名	upstream			
あかり	石狩あかり	人名	人名	人名	upstream			
あかいくらげ	赤いくらげ	人名	人名	人名	upstream			
あかいあかめ	赤衣アカメ	人名	人名	人名	upstream			
あかめ	赤衣アカメ	人名	人名	人名	upstream			
あかいはあと	赤井はあと	人名	人名	人名	upstream			
はあと	赤井はあと	人名	人名	人名	upstream			
あかばゆきの	赤羽ユキノ	人名	人名	人名	upstream			
ゆきの	赤羽ユキノ	人名	人名	人名	upstream			
あかばねようこ	赤羽葉子	人名	人名	人名	upstream			
ようこ	赤羽葉子	人名	人名	人名	upstream			
あかつきゆに	赤月ゆに	人名	人名	人名	upstream			
ゆに	赤月ゆに	人名	人名	人名	upstream			
あかさかまさか	赤坂まさか	人名	人名	人名	upstream			
まさか	赤坂まさか	人名	人名	人名	upstream			
あかごちゃん	赤子ちゃん	人名	人名	人名	upstream			
あかしろろーず	赤城薔薇	人名	人名	人名	upstream			
ろーず	赤城薔薇	人名	人名	人名	upstream			
あかがみにゃる	赤神ニャル	人名	人名	人名	upstream			
にゃる	赤神ニャル	人名	人名	人名	upstream			
しらは	赤木白羽	人名	人名	人名	upstream			
あかしやりふと	赤夜リフト	人名	人名	人名	upstream			
りふと	赤夜リフト	人名	人名	人名	upstream			
きりとりせん	切取せん	人名	人名	人名	upstream			
せん	切取せん	人名	人名	人名	upstream			
きりたちのいず	切断ノイズ	人名	人名	人名	upstream			
のいず	切断ノイズ	人名	人名	人名	upstream			
おりばねざくろ	折羽柘榴	人名	人名	人名	upstream			
ざくろ	折羽柘榴	人名	人名	人名	upstream			
ゆきおねぇ	雪オネェ	人名	人名	人名	upstream			
ゆきのせくもち	雪ノ精くもち	人名	人名	人名	upstream			
くもち	雪ノ精くもち	人名	人名	人名	upstream			
ゆきはならみい	雪花ラミィ	人名	人名	人名	upstream			
らみぃ	雪花ラミィ	人名	人名	人名	upstream			
らみい	雪花ラミィ	人名	人名	人名	upstream			
ゆきづきらい	雪月らい	人名	人名	人名	upstream			
らい	雪月らい	人名	人名	人名	upstream			
ゆきはらつばさ	雪原つばさ	人名	人名	人名	upstream			
つばさ	雪原つばさ	人名	人名	人名	upstream			
ゆきはらみかん	雪原みかん	人名	人名	人名	upstream			
みかん	雪原みかん	人名	人名	人名	upstream			
ゆきしろ	雪城	姓	姓	人名	upstream			
ゆきしろまひろ	雪城眞尋	人名	人名	人名	upstream			
まひまひ	雪城眞尋	人名	人名	人名	upstream			
まひろ	雪城眞尋	人名	人名	人名	upstream			
ゆきうさぎ	雪兎	人名	人名	人名	upstream			
ゆきと	雪兎	人名	人名	人名	upstream			
ゆきまんじ	雪汝	人名	人名	人名	upstream			
せつな	雪汝	人名	人名	人名	upstream			
ゆきねこかぅる	雪猫カゥル	人名	人名	人名	upstream			
かぅる	雪猫カゥル	人名	人名	人名	upstream			
かうる	雪猫カゥル	人名	人名	人名	upstream			
ゆきのあるみ	雪乃アルミ	人名	人名	人名	upstream			
あるみ	雪乃アルミ	人名	人名	人名	upstream			
ゆきのくりす	雪乃くりす	人名	人名	人名	upstream			
くりす	雪乃くりす	人名	人名	人名	upstream			
ゆきのらぎ	雪乃らぎ	人名	人名	人名	upstream			
らぎ	雪乃らぎ	人名	人名	人名	upstream			
ゆきおこん	雪尾紺	人名	人名	人名	upstream			
こん	雪尾紺	人名	人名	人名	upstream			
ゆきひめりんご	雪姫りんご	人名	人名	人名	upstream			
りんご	雪姫りんご	人名	人名	人名	upstream			
ゆきみねがくあ	雪峰白亜	人名	人名	人名	upstream			
はくあ	雪峰白亜	人名	人名	人名	upstream			
ゆきしょ	雪烛	人名	人名	人名	upstream			
ゆきえ	雪绘	人名	人名	人名	upstream			
せんが	仙河	姓	姓	人名	upstream			
せんたんきょうふしょう	先端恐怖症	人名	人名	人名	upstream			
ぽんとねい	先斗寧	人名	人名	人名	upstream			
ねい	先斗寧	人名	人名	人名	upstream			
せんばくろの	千羽黒乃	人名	人名	人名	upstream			
くろの	千羽黒乃	人名	人名	人名	upstream			
ちとせゆうり	千歳ゆうり	人名	人名	人名	upstream			
ちとせちぐさ	千歳千草	人名	人名	人名	upstream			
ちぐさ	千歳千草	人名	人名	人名	upstream			
ちはる	千春	人名	人名	人名	upstream			
せんじょうありあ	千条アリア	人名	人名	人名	upstream			
ありあ	千条アリア	人名	人名	人名	upstream			
ちぐさはな	千草はな	人名	人名	人名	upstream			
はな	千草はな	人名	人名	人名	upstream			
ちようらちよみ	千代浦蝶美	人名	人名	人名	upstream			
ちよみ	千代浦蝶美	人名	人名	人名	upstream			
ちよけぷりり	千代家ぷりり	人名	人名	人名	upstream			
ぷりり	千代家ぷりり	人名	人名	人名	upstream			
せんどうゆうひ	千燈ゆうひ	人名	人名	人名	upstream			
ゆうひ	千燈ゆうひ	人名	人名	人名	upstream			
ちなみ	千南	名	名	人名	upstream			
せんばつるしあ	千伐るしあ	人名	人名	人名	upstream			
るしあ	千伐るしあ	人名	人名	人名	upstream			
ちゆう	千幽	人名	人名	人名	upstream			
ちばねずみ	千葉根津美	人名	人名	人名	upstream			
ねずみ	千葉根津美	人名	人名	人名	upstream			
ちすずめい	千鈴めい	人名	人名	人名	upstream			
めい	千鈴めい	人名	人名	人名	upstream			
かわばたひまわり	川端ひまわり	人名	人名	人名	upstream			
ひまわり	川端ひまわり	人名	人名	人名	upstream			
かわじきみこ	川路喜美子	人名	人名	人名	upstream			
きみこ	川路喜美子	人名	人名	人名	upstream			
のぶなが	信長	人名	人名	人名	upstream			
せんじょうあおり	戦場あおり	人名	人名	人名	upstream			
あおり	戦場あおり	人名	人名	人名	upstream			
おうぎしげよし	扇しげよし	人名	人名	人名	upstream			
しげよし	扇しげよし	人名	人名	人名	upstream			
いずみやこのみ	泉谷このみ	人名	人名	人名	upstream			
このみ	泉谷このみ	人名	人名	人名	upstream			
あさいらむ	浅井ラム	人名	人名	人名	upstream			
らむ	浅井ラム	人名	人名	人名	upstream			
あさぎさき	浅葱サキ	人名	人名	人名	upstream			
あさぎむくろ	浅葱骸	人名	人名	人名	upstream			
むくろ	浅葱骸	人名	人名	人名	upstream			
せんいりあな	閃イリアナ	人名	人名	人名	upstream			
いりあな	閃イリアナ	人名	人名	人名	upstream			
まえすとろ	前澄とろ	人名	人名	人名	upstream			
とろ	前澄とろ	人名	人名	人名	upstream			
まえだはな	前田花奈	人名	人名	人名	upstream			
はな	前田花奈	人名	人名	人名	upstream			
ぜんがくさんぱろー	善額サンパロー	人名	人名	人名	upstream			
さんぱろー	善額サンパロー	人名	人名	人名	upstream			
くおりあ	全能少女クオリア	人名	人名	人名	upstream			
ふたぼしすたみ	双星すたみ	人名	人名	人名	upstream			
すたみ	双星すたみ	人名	人名	人名	upstream			
ふたばしおね	双葉汐音	人名	人名	人名	upstream			
しおね	双葉汐音	人名	人名	人名	upstream			
そうりまい	双理マイ	人名	人名	人名	upstream			
まい	双理マイ	人名	人名	人名	upstream			
くらもちきょうこ	倉持京子	人名	人名	人名	upstream			
きょうこ	倉持京子	人名	人名	人名	upstream			
くらいけふじの	倉池ふじの	人名	人名	人名	upstream			
ふじの	倉池ふじの	人名	人名	人名	upstream			
かなでみみ	奏MiMi	人名	人名	人名	upstream			
みみ	奏MiMi	人名	人名	人名	upstream			
かのんりりぃ	奏音リリィ	人名	人名	人名	upstream			
かなでねいろ	奏音彩	人名	人名	人名	upstream			
ねいろ	奏音彩	人名	人名	人名	upstream			
かなでいづる	奏手イヅル	人名	人名	人名	upstream			
いづる	奏手イヅル	人名	人名	人名	upstream			
かなせねむ	奏星音夢	人名	人名	人名	upstream			
かなめまひろ	奏天まひろ	人名	人名	人名	upstream			
まひろ	奏天まひろ	人名	人名	人名	upstream			
そうだめろ	奏田めろ	人名	人名	人名	upstream			
めろ	奏田めろ	人名	人名	人名	upstream			
かなみ	奏波なこ	人名	人名	人名	upstream			
なこ	奏波なこ	人名	人名	人名	upstream			
かなたみとど	奏魅届	人名	人名	人名	upstream			
みとど	奏魅届	人名	人名	人名	upstream			
わせだせわ	早稲田せわ	人名	人名	人名	upstream			
せわ	早稲田せわ	人名	人名	人名	upstream			
さおとめしのび	早乙女しのび	人名	人名	人名	upstream			
さおとめゆずせ	早乙女ユズセ	人名	人名	人名	upstream			
ゆずせ	早乙女ユズセ	人名	人名	人名	upstream			
さおとめりりあ	早乙女りりあ	人名	人名	人名	upstream			
りりあ	早乙女りりあ	人名	人名	人名	upstream			
さおとめるる	早乙女るる	人名	人名	人名	upstream			
るる	早乙女るる	人名	人名	人名	upstream			
はやせそう	早瀬走	人名	人名	人名	upstream			
そう	早瀬走	人名	人名	人名	upstream			
すくろるい	巣黒るい	人名	人名	人名	upstream			
るい	巣黒るい	人名	人名	人名	upstream			
あいば	相羽	姓	姓	人名	upstream			
あいばういは	相羽ういは	人名	人名	人名	upstream			
ういは	相羽ういは	人名	人名	人名	upstream			
あいかわなぎさ	相川なぎさ	人名	人名	人名	upstream			
なぎさ	相川なぎさ	人名	人名	人名	upstream			
あいちとうか	相地桃和	人名	人名	人名	upstream			
とうか	相地桃和	人名	人名	人名	upstream			
あいうちゆうか	相内ユウカ	人名	人名	人名	upstream			
ゆうか	相内ユウカ	人名	人名	人名	upstream			
くさなぎかれん	草薙カレン	人名	人名	人名	upstream			
かれん	草薙カレン	人名	人名	人名	upstream			
あおいはる	蒼井ハル	人名	人名	人名	upstream			
はる	蒼井ハル	人名	人名	人名	upstream			
あおいじん	蒼井仁	人名	人名	人名	upstream			
じん	蒼井仁	人名	人名	人名	upstream			
そうねたや	蒼音タヤ	人名	人名	人名	upstream			
たや	蒼音タヤ	人名	人名	人名	upstream			
あおみかやな	蒼海カヤナ	人名	人名	人名	upstream			
かやな	蒼海カヤナ	人名	人名	人名	upstream			
あおぞらみつき	蒼空美月	人名	人名	人名	upstream			
みつき	蒼空美月	人名	人名	人名	upstream			
あおつきあいりーん	蒼月アイリーン	人名	人名	人名	upstream			
あいりーん	蒼月アイリーン	人名	人名	人名	upstream			
そうげつえり	蒼月エリ	人名	人名	人名	upstream			
えり	蒼月エリ	人名	人名	人名	upstream			
あおつきぽっぷ	蒼月ぽっぷ	人名	人名	人名	upstream			
ぽっぷ	蒼月ぽっぷ	人名	人名	人名	upstream			
あおのゆうき	蒼乃ゆうき	人名	人名	人名	upstream			
ゆうき	蒼乃ゆうき	人名	人名	人名	upstream			
あおのゆき	蒼乃ユキ	人名	人名	人名	upstream			
ゆき	蒼乃ユキ	人名	人名	人名	upstream			
あおきしあん	蒼木しあん	人名	人名	人名	upstream			
しあん	蒼木しあん	人名	人名	人名	upstream			
そうきゅうれんじ	蒼穹レンジ	人名	人名	人名	upstream			
れんじ	蒼穹レンジ	人名	人名	人名	upstream			
しもつきふぃー	霜月フィー	人名	人名	人名	upstream			
ふぃー	霜月フィー	人名	人名	人名	upstream			
そうだるり	霜蛇るり	人名	人名	人名	upstream			
るり	霜蛇るり	人名	人名	人名	upstream			
しものせりな	霜乃瀬りな	人名	人名	人名	upstream			
りな	霜乃瀬りな	人名	人名	人名	upstream			
いきのねとめる	息根とめる	人名	人名	人名	upstream			
とめる	息根とめる	人名	人名	人名	upstream			
ぞくちょうせんし	族長センシ	人名	人名	人名	upstream			
せんし	族長センシ	人名	人名	人名	upstream			
そでうらあかつき	袖浦あかつき	人名	人名	人名	upstream			
あかつき	袖浦あかつき	人名	人名	人名	upstream			
そのばしのぎ	其ノ場しのぎ	人名	人名	人名	upstream			
しのぎ	其ノ場しのぎ	人名	人名	人名	upstream			
ただせかいり	多々星カイリ	人名	人名	人名	upstream			
かいり	多々星カイリ	人名	人名	人名	upstream			
ただせしえる	多々星シエル	人名	人名	人名	upstream			
しえる	多々星シエル	人名	人名	人名	upstream			
たいだちゃん	怠惰ちゃん	人名	人名	人名	upstream			
たいだ	怠惰ちゃん	人名	人名	人名	upstream			
まゆずみ	黛	姓	姓	人名	upstream			
まゆずみかい	黛灰	人名	人名	人名	upstream			
かい	黛灰	人名	人名	人名	upstream			
たいらき	黛樂琪	人名	人名	人名	upstream			
おおうらるかこ	大浦るかこ	人名	人名	人名	upstream			
るかこ	大浦るかこ	人名	人名	人名	upstream			
たいがゆう	大河ユウ	人名	人名	人名	upstream			
ゆう	大河ユウ	人名	人名	人名	upstream			
おおいわといちか	大岩戸一華	人名	人名	人名	upstream			
いちか	大岩戸一華	人名	人名	人名	upstream			
おおぞらすばる	大空スバル	人名	人名	人名	upstream			
すばる	大空スバル	人名	人名	人名	upstream			
おおえいぶき	大江いぶき	人名	人名	人名	upstream			
いぶき	大江いぶき	人名	人名	人名	upstream			
おおえふぶき	大江ふぶき	人名	人名	人名	upstream			
ふぶき	大江ふぶき	人名	人名	人名	upstream			
おおかみうるし	大上ウルシ	人名	人名	人名	upstream			
うるし	大上ウルシ	人名	人名	人名	upstream			
おおかみのもるふぃ	大上野もるふぃ	人名	人名	人名	upstream			
もるふぃ	大上野もるふぃ	人名	人名	人名	upstream			
おおもりたべる	大森たべる	人名	人名	人名	upstream			
たべる	大森たべる	人名	人名	人名	upstream			
おおもりきょうこ	大森杏子	人名	人名	人名	upstream			
きょうこ	大森杏子	人名	人名	人名	upstream			
おおかみまよい	大神まよい	人名	人名	人名	upstream			
まよい	大神まよい	人名	人名	人名	upstream			
おおかみみお	大神ミオ	人名	人名	人名	upstream			
みお	大神ミオ	人名	人名	人名	upstream			
おおかみちゃちゃまる	大神茶々丸	人名	人名	人名	upstream			
ちゃちゃまる	大神茶々丸	人名	人名	人名	upstream			
おおかみなでしこ	大神撫子	人名	人名	人名	upstream			
なでしこ	大神撫子	人名	人名	人名	upstream			
おおかわぶくぶ	大川ぶくぶ	人名	人名	人名	upstream			
ぶくぶ	大川ぶくぶ	人名	人名	人名	upstream			
おおしろましろ	大代真白	人名	人名	人名	upstream			
ましろ	大代真白	人名	人名	人名	upstream			
おおとりすみれ	大鳥スミレ	人名	人名	人名	upstream			
すみれ	大鳥スミレ	人名	人名	人名	upstream			
おおとりいつき	大鳥一姫	人名	人名	人名	upstream			
いつき	大鳥一姫	人名	人名	人名	upstream			
おおつたえる	大蔦エル	人名	人名	人名	upstream			
える	大蔦エル	人名	人名	人名	upstream			
おおたまと	大田マト	人名	人名	人名	upstream			
まと	大田マト	人名	人名	人名	upstream			
おおみやつくし	大都つくし	人名	人名	人名	upstream			
つくし	大都つくし	人名	人名	人名	upstream			
おおしまとおる	大島透	人名	人名	人名	upstream			
とおる	大島透	人名	人名	人名	upstream			
だいどうじみあび	大道寺みぁび	人名	人名	人名	upstream			
みあび	大道寺みぁび	人名	人名	人名	upstream			
だいもんじりゅーごん	大門地リューゴン	人名	人名	人名	upstream			
りゅーごん	大門地リューゴン	人名	人名	人名	upstream			
おおかみうる	大狼うる	人名	人名	人名	upstream			
うる	大狼うる	人名	人名	人名	upstream			
やまとたま	大和タマ	人名	人名	人名	upstream			
たま	大和タマ	人名	人名	人名	upstream			
たかみやりおん	鷹宮リオン	人名	人名	人名	upstream			
りおん	鷹宮リオン	人名	人名	人名	upstream			
たかもりつづる	鷹森ツヅル	人名	人名	人名	upstream			
つづる	鷹森ツヅル	人名	人名	人名	upstream			
たかねるい	鷹嶺ルイ	人名	人名	人名	upstream			
るい	鷹嶺ルイ	人名	人名	人名	upstream			
たきがわみう	滝川みう	人名	人名	人名	upstream			
みう	滝川みう	人名	人名	人名	upstream			
たきがみりと	瀧上りと	人名	人名	人名	upstream			
りと	瀧上りと	人名	人名	人名	upstream			
たくぎげら	卓戯ゲラ	人名	人名	人名	upstream			
げら	卓戯ゲラ	人名	人名	人名	upstream			
たくのみや	宅野みや	人名	人名	人名	upstream			
みや	宅野みや	人名	人名	人名	upstream			
なばたにきのこ	茸谷きの子	人名	人名	人名	upstream			
きのこ	茸谷きの子	人名	人名	人名	upstream			
たつぬまでぃあ	辰沼ディア	人名	人名	人名	upstream			
でぃあ	辰沼ディア	人名	人名	人名	upstream			
たにだとうか	谷田透佳	人名	人名	人名	upstream			
やたとうか	谷田透佳	人名	人名	人名	upstream			
とうか	谷田透佳	人名	人名	人名	upstream			
まみしろめるも	狸白めるも	人名	人名	人名	upstream			
めるも	狸白めるも	人名	人名	人名	upstream			
にわにわこ	丹羽にわこ	人名	人名	人名	upstream			
にわこ	丹羽にわこ	人名	人名	人名	upstream			
なげきのありあ	嘆きのアリア	人名	人名	人名	upstream			
ありあ	嘆きのアリア	人名	人名	人名	upstream			
あわゆきさくら	淡雪さくら	人名	人名	人名	upstream			
さくら	淡雪さくら	人名	人名	人名	upstream			
おがなもめ	男鹿なもめ	人名	人名	人名	upstream			
なもめ	男鹿なもめ	人名	人名	人名	upstream			
じごくのれんげ	地獄の蓮華	人名	人名	人名	upstream			
れんげ	地獄の蓮華	人名	人名	人名	upstream			
じごくまちりんす	地獄街リンス	人名	人名	人名	upstream			
りんす	地獄街リンス	人名	人名	人名	upstream			
じさきじら	地崎ジラ	人名	人名	人名	upstream			
じら	地崎ジラ	人名	人名	人名	upstream			
ちずあげささみ	地図揚ささ美	人名	人名	人名	upstream			
ささみ	地図揚ささ美	人名	人名	人名	upstream			
ちりふももり	池鯉鮒ももり	人名	人名	人名	upstream			
ももり	池鯉鮒ももり	人名	人名	人名	upstream			
きずく	築	名	名	人名	upstream			
たけはなのーと	竹花ノート	人名	人名	人名	upstream			
のーと	竹花ノート	人名	人名	人名	upstream			
たけはらのーと	竹原ノート	人名	人名	人名	upstream			
たけとりかるた	竹取かるた	人名	人名	人名	upstream			
かるた	竹取かるた	人名	人名	人名	upstream			
たけやさおだけ	竹谷竿丈	人名	人名	人名	upstream			
さおだけ	竹谷竿丈	人名	人名	人名	upstream			
たけなかぜんべえ	竹中全兵衛	人名	人名	人名	upstream			
ぜんべえ	竹中全兵衛	人名	人名	人名	upstream			
さごしきよか	茶越きよか	人名	人名	人名	upstream			
さむらつばき	茶村椿	人名	人名	人名	upstream			
つばき	茶村椿	人名	人名	人名	upstream			
ちゃちゃぷらむむ	茶々プラムム	人名	人名	人名	upstream			
ささらかな	茶々良かな	人名	人名	人名	upstream			
かな	茶々良かな	人名	人名	人名	upstream			
ちゃつみなずな	茶柘なずな	人名	人名	人名	upstream			
なずな	茶柘なずな	人名	人名	人名	upstream			
なかむらめしあ	中村メシア	人名	人名	人名	upstream			
めしあ	中村メシア	人名	人名	人名	upstream			
なかたつむり	中田つむり	人名	人名	人名	upstream			
つむり	中田つむり	人名	人名	人名	upstream			
なかべずい	中部ずい	人名	人名	人名	upstream			
ずい	中部ずい	人名	人名	人名	upstream			
なかみねりりぃ	中峯リリィ	人名	人名	人名	upstream			
りりぃ	中峯リリィ	人名	人名	人名	upstream			
そらづきてぃら	宙月ティラ	人名	人名	人名	upstream			
てぃら	宙月ティラ	人名	人名	人名	upstream			
ちゅうけんしず	忠犬しず	人名	人名	人名	upstream			
しず	忠犬しず	人名	人名	人名	upstream			
ひるもりやも	昼森やも	人名	人名	人名	upstream			
やも	昼森やも	人名	人名	人名	upstream			
とばりましび	帳魔シビ	人名	人名	人名	upstream			
しび	帳魔シビ	人名	人名	人名	upstream			
とむらいやまい	弔遺病	人名	人名	人名	upstream			
やまい	弔遺病	人名	人名	人名	upstream			
ちょうえきたろう	懲役太郎	人名	人名	人名	upstream			
たろう	懲役太郎	人名	人名	人名	upstream			
あさのあかね	朝ノ茜	人名	人名	人名	upstream			
あかね	朝ノ茜	人名	人名	人名	upstream			
あさのひかり	朝ノ光	人名	人名	人名	upstream			
ひかり	朝ノ光	人名	人名	人名	upstream			
あさのしまい	朝ノ姉妹	名詞	名詞	名詞	upstream			
あさのるり	朝ノ瑠璃	人名	人名	人名	upstream			
るり	朝ノ瑠璃	人名	人名	人名	upstream			
あさがえり	朝家エリ	人名	人名	人名	upstream			
えり	朝家エリ	人名	人名	人名	upstream			
あさつゆしお	朝霞しお	人名	人名	人名	upstream			
しお	朝霞しお	人名	人名	人名	upstream			
あさみやゆり	朝宮ゆり	人名	人名	人名	upstream			
ゆり	朝宮ゆり	人名	人名	人名	upstream			
あさくらあんこ	朝倉杏子	人名	人名	人名	upstream			
あんこ	朝倉杏子	人名	人名	人名	upstream			
あさくらひなた	朝倉日向	人名	人名	人名	upstream			
ひなた	朝倉日向	人名	人名	人名	upstream			
あさなぎせいら	朝凪せいら	人名	人名	人名	upstream			
せいら	朝凪せいら	人名	人名	人名	upstream			
あさひなゆう	朝日奈侑	人名	人名	人名	upstream			
ゆう	朝日奈侑	人名	人名	人名	upstream			
あさひなあかね	朝日南アカネ	人名	人名	人名	upstream			
あかね	朝日南アカネ	人名	人名	人名	upstream			
あさのよぐると	朝乃夜ぐると	人名	人名	人名	upstream			
ぐると	朝乃夜ぐると	人名	人名	人名	upstream			
あさひなうた	朝比奈うた	人名	人名	人名	upstream			
うた	朝比奈うた	人名	人名	人名	upstream			
あさひないち	朝比奈壱	人名	人名	人名	upstream			
いち	朝比奈壱	人名	人名	人名	upstream			
あさひなえい	朝比奈永	人名	人名	人名	upstream			
えい	朝比奈永	人名	人名	人名	upstream			
あさひなあお	朝比奈蒼	人名	人名	人名	upstream			
あお	朝比奈蒼	人名	人名	人名	upstream			
あさひなみや	朝比奈美夜	人名	人名	人名	upstream			
みや	朝比奈美夜	人名	人名	人名	upstream			
あさぎりいづる	朝霧いづる	人名	人名	人名	upstream			
いづる	朝霧いづる	人名	人名	人名	upstream			
あさとけさらさ	朝溶さらさ	人名	人名	人名	upstream			
さらさ	朝溶さらさ	人名	人名	人名	upstream			
あさひいのり	朝陽いのり	人名	人名	人名	upstream			
いのり	朝陽いのり	人名	人名	人名	upstream			
あさひきのこ	朝陽キノコ	人名	人名	人名	upstream			
きのこ	朝陽キノコ	人名	人名	人名	upstream			
あさひにいな	朝陽にいな	人名	人名	人名	upstream			
にいな	朝陽にいな	人名	人名	人名	upstream			
まちたちま	町田ちま	人名	人名	人名	upstream			
ちま	町田ちま	人名	人名	人名	upstream			
ちょうやはなび	蝶屋はなび	人名	人名	人名	upstream			
はなび	蝶屋はなび	人名	人名	人名	upstream			
つかつきおとは	調月音葉	人名	人名	人名	upstream			
おとは	調月音葉	人名	人名	人名	upstream			
とびあ	跳亜	人名	人名	人名	upstream			
ながさきさるく	長崎さるく	人名	人名	人名	upstream			
さるく	長崎さるく	人名	人名	人名	upstream			
ながせゆか	長瀬有花	人名	人名	人名	upstream			
ゆか	長瀬有花	人名	人名	人名	upstream			
はせみこと	長谷みこと	人名	人名	人名	upstream			
みこと	長谷みこと	人名	人名	人名	upstream			
ながおけい	長尾景	人名	人名	人名	upstream			
けい	長尾景	人名	人名	人名	upstream			
とばこはく	鳥羽こはく	人名	人名	人名	upstream			
こはく	鳥羽こはく	人名	人名	人名	upstream			
とりいびあんか	鳥居ビアンカ	人名	人名	人名	upstream			
びあんか	鳥居ビアンカ	人名	人名	人名	upstream			
ちょうじゅうぎが	鳥獣ギガ	人名	人名	人名	upstream			
ぎが	鳥獣ギガ	人名	人名	人名	upstream			
ちょうじゅうてら	鳥獣テラ	人名	人名	人名	upstream			
てら	鳥獣テラ	人名	人名	人名	upstream			
とりのかをり	鳥乃カヲリ	人名	人名	人名	upstream			
かをり	鳥乃カヲリ	人名	人名	人名	upstream			
くぁんくぁん	陳框框	人名	人名	人名	upstream			
つがるりんこ	津軽りんこ	人名	人名	人名	upstream			
りんこ	津軽りんこ	人名	人名	人名	upstream			
しいなまとい	椎南纏	人名	人名	人名	upstream			
まとい	椎南纏	人名	人名	人名	upstream			
しいなゆーり	椎名ユーリ	人名	人名	人名	upstream			
ゆーり	椎名ユーリ	人名	人名	人名	upstream			
しいなかな	椎名佳奈	人名	人名	人名	upstream			
かな	椎名佳奈	人名	人名	人名	upstream			
しいなゆいか	椎名唯華	人名	人名	人名	upstream			
ゆいか	椎名唯華	人名	人名	人名	upstream			
しいばあきら	椎葉アキラ	人名	人名	人名	upstream			
あきら	椎葉アキラ	人名	人名	人名	upstream			
つくだにのりお	佃煮のりお	人名	人名	人名	upstream			
のりお	佃煮のりお	人名	人名	人名	upstream			
ざくろしろ	柘榴シロ	人名	人名	人名	upstream			
しろ	柘榴シロ	人名	人名	人名	upstream			
つじうられい	辻麗月	人名	人名	人名	upstream			
つづりめひがさ	綴目日傘	人名	人名	人名	upstream			
ひがさ	綴目日傘	人名	人名	人名	upstream			
つばきせいぎ	椿正義	人名	人名	人名	upstream			
つばきだりさ	椿田りさ	人名	人名	人名	upstream			
りさ	椿田りさ	人名	人名	人名	upstream			
つばきめい	椿木めい	人名	人名	人名	upstream			
めい	椿木めい	人名	人名	人名	upstream			
つぼくらてるあき	坪倉輝明	人名	人名	人名	upstream			
てるあき	坪倉輝明	人名	人名	人名	upstream			
むぎたまご	紬たまご	人名	人名	人名	upstream			
たまご	紬たまご	人名	人名	人名	upstream			
つるづきひめ	鶴月姫	人名	人名	人名	upstream			
すず	鶴月姫	人名	人名	人名	upstream			
つるきくゆ	鶴来くゆ	人名	人名	人名	upstream			
くゆ	鶴来くゆ	人名	人名	人名	upstream			
つるきつゆ	鶴来つゆ	人名	人名	人名	upstream			
つゆ	鶴来つゆ	人名	人名	人名	upstream			
じょうすいじしんり	定水寺シンリ	人名	人名	人名	upstream			
しんり	定水寺シンリ	人名	人名	人名	upstream			
みかど	帝	人名	人名	人名	upstream			
てづかれいと	帝塚伶人	人名	人名	人名	upstream			
れいと	帝塚伶人	人名	人名	人名	upstream			
まといろぜ	的射ロゼ	人名	人名	人名	upstream			
ろぜ	的射ロゼ	人名	人名	人名	upstream			
かぶらやねね	鏑矢ねね	人名	人名	人名	upstream			
ねね	鏑矢ねね	人名	人名	人名	upstream			
あまがせむゆ	天ヶ瀬むゆ	人名	人名	人名	upstream			
むゆ	天ヶ瀬むゆ	人名	人名	人名	upstream			
あまのおと	天ノおと	人名	人名	人名	upstream			
おと	天ノおと	人名	人名	人名	upstream			
あまのがわりさ	天ノ川リサ	人名	人名	人名	upstream			
りさ	天ノ川リサ	人名	人名	人名	upstream			
あまはねよつは	天羽よつは	人名	人名	人名	upstream			
よつは	天羽よつは	人名	人名	人名	upstream			
あまはねみらん	天羽音みらん	人名	人名	人名	upstream			
みらん	天羽音みらん	人名	人名	人名	upstream			
てんのうじりな	天王寺璃奈	人名	人名	人名	upstream			
りな	天王寺璃奈	人名	人名	人名	upstream			
あまねかなた	天音かなた	人名	人名	人名	upstream			
かなた	天音かなた	人名	人名	人名	upstream			
あまねまほ	天音マホ	人名	人名	人名	upstream			
まほ	天音マホ	人名	人名	人名	upstream			
てんげんじまりあ	天花寺まりあ	人名	人名	人名	upstream			
まりあ	天花寺まりあ	人名	人名	人名	upstream			
てんかいつかさ	天開司	人名	人名	人名	upstream			
つかさ	天開司	人名	人名	人名	upstream			
あまきおこめ	天輝おこめ	人名	人名	人名	upstream			
おこめ	天輝おこめ	人名	人名	人名	upstream			
あまつきかはく	天鬼カハク	人名	人名	人名	upstream			
かはく	天鬼カハク	人名	人名	人名	upstream			
あまみや	天宮	姓	姓	人名	upstream			
あまみやこころ	天宮こころ	人名	人名	人名	upstream			
こころ	天宮こころ	人名	人名	人名	upstream			
あまみやさく	天宮朔	人名	人名	人名	upstream			
さく	天宮朔	人名	人名	人名	upstream			
あくままくら	天喰まくら	人名	人名	人名	upstream			
まくら	天喰まくら	人名	人名	人名	upstream			
あまつきこよみ	天月こよみ	人名	人名	人名	upstream			
こよみ	天月こよみ	人名	人名	人名	upstream			
あまみこうじ	天見浩司	人名	人名	人名	upstream			
こうじ	天見浩司	人名	人名	人名	upstream			
あまつかいろは	天使いろは	人名	人名	人名	upstream			
いろは	天使いろは	人名	人名	人名	upstream			
あまつかえむ	天使エム	人名	人名	人名	upstream			
えむ	天使エム	人名	人名	人名	upstream			
あまつかえる	天使エル	人名	人名	人名	upstream			
える	天使エル	人名	人名	人名	upstream			
あまつかりりえる	天使リリエル	人名	人名	人名	upstream			
りりえる	天使リリエル	人名	人名	人名	upstream			
あまつかあいせ	天使愛聖	人名	人名	人名	upstream			
あいせ	天使愛聖	人名	人名	人名	upstream			
てんしだいこうらんぐどしゃ	天使代行ラングドシャ	人名	人名	人名	upstream			
らんぐどしゃ	天使代行ラングドシャ	人名	人名	人名	upstream			
てんしちゃん	天死ちゃん	人名	人名	人名	upstream			
あまぎてん	天城てん	人名	人名	人名	upstream			
てん	天城てん	人名	人名	人名	upstream			
あまぎらうる	天城ラウル	人名	人名	人名	upstream			
らうる	天城ラウル	人名	人名	人名	upstream			
てんじょういんあぎと	天条院アギト	人名	人名	人名	upstream			
あぎと	天条院アギト	人名	人名	人名	upstream			
てんじんことね	天神子兎音	人名	人名	人名	upstream			
ことね	天神子兎音	人名	人名	人名	upstream			
あまかわあると	天川アルト	人名	人名	人名	upstream			
あると	天川アルト	人名	人名	人名	upstream			
あまかわさくら	天川さくら	人名	人名	人名	upstream			
さくら	天川さくら	人名	人名	人名	upstream			
あまかわはの	天川はの	人名	人名	人名	upstream			
はの	天川はの	人名	人名	人名	upstream			
あまとりこころ	天鳥ココロ	人名	人名	人名	upstream			
こころ	天鳥ココロ	人名	人名	人名	upstream			
てんていふぉるて	天帝フォルテ	人名	人名	人名	upstream			
ふぉるて	天帝フォルテ	人名	人名	人名	upstream			
てんどうもやし	天道もやし	人名	人名	人名	upstream			
もやし	天道もやし	人名	人名	人名	upstream			
そらのひよ	天乃ひよ	人名	人名	人名	upstream			
ひよ	天乃ひよ	人名	人名	人名	upstream			
あまのみずえいと	天之水泳斗	人名	人名	人名	upstream			
えいと	天之水泳斗	人名	人名	人名	upstream			
あまのつるぎ	天埜つるぎ	人名	人名	人名	upstream			
つるぎ	天埜つるぎ	人名	人名	人名	upstream			
てんまよもぎ	天馬よもぎ	人名	人名	人名	upstream			
よもぎ	天馬よもぎ	人名	人名	人名	upstream			
てんびんはかり	天秤はかり	人名	人名	人名	upstream			
はかり	天秤はかり	人名	人名	人名	upstream			
あまねきょうこ	天舞音叫子	人名	人名	人名	upstream			
きょうこ	天舞音叫子	人名	人名	人名	upstream			
あまかぜしゃの	天風しゃの	人名	人名	人名	upstream			
しゃの	天風しゃの	人名	人名	人名	upstream			
あまかぜしろな	天風白奈	人名	人名	人名	upstream			
しろな	天風白奈	人名	人名	人名	upstream			
てんままりな	天魔マリナ	人名	人名	人名	upstream			
まりな	天魔マリナ	人名	人名	人名	upstream			
あまのすずらん	天野スズラン	人名	人名	人名	upstream			
すずらん	天野スズラン	人名	人名	人名	upstream			
あまのぴかみぃ	天野ピカミィ	人名	人名	人名	upstream			
ぴかみぃ	天野ピカミィ	人名	人名	人名	upstream			
ぴかみい	天野ピカミィ	人名	人名	人名	upstream			
あまのひかり	天野ヒカリ	人名	人名	人名	upstream			
ひかり	天野ヒカリ	人名	人名	人名	upstream			
あまのせいたろう	天野声太郎	人名	人名	人名	upstream			
せいたろう	天野声太郎	人名	人名	人名	upstream			
あまのねね	天野寧々	人名	人名	人名	upstream			
ねね	天野寧々	人名	人名	人名	upstream			
あまやのの	天矢のの	人名	人名	人名	upstream			
のの	天矢のの	人名	人名	人名	upstream			
てんなるーしぃ	天和ルーシィ	人名	人名	人名	upstream			
るーしぃ	天和ルーシィ	人名	人名	人名	upstream			
あまいひよ	天曰ひよ	人名	人名	人名	upstream			
ひよ	天曰ひよ	人名	人名	人名	upstream			
てんらんみぃ	天爛みぃ	人名	人名	人名	upstream			
てんらんみい	天爛みぃ	人名	人名	人名	upstream			
みぃ	天爛みぃ	人名	人名	人名	upstream			
みい	天爛みぃ	人名	人名	人名	upstream			
あまつなささは	天絆ささは	人名	人名	人名	upstream			
ささは	天絆ささは	人名	人名	人名	upstream			
あまぎゆめか	天綺夢叶	人名	人名	人名	upstream			
ゆめか	天綺夢叶	人名	人名	人名	upstream			
てんしょういんひいな	天翔院ひいな	人名	人名	人名	upstream			
ひいな	天翔院ひいな	人名	人名	人名	upstream			
うたたねうーたん	転寝うーたん	人名	人名	人名	upstream			
うーたん	転寝うーたん	人名	人名	人名	upstream			
すぅすぅ	点酥	人名	人名	人名	upstream			
たなかのおっさん	田中のおっさん	人名	人名	人名	upstream			
おっさん	田中のおっさん	人名	人名	人名	upstream			
たなかひめ	田中ヒメ	人名	人名	人名	upstream			
ひめ	田中ヒメ	人名	人名	人名	upstream			
たなかよしお	田中好男	人名	人名	人名	upstream			
よしお	田中好男	人名	人名	人名	upstream			
たのしば	田野柴	人名	人名	人名	upstream			
でんのうでんねーと	電脳デンネート	人名	人名	人名	upstream			
でんねーと	電脳デンネート	人名	人名	人名	upstream			
でんのうりありす	電脳リアリス	人名	人名	人名	upstream			
りありす	電脳リアリス	人名	人名	人名	upstream			
でんのうしょうじょしろ	電脳少女シロ	人名	人名	人名	upstream			
しろ	電脳少女シロ	人名	人名	人名	upstream			
さいばーでぶりいちか	電脳塵イチカ	人名	人名	人名	upstream			
いちか	電脳塵イチカ	人名	人名	人名	upstream			
でんぱちゃん	電波ちゃん	人名	人名	人名	upstream			
でんぱゆうゆ	電波ゆうゆ	人名	人名	人名	upstream			
ゆうゆ	電波ゆうゆ	人名	人名	人名	upstream			
うさぎとまおう	兎と魔王	人名	人名	人名	upstream			
とばりここ	兎羽理ここ	人名	人名	人名	upstream			
ここ	兎羽理ここ	人名	人名	人名	upstream			
とかげめう	兎影めう	人名	人名	人名	upstream			
めう	兎影めう	人名	人名	人名	upstream			
うさぞのるるか	兎園るるか	人名	人名	人名	upstream			
るるか	兎園るるか	人名	人名	人名	upstream			
とまりまり	兎鞠まり	人名	人名	人名	upstream			
まり	兎鞠まり	人名	人名	人名	upstream			
うきょうねむ	兎鏡ねむ	人名	人名	人名	upstream			
ねむ	兎鏡ねむ	人名	人名	人名	upstream			
うきょう	兎響	人名	人名	人名	upstream			
みつきゆるみ	兎月ゆるみ	人名	人名	人名	upstream			
ゆるみ	兎月ゆるみ	人名	人名	人名	upstream			
うづきうた	兎月詩	人名	人名	人名	upstream			
うた	兎月詩	人名	人名	人名	upstream			
とさきみみ	兎咲ミミ	人名	人名	人名	upstream			
みみ	兎咲ミミ	人名	人名	人名	upstream			
とやましづき	兎山紫月	人名	人名	人名	upstream			
しづき	兎山紫月	人名	人名	人名	upstream			
うさみみ	兎紗みみ	人名	人名	人名	upstream			
みみ	兎紗みみ	人名	人名	人名	upstream			
うすいぽむ	兎推ぽむ	人名	人名	人名	upstream			
ぽむ	兎推ぽむ	人名	人名	人名	upstream			
うさだぺこら	兎田ぺこら	人名	人名	人名	upstream			
ぺこら	兎田ぺこら	人名	人名	人名	upstream			
とときさき	兎々錦サキ	人名	人名	人名	upstream			
さき	兎々錦サキ	人名	人名	人名	upstream			
うどうまや	兎洞摩耶	人名	人名	人名	upstream			
まや	兎洞摩耶	人名	人名	人名	upstream			
うさめまる	兎目まる	人名	人名	人名	upstream			
まる	兎目まる	人名	人名	人名	upstream			
うさたまあみゅ	兎彷魂あみゅ	人名	人名	人名	upstream			
あみゅ	兎彷魂あみゅ	人名	人名	人名	upstream			
とわきせき	斗和キセキ	人名	人名	人名	upstream			
きせき	斗和キセキ	人名	人名	人名	upstream			
わたらいひばり	渡会雲雀	人名	人名	人名	upstream			
ひばり	渡会雲雀	人名	人名	人名	upstream			
とがはらじん	都ヶ原ジン	人名	人名	人名	upstream			
じん	都ヶ原ジン	人名	人名	人名	upstream			
とみじろらみょん	都三代らみょん	人名	人名	人名	upstream			
らみょん	都三代らみょん	人名	人名	人名	upstream			
たびびと	度人	人名	人名	人名	upstream			
どぐうはにわ	土偶はにわ	人名	人名	人名	upstream			
はにわ	土偶はにわ	人名	人名	人名	upstream			
つちみかどはると	土御門ハルト	人名	人名	人名	upstream			
はると	土御門ハルト	人名	人名	人名	upstream			
どろつばさ	土路つばさ	人名	人名	人名	upstream			
つばさ	土路つばさ	人名	人名	人名	upstream			
ふゆぞらゆき	冬空ゆき	人名	人名	人名	upstream			
ゆき	冬空ゆき	人名	人名	人名	upstream			
ふゆもりしずく	冬守しずく	人名	人名	人名	upstream			
しずく	冬守しずく	人名	人名	人名	upstream			
ふゆき	冬雪	名	名	人名	upstream			
とうじょうゆづき	冬條雪月	人名	人名	人名	upstream			
ゆづき	冬條雪月	人名	人名	人名	upstream			
いてばれゆき	凍晴ユキ	人名	人名	人名	upstream			
ゆき	凍晴ユキ	人名	人名	人名	upstream			
とうや	刀也	人名	人名	人名	upstream			
たれんしー	塔凌絲	人名	人名	人名	upstream			
しまむらしゃるろっと	島村シャルロット	人名	人名	人名	upstream			
しゃるろっと	島村シャルロット	人名	人名	人名	upstream			
しののめしずく	東雲しずく	人名	人名	人名	upstream			
しののめねう	東雲ネウ	人名	人名	人名	upstream			
ねう	東雲ネウ	人名	人名	人名	upstream			
しののめめぐ	東雲めぐ	人名	人名	人名	upstream			
めぐ	東雲めぐ	人名	人名	人名	upstream			
しののめやまと	東雲大和	人名	人名	人名	upstream			
やまと	東雲大和	人名	人名	人名	upstream			
とうどうこはく	東堂コハク	人名	人名	人名	upstream			
こはく	東堂コハク	人名	人名	人名	upstream			
あがたいなか	東方いなか	人名	人名	人名	upstream			
いなか	東方いなか	人名	人名	人名	upstream			
ももいさき	桃ゐ咲鬼	人名	人名	人名	upstream			
さき	桃ゐ咲鬼	人名	人名	人名	upstream			
ももぞのねむ	桃園ねむ	人名	人名	人名	upstream			
ねむ	桃園ねむ	人名	人名	人名	upstream			
ももかわせいの	桃河セイノ	人名	人名	人名	upstream			
せいの	桃河セイノ	人名	人名	人名	upstream			
もかあいむ	桃禾あいむ	人名	人名	人名	upstream			
あいむ	桃禾あいむ	人名	人名	人名	upstream			
ももまるねくと	桃丸ねくと	人名	人名	人名	upstream			
ねくと	桃丸ねくと	人名	人名	人名	upstream			
とうげんきょうや	桃源キョウヤ	人名	人名	人名	upstream			
きょうや	桃源キョウヤ	人名	人名	人名	upstream			
ももがみぴんく	桃上ぴんく	人名	人名	人名	upstream			
ぴんく	桃上ぴんく	人名	人名	人名	upstream			
とっち	桃星	人名	人名	人名	upstream			
ももほしまなか	桃星愛花	人名	人名	人名	upstream			
まなか	桃星愛花	人名	人名	人名	upstream			
ももか	桃代	人名	人名	人名	upstream			
もものゆらり	桃乃ゆらり	人名	人名	人名	upstream			
ゆらり	桃乃ゆらり	人名	人名	人名	upstream			
ももすずねね	桃鈴ねね	人名	人名	人名	upstream			
ねね	桃鈴ねね	人名	人名	人名	upstream			
とうかみり	燈火ミリ	人名	人名	人名	upstream			
ともさきねお	燈咲ネオ	人名	人名	人名	upstream			
ねお	燈咲ネオ	人名	人名	人名	upstream			
とうだえま	燈田エマ	人名	人名	人名	upstream			
えま	燈田エマ	人名	人名	人名	upstream			
とうまりん	燈舞りん	人名	人名	人名	upstream			
りん	燈舞りん	人名	人名	人名	upstream			
とうみょうじかぐら	燈明寺かぐら	人名	人名	人名	upstream			
かぐら	燈明寺かぐら	人名	人名	人名	upstream			
ろーろー	로로	人名	人名	人名	upstream			
つつがまえひっと	筒ヶ前必斗	人名	人名	人名	upstream			
ひっと	筒ヶ前必斗	人名	人名	人名	upstream			
ふじがさきかとりーぬ	藤ヶ崎カトリーヌ	人名	人名	人名	upstream			
かとりーぬ	藤ヶ崎カトリーヌ	人名	人名	人名	upstream			
とうます	藤ます	人名	人名	人名	upstream			
ふじまさくら	藤間桜	人名	人名	人名	upstream			
さくら	藤間桜	人名	人名	人名	upstream			
ふじみやことは	藤宮コトハ	人名	人名	人名	upstream			
ことは	藤宮コトハ	人名	人名	人名	upstream			
ふじみやゆかり	藤宮ゆかり	人名	人名	人名	upstream			
ゆかり	藤宮ゆかり	人名	人名	人名	upstream			
ふじみやゆの	藤宮悠乃	人名	人名	人名	upstream			
ゆの	藤宮悠乃	人名	人名	人名	upstream			
ふじわらいと	藤原いと	人名	人名	人名	upstream			
いと	藤原いと	人名	人名	人名	upstream			
ふじさきしおり	藤崎詩織	人名	人名	人名	upstream			
しおり	藤崎詩織	人名	人名	人名	upstream			
ふじさきゆあ	藤崎由愛	人名	人名	人名	upstream			
ゆあ	藤崎由愛	人名	人名	人名	upstream			
ふじたゆい	藤多柚衣	人名	人名	人名	upstream			
ゆい	藤多柚衣	人名	人名	人名	upstream			
ふじしませいいちごう	藤島製１号	人名	人名	人名	upstream			
とうどうえみり	藤堂エミリ	人名	人名	人名	upstream			
えみり	藤堂エミリ	人名	人名	人名	upstream			
とうどうえみる	藤堂エミル	人名	人名	人名	upstream			
えみる	藤堂エミル	人名	人名	人名	upstream			
とうどうるい	藤堂るい	人名	人名	人名	upstream			
るい	藤堂るい	人名	人名	人名	upstream			
ふじなんどめのう	藤納戸めのう	人名	人名	人名	upstream			
めのう	藤納戸めのう	人名	人名	人名	upstream			
とおとるちか	透々ルチカ	人名	人名	人名	upstream			
るちか	透々ルチカ	人名	人名	人名	upstream			
うごくしろのふぃお	動く城のフィオ	人名	人名	人名	upstream			
ふぃお	動く城のフィオ	人名	人名	人名	upstream			
どうしちぎんろう	堂七銀狼	人名	人名	人名	upstream			
ぎんろう	堂七銀狼	人名	人名	人名	upstream			
わらべだ	童田	姓	姓	人名	upstream			
わらべだめいじー	童田明治	人名	人名	人名	upstream			
めいじー	童田明治	人名	人名	人名	upstream			
めいじ	童田明治	人名	人名	人名	upstream			
がぶ	童田明治	人名	人名	人名	upstream			
どうみょうじここあ	道明寺ここあ	人名	人名	人名	upstream			
ここあ	道明寺ここあ	人名	人名	人名	upstream			
どうみょうじはると	道明寺晴翔	人名	人名	人名	upstream			
はるかす	道明寺晴翔	人名	人名	人名	upstream			
はると	道明寺晴翔	人名	人名	人名	upstream			
ふみの	読谷山文乃	人名	人名	人名	upstream			
とどきうか	届木ウカ	人名	人名	人名	upstream			
うか	届木ウカ	人名	人名	人名	upstream			
くもういづる	曇一絃	人名	人名	人名	upstream			
いづる	曇一絃	人名	人名	人名	upstream			
なにぬねね	奈日抽ねね	人名	人名	人名	upstream			
ねね	奈日抽ねね	人名	人名	人名	upstream			
ならか	奈羅花	人名	人名	人名	upstream			
なかみわお	那加みわお	人名	人名	人名	upstream			
みわお	那加みわお	人名	人名	人名	upstream			
ないとめあり	内塔萌光	人名	人名	人名	upstream			
めあり	内塔萌光	人名	人名	人名	upstream			
ささき	内務省エージェントプログラム佐々木	人名	人名	人名	upstream			
なぎはらすずな	凪原涼菜	人名	人名	人名	upstream			
すずな	凪原涼菜	人名	人名	人名	upstream			
なぎのましろ	凪乃ましろ	人名	人名	人名	upstream			
ましろ	凪乃ましろ	人名	人名	人名	upstream			
みなみてい	南テイ	人名	人名	人名	upstream			
てい	南テイ	人名	人名	人名	upstream			
みなみてい	南てい	人名	人名	人名	upstream			
みなみあやね	南絢音	人名	人名	人名	upstream			
あやね	南絢音	人名	人名	人名	upstream			
なぐもべる	南雲ベル	人名	人名	人名	upstream			
べる	南雲ベル	人名	人名	人名	upstream			
なんかいあいす	南海あいす	人名	人名	人名	upstream			
あいす	南海あいす	人名	人名	人名	upstream			
なんようゆうき	南陽結城	人名	人名	人名	upstream			
ゆうき	南陽結城	人名	人名	人名	upstream			
なんじょうゆめじ	南條夢路	人名	人名	人名	upstream			
ゆめじ	南條夢路	人名	人名	人名	upstream			
くすのきさらら	楠木さらら	人名	人名	人名	upstream			
さらら	楠木さらら	人名	人名	人名	upstream			
くすのきしお	楠栞桜	人名	人名	人名	upstream			
しお	楠栞桜	人名	人名	人名	upstream			
ふたきはるか	二季春夏	人名	人名	人名	upstream			
はるか	二季春夏	人名	人名	人名	upstream			
にてらそうご	二寺蒼五	人名	人名	人名	upstream			
そうご	二寺蒼五	人名	人名	人名	upstream			
ふわもちあんこ	二和餅あんこ	人名	人名	人名	upstream			
あんこ	二和餅あんこ	人名	人名	人名	upstream			
にと	弐ト	人名	人名	人名	upstream			
にくへんちゃん	肉片ちゃん	人名	人名	人名	upstream			
にくへん	肉片ちゃん	人名	人名	人名	upstream			
にじかわらき	虹河ラキ	人名	人名	人名	upstream			
らき	虹河ラキ	人名	人名	人名	upstream			
にじいろひらり	虹色ひらり	人名	人名	人名	upstream			
ひらり	虹色ひらり	人名	人名	人名	upstream			
にじのまほろ	虹乃まほろ	人名	人名	人名	upstream			
まほろ	虹乃まほろ	人名	人名	人名	upstream			
にじのまほろ	虹野まほろ	人名	人名	人名	upstream			
まほろ	虹野まほろ	人名	人名	人名	upstream			
ひのくまらん	日ノ隈らん	人名	人名	人名	upstream			
らん	日ノ隈らん	人名	人名	人名	upstream			
ひのもりあんず	日ノ森あんず	人名	人名	人名	upstream			
あんず	日ノ森あんず	人名	人名	人名	upstream			
ひのもとまい	日ノ本マイ	人名	人名	人名	upstream			
まい	日ノ本マイ	人名	人名	人名	upstream			
ひやといれいこ	日雇礼子	人名	人名	人名	upstream			
れいこ	日雇礼子	人名	人名	人名	upstream			
ひのみこしおん	日御子シオン	人名	人名	人名	upstream			
しおん	日御子シオン	人名	人名	人名	upstream			
ひむかいこがね	日向こがね	人名	人名	人名	upstream			
こがね	日向こがね	人名	人名	人名	upstream			
ひなたななか	日向ななか	人名	人名	人名	upstream			
ななか	日向ななか	人名	人名	人名	upstream			
ひむかいろう	日向ロウ	人名	人名	人名	upstream			
ろう	日向ロウ	人名	人名	人名	upstream			
ひなたなお	日向奈央	人名	人名	人名	upstream			
なお	日向奈央	人名	人名	人名	upstream			
ひいろくま	日色くま	人名	人名	人名	upstream			
くま	日色くま	人名	人名	人名	upstream			
たちごりつぎて	日日継手	人名	人名	人名	upstream			
つぎて	日日継手	人名	人名	人名	upstream			
ひのはな	日野ハナ	人名	人名	人名	upstream			
はな	日野ハナ	人名	人名	人名	upstream			
にちようばしすい	日曜橋翠	人名	人名	人名	upstream			
すい	日曜橋翠	人名	人名	人名	upstream			
ひうらくろ	日裏クロ	人名	人名	人名	upstream			
くろ	日裏クロ	人名	人名	人名	upstream			
ひよりかばん	日和かばん	人名	人名	人名	upstream			
かばん	日和かばん	人名	人名	人名	upstream			
ひよりちひよ	日和ちひよ	人名	人名	人名	upstream			
ちひよ	日和ちひよ	人名	人名	人名	upstream			
ひといきくなく	入生クナク	人名	人名	人名	upstream			
くなく	入生クナク	人名	人名	人名	upstream			
はいとりの	入都りの	人名	人名	人名	upstream			
りの	入都りの	人名	人名	人名	upstream			
あゆみ	入福步	人名	人名	人名	upstream			
きさらぎかるら	如月カルラ	人名	人名	人名	upstream			
かるら	如月カルラ	人名	人名	人名	upstream			
きさらぎこより	如月こより	人名	人名	人名	upstream			
こより	如月こより	人名	人名	人名	upstream			
きさらぎたると	如月たると	人名	人名	人名	upstream			
たると	如月たると	人名	人名	人名	upstream			
きさらぎはる	如月はる	人名	人名	人名	upstream			
はる	如月はる	人名	人名	人名	upstream			
きさらぎほたる	如月ほたる	人名	人名	人名	upstream			
ほたる	如月ほたる	人名	人名	人名	upstream			
きさらぎれん	如月れん	人名	人名	人名	upstream			
れん	如月れん	人名	人名	人名	upstream			
きさらぎめい	如月芽依	人名	人名	人名	upstream			
めい	如月芽依	人名	人名	人名	upstream			
しのびねにこ	忍音ニコ	人名	人名	人名	upstream			
にこ	忍音ニコ	人名	人名	人名	upstream			
ねこまのかみはじめ	禰古末ノ神始	人名	人名	人名	upstream			
でぃすこてい	禰好亭	姓	姓	人名	upstream			
でぃすこていめてお	禰好亭めてお	人名	人名	人名	upstream			
めてお	禰好亭めてお	人名	人名	人名	upstream			
ねむねむる	寧夢ねむる	人名	人名	人名	upstream			
ねむる	寧夢ねむる	人名	人名	人名	upstream			
ねこのめあらん	猫ノ目アラン	人名	人名	人名	upstream			
あらん	猫ノ目アラン	人名	人名	人名	upstream			
ねこやしきしゅり	猫屋敷しゅり	人名	人名	人名	upstream			
しゅり	猫屋敷しゅり	人名	人名	人名	upstream			
ねこねすず	猫音すず	人名	人名	人名	upstream			
すず	猫音すず	人名	人名	人名	upstream			
ねこはなつきは	猫華月遥	人名	人名	人名	upstream			
つきは	猫華月遥	人名	人名	人名	upstream			
ねこまちもも	猫街もも	人名	人名	人名	upstream			
もも	猫街もも	人名	人名	人名	upstream			
ねこみやくろえ	猫宮くろえ	人名	人名	人名	upstream			
くろえ	猫宮くろえ	人名	人名	人名	upstream			
ねこみやひなた	猫宮ひなた	人名	人名	人名	upstream			
ひなた	猫宮ひなた	人名	人名	人名	upstream			
ねこみやひろ	猫宮ヒロ	人名	人名	人名	upstream			
ひろ	猫宮ヒロ	人名	人名	人名	upstream			
ねこづきみお	猫月みお	人名	人名	人名	upstream			
みお	猫月みお	人名	人名	人名	upstream			
ねこさきあんじ	猫咲あんじ	人名	人名	人名	upstream			
あんじ	猫咲あんじ	人名	人名	人名	upstream			
ねこもりあやな	猫森彩奈	人名	人名	人名	upstream			
あやな	猫森彩奈	人名	人名	人名	upstream			
ねこたつな	猫汰つな	人名	人名	人名	upstream			
つな	猫汰つな	人名	人名	人名	upstream			
ねこずかたいが	猫塚大翔	人名	人名	人名	upstream			
たいが	猫塚大翔	人名	人名	人名	upstream			
ねこたこた	猫田こた	人名	人名	人名	upstream			
こた	猫田こた	人名	人名	人名	upstream			
ねこのゆきの	猫乃ユキノ	人名	人名	人名	upstream			
ゆきの	猫乃ユキノ	人名	人名	人名	upstream			
ねこのぎもち	猫乃木もち	人名	人名	人名	upstream			
もち	猫乃木もち	人名	人名	人名	upstream			
ねこまたおかゆ	猫又おかゆ	人名	人名	人名	upstream			
おかゆ	猫又おかゆ	人名	人名	人名	upstream			
ねこまたけいと	猫又佳斗	人名	人名	人名	upstream			
けいと	猫又佳斗	人名	人名	人名	upstream			
ねこみりょう	猫魅リョウ	人名	人名	人名	upstream			
りょう	猫魅リョウ	人名	人名	人名	upstream			
ねこや	猫夜	人名	人名	人名	upstream			
ねこはねる	猫葉ねる	人名	人名	人名	upstream			
ねる	猫葉ねる	人名	人名	人名	upstream			
ねこらにゃる	猫雷にゃる	人名	人名	人名	upstream			
にゃる	猫雷にゃる	人名	人名	人名	upstream			
ねこすずみいろ	猫鈴三色	人名	人名	人名	upstream			
みいろ	猫鈴三色	人名	人名	人名	upstream			
ねこのぎべる	猫芒ベル	人名	人名	人名	upstream			
べる	猫芒ベル	人名	人名	人名	upstream			
のうりんすいさんしょう	納凛彗讃翔	人名	人名	人名	upstream			
しょう	納凛彗讃翔	人名	人名	人名	upstream			
のり	能能	人名	人名	人名	upstream			
のみやいぶき	能美屋イブキ	人名	人名	人名	upstream			
いぶき	能美屋イブキ	人名	人名	人名	upstream			
はゆがくえみ	覇優雅エミ	人名	人名	人名	upstream			
えみ	覇優雅エミ	人名	人名	人名	upstream			
はたみいずも	波多見いずも	人名	人名	人名	upstream			
いずも	波多見いずも	人名	人名	人名	upstream			
なみかぜみさき	波風岬	人名	人名	人名	upstream			
みさき	波風岬	人名	人名	人名	upstream			
はらのおに	波羅ノ鬼	人名	人名	人名	upstream			
ばしょうみやかおる	芭蕉宮香	人名	人名	人名	upstream			
かおる	芭蕉宮香	人名	人名	人名	upstream			
うまこしけんたろう	馬越健太郎	人名	人名	人名	upstream			
けんたろう	馬越健太郎	人名	人名	人名	upstream			
ばけん	馬犬	人名	人名	人名	upstream			
ばしゃみちはげみ	馬車道はげみ	人名	人名	人名	upstream			
はげみ	馬車道はげみ	人名	人名	人名	upstream			
うめぞのじゅの	梅園ジュノ	人名	人名	人名	upstream			
じゅの	梅園ジュノ	人名	人名	人名	upstream			
はいばいそこね	這々底寝	人名	人名	人名	upstream			
そこね	這々底寝	人名	人名	人名	upstream			
はえとりかづら	蝿取かづら	人名	人名	人名	upstream			
かづら	蝿取かづら	人名	人名	人名	upstream			
はくいこより	博衣こより	人名	人名	人名	upstream			
こより	博衣こより	人名	人名	人名	upstream			
ばくぎおう	博戯王	名詞	名詞	名詞	upstream			
はかたひめでぃあな	博多姫・ディアナ	人名	人名	人名	upstream			
でぃあな	博多姫・ディアナ	人名	人名	人名	upstream			
かしわいみゃ	柏衣みゃ	人名	人名	人名	upstream			
みゃ	柏衣みゃ	人名	人名	人名	upstream			
かしわぎちよ	柏木知夜	人名	人名	人名	upstream			
とまりすぎるんば	泊杉流芭	人名	人名	人名	upstream			
るんば	泊杉流芭	人名	人名	人名	upstream			
はくあらるら	白亜らるら	人名	人名	人名	upstream			
らるら	白亜らるら	人名	人名	人名	upstream			
はくいくゆか	白衣くゆか	人名	人名	人名	upstream			
くゆか	白衣くゆか	人名	人名	人名	upstream			
はくいまなみ	白衣まなみ	人名	人名	人名	upstream			
まなみ	白衣まなみ	人名	人名	人名	upstream			
しらねこゆき	白音こゆき	人名	人名	人名	upstream			
こゆき	白音こゆき	人名	人名	人名	upstream			
しらねゆき	白音ゆき	人名	人名	人名	upstream			
ゆき	白音ゆき	人名	人名	人名	upstream			
しらかわいふ	白河いふ	人名	人名	人名	upstream			
いふ	白河いふ	人名	人名	人名	upstream			
しらかわしらせ	白河しらせ	人名	人名	人名	upstream			
しらせ	白河しらせ	人名	人名	人名	upstream			
しらはなさく	白花咲	人名	人名	人名	upstream			
さく	白花咲	人名	人名	人名	upstream			
しろかでんはくしゃく	白花伝伯爵	人名	人名	人名	upstream			
はくしゃく	白花伝伯爵	人名	人名	人名	upstream			
しらかばるるは	白樺るるは	人名	人名	人名	upstream			
るるは	白樺るるは	人名	人名	人名	upstream			
しろまくま	白間くま	人名	人名	人名	upstream			
くま	白間くま	人名	人名	人名	upstream			
しろみやみみ	白宮みみ	人名	人名	人名	upstream			
みみ	白宮みみ	人名	人名	人名	upstream			
しろがねしんや	白金慎也	人名	人名	人名	upstream			
しんや	白金慎也	人名	人名	人名	upstream			
しろがねのえる	白銀ノエル	人名	人名	人名	upstream			
のえる	白銀ノエル	人名	人名	人名	upstream			
しろがねもか	白銀モカ	人名	人名	人名	upstream			
もか	白銀モカ	人名	人名	人名	upstream			
しろがねゆりあ	白銀ユリア	人名	人名	人名	upstream			
ゆりあ	白銀ユリア	人名	人名	人名	upstream			
しらたまうたの	白玖ウタノ	人名	人名	人名	upstream			
うたの	白玖ウタノ	人名	人名	人名	upstream			
しろくますず	白熊すず	人名	人名	人名	upstream			
びゃっこえま	白虎えま	人名	人名	人名	upstream			
えま	白虎えま	人名	人名	人名	upstream			
しらまさはんり	白砂ハンリ	人名	人名	人名	upstream			
はんり	白砂ハンリ	人名	人名	人名	upstream			
しらさかてとら	白坂テトラ	人名	人名	人名	upstream			
てとら	白坂テトラ	人名	人名	人名	upstream			
しろさきだいや	白咲ダイヤ	人名	人名	人名	upstream			
だいや	白咲ダイヤ	人名	人名	人名	upstream			
しろさきべる	白咲べる	人名	人名	人名	upstream			
べる	白咲べる	人名	人名	人名	upstream			
しろさきゆのは	白咲ユノハ	人名	人名	人名	upstream			
ゆのは	白咲ユノハ	人名	人名	人名	upstream			
しらさぎねくろ	白鷺ネクロ	人名	人名	人名	upstream			
ねくろ	白鷺ネクロ	人名	人名	人名	upstream			
はくらみこの	白桜みこの	人名	人名	人名	upstream			
みこの	白桜みこの	人名	人名	人名	upstream			
しらかみあゆ	白紙アユ	人名	人名	人名	upstream			
あゆ	白紙アユ	人名	人名	人名	upstream			
はくしきくろる	白式クロル	人名	人名	人名	upstream			
くろる	白式クロル	人名	人名	人名	upstream			
しらかねひより	白鐘ヒヨリ	人名	人名	人名	upstream			
ひより	白鐘ヒヨリ	人名	人名	人名	upstream			
しらかみふぶき	白上フブキ	人名	人名	人名	upstream			
ふぶき	白上フブキ	人名	人名	人名	upstream			
しらきれいあ	白城レイア	人名	人名	人名	upstream			
れいあ	白城レイア	人名	人名	人名	upstream			
しろまくま	白真くま	人名	人名	人名	upstream			
くま	白真くま	人名	人名	人名	upstream			
しらかみさらら	白神さらら	人名	人名	人名	upstream			
さらら	白神さらら	人名	人名	人名	upstream			
しらすうなぎ	白須うなぎ	人名	人名	人名	upstream			
うなぎ	白須うなぎ	人名	人名	人名	upstream			
しろせあおい	白瀬あおい	人名	人名	人名	upstream			
あおい	白瀬あおい	人名	人名	人名	upstream			
しらいしかいと	白石カイト	人名	人名	人名	upstream			
かいと	白石カイト	人名	人名	人名	upstream			
しらいしひなた	白石ひなた	人名	人名	人名	upstream			
ひなた	白石ひなた	人名	人名	人名	upstream			
しらゆきみしろ	白雪みしろ	人名	人名	人名	upstream			
みしろ	白雪みしろ	人名	人名	人名	upstream			
しらゆきれいど	白雪レイド	人名	人名	人名	upstream			
れいど	白雪レイド	人名	人名	人名	upstream			
しらゆきてっぺい	白雪徹平	人名	人名	人名	upstream			
てっぺい	白雪徹平	人名	人名	人名	upstream			
しらゆきともえ	白雪巴	人名	人名	人名	upstream			
ともえ	白雪巴	人名	人名	人名	upstream			
しらとりころる	白鳥ころる	人名	人名	人名	upstream			
ころる	白鳥ころる	人名	人名	人名	upstream			
しらとりあまは	白鳥天羽	人名	人名	人名	upstream			
あまは	白鳥天羽	人名	人名	人名	upstream			
しらとりれな	白鳥怜奈	人名	人名	人名	upstream			
れな	白鳥怜奈	人名	人名	人名	upstream			
しらたまこ	白田まこ	人名	人名	人名	upstream			
まこ	白田まこ	人名	人名	人名	upstream			
しらぎめるてぃ	白兎メルティ	人名	人名	人名	upstream			
めるてぃ	白兎メルティ	人名	人名	人名	upstream			
しらふじみこよ	白藤ミコヨ	人名	人名	人名	upstream			
みこよ	白藤ミコヨ	人名	人名	人名	upstream			
しらふじらうね	白藤らうね	人名	人名	人名	upstream			
らうね	白藤らうね	人名	人名	人名	upstream			
しらふじたまき	白藤環	人名	人名	人名	upstream			
たまき	白藤環	人名	人名	人名	upstream			
しらまめめま	白豆めま	人名	人名	人名	upstream			
めま	白豆めま	人名	人名	人名	upstream			
しろなしずく	白那しずく	人名	人名	人名	upstream			
しずく	白那しずく	人名	人名	人名	upstream			
しろじろう	白二郎	人名	人名	人名	upstream			
しろのくろみ	白乃クロミ	人名	人名	人名	upstream			
くろみ	白乃クロミ	人名	人名	人名	upstream			
しらなみらむね	白波らむね	人名	人名	人名	upstream			
らむね	白波らむね	人名	人名	人名	upstream			
しらゆりりりぃ	白百合リリィ	人名	人名	人名	upstream			
りりぃ	白百合リリィ	人名	人名	人名	upstream			
おしろいと	白粉いと	人名	人名	人名	upstream			
いと	白粉いと	人名	人名	人名	upstream			
しろまじょのぱんどら	白魔女のパンドラ	人名	人名	人名	upstream			
ぱんどら	白魔女のパンドラ	人名	人名	人名	upstream			
はくやよる	白夜よる	人名	人名	人名	upstream			
よる	白夜よる	人名	人名	人名	upstream			
びゃくやれい	白夜レイ	人名	人名	人名	upstream			
れい	白夜レイ	人名	人名	人名	upstream			
しらつゆりお	白露りお	人名	人名	人名	upstream			
りお	白露りお	人名	人名	人名	upstream			
はっか	薄荷	人名	人名	人名	upstream			
だすてる	箱善ダグマ	人名	人名	人名	upstream			
だぐま	箱善ダグマ	人名	人名	人名	upstream			
はこのせる	箱野せる	人名	人名	人名	upstream			
せる	箱野せる	人名	人名	人名	upstream			
うつぎはらこなー	櫨原コナー	人名	人名	人名	upstream			
こなー	櫨原コナー	人名	人名	人名	upstream			
はたのちゃろ	幡多乃ちゃろ	人名	人名	人名	upstream			
ちゃろ	幡多乃ちゃろ	人名	人名	人名	upstream			
やくもべに	八雲べに	人名	人名	人名	upstream			
べに	八雲べに	人名	人名	人名	upstream			
やくもこう	八雲曠	人名	人名	人名	upstream			
こう	八雲曠	人名	人名	人名	upstream			
やおとめあずさ	八乙女あずさ	人名	人名	人名	upstream			
あずさ	八乙女あずさ	人名	人名	人名	upstream			
やかましいな	八噛間シイナ	人名	人名	人名	upstream			
しいな	八噛間シイナ	人名	人名	人名	upstream			
やまたのへびこ	八岐へびこ	人名	人名	人名	upstream			
へびこ	八岐へびこ	人名	人名	人名	upstream			
はちがつにゆき	八月二雪	人名	人名	人名	upstream			
にゆき	八月二雪	人名	人名	人名	upstream			
はっさくゆず	八朔ゆず	人名	人名	人名	upstream			
ゆず	八朔ゆず	人名	人名	人名	upstream			
やえざわなとり	八重沢なとり	人名	人名	人名	upstream			
なとり	八重沢なとり	人名	人名	人名	upstream			
やがみつくも	八神ツクモ	人名	人名	人名	upstream			
つくも	八神ツクモ	人名	人名	人名	upstream			
やがみどら	八神ドラ	人名	人名	人名	upstream			
どら	八神ドラ	人名	人名	人名	upstream			
やがみなつめ	八神棗	人名	人名	人名	upstream			
なつめ	八神棗	人名	人名	人名	upstream			
やせすずか	八瀬すずか	人名	人名	人名	upstream			
すずか	八瀬すずか	人名	人名	人名	upstream			
やちぐさやいく	八千草やぃく	人名	人名	人名	upstream			
やいく	八千草やぃく	人名	人名	人名	upstream			
やおよろずうずき	八百万卯月	人名	人名	人名	upstream			
うずき	八百万卯月	人名	人名	人名	upstream			
やきとまと	八木戸マト	人名	人名	人名	upstream			
まと	八木戸マト	人名	人名	人名	upstream			
やぎみちゆき	八木迪之	人名	人名	人名	upstream			
やたがらすひな	八咫烏ヒナ	人名	人名	人名	upstream			
ひな	八咫烏ヒナ	人名	人名	人名	upstream			
はとばつぐ	鳩羽つぐ	人名	人名	人名	upstream			
つぐ	鳩羽つぐ	人名	人名	人名	upstream			
はとおかここ	鳩岡小恋	人名	人名	人名	upstream			
ここ	鳩岡小恋	人名	人名	人名	upstream			
はとがやむぎ	鳩谷麦	人名	人名	人名	upstream			
むぎ	鳩谷麦	人名	人名	人名	upstream			
はとのさち	鳩乃幸	人名	人名	人名	upstream			
さち	鳩乃幸	人名	人名	人名	upstream			
ほだかきよすみ	帆孝清澄	人名	人名	人名	upstream			
きよすみ	帆孝清澄	人名	人名	人名	upstream			
いたくらふくこ	板倉フク子	人名	人名	人名	upstream			
ふくこ	板倉フク子	人名	人名	人名	upstream			
りゅはり	류하리	人名	人名	人名	upstream			
いいだもえぎ	飯田もえぎ	人名	人名	人名	upstream			
もえぎ	飯田もえぎ	人名	人名	人名	upstream			
いいなきゅう	飯奈九	人名	人名	人名	upstream			
きゅう	飯奈九	人名	人名	人名	upstream			
ばんじょうかんな	番匠カンナ	人名	人名	人名	upstream			
かんな	番匠カンナ	人名	人名	人名	upstream			
かのめなぉた	彼女なぉた	人名	人名	人名	upstream			
なぉた	彼女なぉた	人名	人名	人名	upstream			
なおた	彼女なぉた	人名	人名	人名	upstream			
ひなみやもな	比奈宮もな	人名	人名	人名	upstream			
もな	比奈宮もな	人名	人名	人名	upstream			
ひらさかゆり	比良坂ユリ	人名	人名	人名	upstream			
ゆり	比良坂ユリ	人名	人名	人名	upstream			
ひらさかめい	比良坂芽衣	人名	人名	人名	upstream			
めい	比良坂芽衣	人名	人名	人名	upstream			
ひめうたるぅ	秘海足るぅ	人名	人名	人名	upstream			
ひめうたるう	秘海足るぅ	人名	人名	人名	upstream			
るぅ	秘海足るぅ	人名	人名	人名	upstream			
るう	秘海足るぅ	人名	人名	人名	upstream			
あかばねめい	緋羽メイ	人名	人名	人名	upstream			
めい	緋羽メイ	人名	人名	人名	upstream			
ひかさともしか	緋笠トモシカ	人名	人名	人名	upstream			
ともしか	緋笠トモシカ	人名	人名	人名	upstream			
ひごうときあき	緋業秋明	人名	人名	人名	upstream			
ときあき	緋業秋明	人名	人名	人名	upstream			
ひづきけい	緋月けい	人名	人名	人名	upstream			
けい	緋月けい	人名	人名	人名	upstream			
ひづきゆい	緋月ゆい	人名	人名	人名	upstream			
ゆい	緋月ゆい	人名	人名	人名	upstream			
ひいろすもも	緋色すもも	人名	人名	人名	upstream			
すもも	緋色すもも	人名	人名	人名	upstream			
ひむらほのか	緋村ほのか	人名	人名	人名	upstream			
ほのか	緋村ほのか	人名	人名	人名	upstream			
ひのあかね	緋乃あかね	人名	人名	人名	upstream			
あかね	緋乃あかね	人名	人名	人名	upstream			
ひのもとありす	緋本アリス	人名	人名	人名	upstream			
ありす	緋本アリス	人名	人名	人名	upstream			
ひよくのくろすぴーす	緋翼のクロスピース	名詞	名詞	名詞	upstream			
くろすぴーす	緋翼のクロスピース	名詞	名詞	名詞	upstream			
ひよくろ	緋翼のクロスピース	名詞	名詞	名詞	upstream			
ひすいせな	緋彗せな	人名	人名	人名	upstream			
せな	緋彗せな	人名	人名	人名	upstream			
あけさと	緋惺	人名	人名	人名	upstream			
ひうんめいや	緋繧めいや	人名	人名	人名	upstream			
めいや	緋繧めいや	人名	人名	人名	upstream			
ひだかふわり	飛高ふわり	人名	人名	人名	upstream			
ふわり	飛高ふわり	人名	人名	人名	upstream			
ひさめなみ	飛鮫ナミ	人名	人名	人名	upstream			
なみ	飛鮫ナミ	人名	人名	人名	upstream			
あすかひな	飛鳥ひな	人名	人名	人名	upstream			
ひな	飛鳥ひな	人名	人名	人名	upstream			
ふぇいふぇい	飛飛	人名	人名	人名	upstream			
ひらひかり	飛良ひかり	人名	人名	人名	upstream			
ひかり	飛良ひかり	人名	人名	人名	upstream			
ひぐち	樋口	姓	姓	人名	upstream			
ひぐちかえで	樋口楓	人名	人名	人名	upstream			
でろーん	樋口楓	人名	人名	人名	upstream			
かえで	樋口楓	人名	人名	人名	upstream			
でろ	樋口楓	人名	人名	人名	upstream			
おまるぽるか	尾丸ポルカ	人名	人名	人名	upstream			
ぽるか	尾丸ポルカ	人名	人名	人名	upstream			
おずかろき	尾塚ロキ	人名	人名	人名	upstream			
ろき	尾塚ロキ	人名	人名	人名	upstream			
おはし	尾箸	人名	人名	人名	upstream			
おの	尾野（狐）	人名	人名	人名	upstream			
びとうかいじ	微糖カイジ	人名	人名	人名	upstream			
かいじ	微糖カイジ	人名	人名	人名	upstream			
びしゃもんてんゆるいこ	毘沙門天ゆるいこ	人名	人名	人名	upstream			
ゆるいこ	毘沙門天ゆるいこ	人名	人名	人名	upstream			
みかげるくす	美影ルクス	人名	人名	人名	upstream			
るくす	美影ルクス	人名	人名	人名	upstream			
みそのさとし	美園聡	人名	人名	人名	upstream			
さとし	美園聡	人名	人名	人名	upstream			
せらふ	美園聡	人名	人名	人名	upstream			
みこまはやと	美駒駿兎	人名	人名	人名	upstream			
はやと	美駒駿兎	人名	人名	人名	upstream			
みつきさく	美月咲紅	人名	人名	人名	upstream			
さく	美月咲紅	人名	人名	人名	upstream			
みと	美兎	名	名	人名	upstream			
みなみななみ	美波七海	人名	人名	人名	upstream			
ななみ	美波七海	人名	人名	人名	upstream			
みくれなりん	美暮ナリン	人名	人名	人名	upstream			
なりん	美暮ナリン	人名	人名	人名	upstream			
みやこ	美夜子	名	名	人名	upstream			
ひいらぎうるめ	柊うるめ	人名	人名	人名	upstream			
うるめ	柊うるめ	人名	人名	人名	upstream			
ひいらぎくれな	柊くれな	人名	人名	人名	upstream			
くれな	柊くれな	人名	人名	人名	upstream			
ひいらぎたまな	柊たまな	人名	人名	人名	upstream			
たまな	柊たまな	人名	人名	人名	upstream			
ひいらぎつるぎ	柊ツルギ	人名	人名	人名	upstream			
つるぎ	柊ツルギ	人名	人名	人名	upstream			
ひいらぎまなと	柊マナト	人名	人名	人名	upstream			
まなと	柊マナト	人名	人名	人名	upstream			
ひいらぎあやか	柊彩香	人名	人名	人名	upstream			
あやか	柊彩香	人名	人名	人名	upstream			
しゅうな	柊那	人名	人名	人名	upstream			
ひいらぎりょう	柊椋	人名	人名	人名	upstream			
りょう	柊椋	人名	人名	人名	upstream			
ひいらぎゆき	柊木ユキ	人名	人名	人名	upstream			
ゆき	柊木ユキ	人名	人名	人名	upstream			
ひいらぎあずさ	柊木梓沙	人名	人名	人名	upstream			
あずさ	柊木梓沙	人名	人名	人名	upstream			
ひいらぎこうた	柊昴汰	人名	人名	人名	upstream			
こうた	柊昴汰	人名	人名	人名	upstream			
ふでそめしき	筆染四季	人名	人名	人名	upstream			
しき	筆染四季	人名	人名	人名	upstream			
ひめのえにし	姫ノえにし	人名	人名	人名	upstream			
えにし	姫ノえにし	人名	人名	人名	upstream			
ひめみやくるみ	姫宮くるみ	人名	人名	人名	upstream			
くるみ	姫宮くるみ	人名	人名	人名	upstream			
ひめみやるあ	姫宮縷愛	人名	人名	人名	upstream			
るあ	姫宮縷愛	人名	人名	人名	upstream			
ひめくまりぼん	姫熊りぼん	人名	人名	人名	upstream			
りぼん	姫熊りぼん	人名	人名	人名	upstream			
ひめさきなつを	姫咲なつを	人名	人名	人名	upstream			
なつを	姫咲なつを	人名	人名	人名	upstream			
ひめさきゆずる	姫咲ゆずる	人名	人名	人名	upstream			
ゆずる	姫咲ゆずる	人名	人名	人名	upstream			
ひめぬまたにし	姫沼タニシ	人名	人名	人名	upstream			
たにし	姫沼タニシ	人名	人名	人名	upstream			
ひめもりるーな	姫森ルーナ	人名	人名	人名	upstream			
るーな	姫森ルーナ	人名	人名	人名	upstream			
ひめかわせりな	姫川セリナ	人名	人名	人名	upstream			
ひめかわゆい	姫川結泉	人名	人名	人名	upstream			
ゆい	姫川結泉	人名	人名	人名	upstream			
ひめかわゆあ	姫川夢愛	人名	人名	人名	upstream			
ゆあ	姫川夢愛	人名	人名	人名	upstream			
ひめつるさゆき	姫鶴紗雪	人名	人名	人名	upstream			
さゆき	姫鶴紗雪	人名	人名	人名	upstream			
ひめのいちご	姫乃いちご	人名	人名	人名	upstream			
いちご	姫乃いちご	人名	人名	人名	upstream			
ひめのあいり	姫乃愛琳	人名	人名	人名	upstream			
あいり	姫乃愛琳	人名	人名	人名	upstream			
ひめのゆうこ	姫野祐子	人名	人名	人名	upstream			
ゆうこ	姫野祐子	人名	人名	人名	upstream			
ひめのゆうこ	姫野裕子	人名	人名	人名	upstream			
ゆうこ	姫野裕子	人名	人名	人名	upstream			
なきりあやめ	百鬼あやめ	人名	人名	人名	upstream			
あやめ	百鬼あやめ	人名	人名	人名	upstream			
なきりだん	百鬼暖	人名	人名	人名	upstream			
だん	百鬼暖	人名	人名	人名	upstream			
ゆりくさりおん	百合草莉音	人名	人名	人名	upstream			
ゆりひめりりぃ	百合姫リリィ	人名	人名	人名	upstream			
りりぃ	百合姫リリィ	人名	人名	人名	upstream			
ゆりさわみやび	百合澤雅	人名	人名	人名	upstream			
みやび	百合澤雅	人名	人名	人名	upstream			
ひのみやゆきの	氷宮雪乃	人名	人名	人名	upstream			
ゆきの	氷宮雪乃	人名	人名	人名	upstream			
ひもとはじめ	氷元一	人名	人名	人名	upstream			
はじめ	氷元一	人名	人名	人名	upstream			
ひおきやち	氷置八茅	人名	人名	人名	upstream			
やち	氷置八茅	人名	人名	人名	upstream			
ひょうりきゃなえ	氷李きゃなえ	人名	人名	人名	upstream			
きゃなえ	氷李きゃなえ	人名	人名	人名	upstream			
やまいこころ	病井こころ	人名	人名	人名	upstream			
こころ	病井こころ	人名	人名	人名	upstream			
はまちなみ	浜千波	人名	人名	人名	upstream			
ちなみ	浜千波	人名	人名	人名	upstream			
しらぬいふれあ	不知火フレア	人名	人名	人名	upstream			
ふれあ	不知火フレア	人名	人名	人名	upstream			
しらずないを	不知名イヲ	人名	人名	人名	upstream			
いを	不知名イヲ	人名	人名	人名	upstream			
ふわみなと	不破湊	人名	人名	人名	upstream			
みなと	不破湊	人名	人名	人名	upstream			
ふまわっと	不磨わっと	人名	人名	人名	upstream			
わっと	不磨わっと	人名	人名	人名	upstream			
ふじあおい	富士葵	人名	人名	人名	upstream			
あおい	富士葵	人名	人名	人名	upstream			
ふようせつこ	芙蓉セツ子	人名	人名	人名	upstream			
せつこ	芙蓉セツ子	人名	人名	人名	upstream			
たけだかつと	武田勝人	人名	人名	人名	upstream			
かつと	武田勝人	人名	人名	人名	upstream			
むらさきゆき	武良崎ゆき	人名	人名	人名	upstream			
ゆき	武良崎ゆき	人名	人名	人名	upstream			
まいもと	舞元	姓	姓	人名	upstream			
まいもとけいすけ	舞元啓介	人名	人名	人名	upstream			
けいすけ	舞元啓介	人名	人名	人名	upstream			
まいとめぐる	舞戸メグル	人名	人名	人名	upstream			
めぐる	舞戸メグル	人名	人名	人名	upstream			
まいづるよかと	舞鶴よかと	人名	人名	人名	upstream			
よかと	舞鶴よかと	人名	人名	人名	upstream			
ましろみはね	舞白みはね	人名	人名	人名	upstream			
みはね	舞白みはね	人名	人名	人名	upstream			
まりん	舞鈴	名	名	人名	upstream			
かえで	楓	名	名	人名	upstream			
あきやまれんたろう	楓山蓮太郎	人名	人名	人名	upstream			
れんたろう	楓山蓮太郎	人名	人名	人名	upstream			
かざはねみう	風羽ミウ	人名	人名	人名	upstream			
みう	風羽ミウ	人名	人名	人名	upstream			
ふうかりん	風花りん	人名	人名	人名	upstream			
りん	風花りん	人名	人名	人名	upstream			
かざみみかん	風海みかん	人名	人名	人名	upstream			
みかん	風海みかん	人名	人名	人名	upstream			
ふうらかなと	風楽奏斗	人名	人名	人名	upstream			
かなと	風楽奏斗	人名	人名	人名	upstream			
かぜまるなぎさ	風丸なぎさ	人名	人名	人名	upstream			
なぎさ	風丸なぎさ	人名	人名	人名	upstream			
かざみやまつり	風宮まつり	人名	人名	人名	upstream			
まつり	風宮まつり	人名	人名	人名	upstream			
かざみくく	風見くく	人名	人名	人名	upstream			
くく	風見くく	人名	人名	人名	upstream			
かざみまこ	風見舞子	人名	人名	人名	upstream			
まこ	風見舞子	人名	人名	人名	upstream			
かざみゆいか	風見唯花	人名	人名	人名	upstream			
ゆいか	風見唯花	人名	人名	人名	upstream			
かざみりょう	風見涼	人名	人名	人名	upstream			
りょう	風見涼	人名	人名	人名	upstream			
ふがみななな	風紙七鳴	人名	人名	人名	upstream			
ななな	風紙七鳴	人名	人名	人名	upstream			
ふうしょうろいしぇ	風晶ロイシェ	人名	人名	人名	upstream			
ろいしぇ	風晶ロイシェ	人名	人名	人名	upstream			
かざまいろは	風真いろは	人名	人名	人名	upstream			
いろは	風真いろは	人名	人名	人名	upstream			
かぜかわつむじ	風川つむじ	人名	人名	人名	upstream			
つむじ	風川つむじ	人名	人名	人名	upstream			
ふうましのびまる	風魔忍丸	人名	人名	人名	upstream			
しのびまる	風魔忍丸	人名	人名	人名	upstream			
ふしみがく	伏見ガク	人名	人名	人名	upstream			
ふせみがく	伏見ガク	人名	人名	人名	upstream			
がく	伏見ガク	人名	人名	人名	upstream			
ふくまきゆか	服巻有香	人名	人名	人名	upstream			
ゆか	服巻有香	人名	人名	人名	upstream			
はっとりはんぞう	服部半蔵	人名	人名	人名	upstream			
はんぞう	服部半蔵	人名	人名	人名	upstream			
ふくじゅれい	福寿礼	人名	人名	人名	upstream			
れい	福寿礼	人名	人名	人名	upstream			
もののべ	物述	姓	姓	人名	upstream			
もののべかたる	物述カタル	人名	人名	人名	upstream			
かたる	物述カタル	人名	人名	人名	upstream			
もののべありす	物述有栖	人名	人名	人名	upstream			
ありす	物述有栖	人名	人名	人名	upstream			
ふみがやしらべ	文ヶ矢調	人名	人名	人名	upstream			
しらべ	文ヶ矢調	人名	人名	人名	upstream			
ふみずきみき	文月みき	人名	人名	人名	upstream			
みき	文月みき	人名	人名	人名	upstream			
ふみづきそら	文月空	人名	人名	人名	upstream			
そら	文月空	人名	人名	人名	upstream			
あやつきれいみ	文月零望	人名	人名	人名	upstream			
れいみ	文月零望	人名	人名	人名	upstream			
ふみもとひびき	文本ヒビキ	人名	人名	人名	upstream			
ひびき	文本ヒビキ	人名	人名	人名	upstream			
ふみのたまき	文野環	人名	人名	人名	upstream			
たまき	文野環	人名	人名	人名	upstream			
たま	文野環	人名	人名	人名	upstream			
ひらもりふたば	平森フタバ	人名	人名	人名	upstream			
ふたば	平森フタバ	人名	人名	人名	upstream			
なぎさ	米汀	人名	人名	人名	upstream			
こめだらん	米田らん	人名	人名	人名	upstream			
らん	米田らん	人名	人名	人名	upstream			
こめだらん	米田らん*	人名	人名	人名	upstream			
よねとまい	米兎まい	人名	人名	人名	upstream			
みるか	米露可	人名	人名	人名	upstream			
かべのまみれぃ	壁のマミレィ	人名	人名	人名	upstream			
かべうちおばけ	壁打ちおばけ	人名	人名	人名	upstream			
かべねこのうぉーりー	壁猫のウォーリー	人名	人名	人名	upstream			
あおきりお	碧輝りお	人名	人名	人名	upstream			
りお	碧輝りお	人名	人名	人名	upstream			
へきなあいる	碧那アイル	人名	人名	人名	upstream			
あいる	碧那アイル	人名	人名	人名	upstream			
あおせすきあ	碧惺スキア	人名	人名	人名	upstream			
すきあ	碧惺スキア	人名	人名	人名	upstream			
かたくらひとみ	片倉一実	人名	人名	人名	upstream			
ひとみ	片倉一実	人名	人名	人名	upstream			
あみだあつむ	編田あつむ	人名	人名	人名	upstream			
あつむ	編田あつむ	人名	人名	人名	upstream			
ほさきめんま	保崎メンマ	人名	人名	人名	upstream			
めんま	保崎メンマ	人名	人名	人名	upstream			
あゆみちはる	歩千春	人名	人名	人名	upstream			
ちはる	歩千春	人名	人名	人名	upstream			
ほなみゆゆ	穂波ゆゆ	人名	人名	人名	upstream			
ゆゆ	穂波ゆゆ	人名	人名	人名	upstream			
はかもりしゃも	墓守しゃも	人名	人名	人名	upstream			
しゃも	墓守しゃも	人名	人名	人名	upstream			
くれまはくぼ	暮間珀暮	人名	人名	人名	upstream			
はくぼ	暮間珀暮	人名	人名	人名	upstream			
くれいしりこ	暮石リコ	人名	人名	人名	upstream			
りこ	暮石リコ	人名	人名	人名	upstream			
つつみかける	包身カケル	人名	人名	人名	upstream			
かける	包身カケル	人名	人名	人名	upstream			
つつむあんこ	包夢餡子	人名	人名	人名	upstream			
あんこ	包夢餡子	人名	人名	人名	upstream			
ほうしょうまりん	宝鐘マリン	人名	人名	人名	upstream			
まりん	宝鐘マリン	人名	人名	人名	upstream			
ほうしょうてあ	宝生てあ	人名	人名	人名	upstream			
てあ	宝生てあ	人名	人名	人名	upstream			
あわいなび	泡井なび	人名	人名	人名	upstream			
なび	泡井なび	人名	人名	人名	upstream			
うたかたこまり	泡沫こまり	人名	人名	人名	upstream			
こまり	泡沫こまり	人名	人名	人名	upstream			
ほうまつのしらべ	泡沫の調べ	人名	人名	人名	upstream			
うたかためもり	泡沫メモリ	人名	人名	人名	upstream			
めもり	泡沫メモリ	人名	人名	人名	upstream			
うたかたしらべ	泡沫調	人名	人名	人名	upstream			
しらべ	泡沫調	人名	人名	人名	upstream			
はがゆい	芳賀ゆい	人名	人名	人名	upstream			
ゆい	芳賀ゆい	人名	人名	人名	upstream			
もえみ	萌実	人名	人名	人名	upstream			
もえぎもえ	萌葱もえ	人名	人名	人名	upstream			
もえ	萌葱もえ	人名	人名	人名	upstream			
ほうらいくおん	蓬莱久遠	人名	人名	人名	upstream			
くおん	蓬莱久遠	人名	人名	人名	upstream			
はちやえいと	蜂谷エイト	人名	人名	人名	upstream			
えいと	蜂谷エイト	人名	人名	人名	upstream			
はちのみつみ	蜂乃蜜味	人名	人名	人名	upstream			
みつみ	蜂乃蜜味	人名	人名	人名	upstream			
ほうれいてんてん	鳳玲天々	人名	人名	人名	upstream			
てんてん	鳳玲天々	人名	人名	人名	upstream			
ぼうげつべるたろと	乏月ベルタロト	人名	人名	人名	upstream			
べるたると	乏月ベルタロト	人名	人名	人名	upstream			
はんがー	暴食	人名	人名	人名	upstream			
もちづきゆうき	望月ユウキ	人名	人名	人名	upstream			
ゆうき	望月ユウキ	人名	人名	人名	upstream			
もちずきゆーき	望月ユーキ	人名	人名	人名	upstream			
ゆーき	望月ユーキ	人名	人名	人名	upstream			
もちずきゆき	望月ユキ	人名	人名	人名	upstream			
ゆき	望月ユキ	人名	人名	人名	upstream			
もちづきれいに	望月れいに	人名	人名	人名	upstream			
れいに	望月れいに	人名	人名	人名	upstream			
もちづきゆい	望月結	人名	人名	人名	upstream			
ゆい	望月結	人名	人名	人名	upstream			
おかしのらむ	冒志乃らむ	人名	人名	人名	upstream			
らむ	冒志乃らむ	人名	人名	人名	upstream			
つむぐ	紡	名	名	人名	upstream			
つむぎねん	紡ネン	人名	人名	人名	upstream			
ねん	紡ネン	人名	人名	人名	upstream			
つむぎねれい	紡音れい	人名	人名	人名	upstream			
れい	紡音れい	人名	人名	人名	upstream			
つむかあいしゃ	紡華アイシャ	人名	人名	人名	upstream			
あいしゃ	紡華アイシャ	人名	人名	人名	upstream			
つむぎこかげ	紡木こかげ	人名	人名	人名	upstream			
こかげ	紡木こかげ	人名	人名	人名	upstream			
つむぎにあ	紡絆にあ	人名	人名	人名	upstream			
にあ	紡絆にあ	人名	人名	人名	upstream			
はいかん	吠柑	人名	人名	人名	upstream			
はいまるいりつ	吠丸リツ	人名	人名	人名	upstream			
りつ	吠丸リツ	人名	人名	人名	upstream			
さみだれみく	北極冰河	人名	人名	人名	upstream			
みく	北極冰河	人名	人名	人名	upstream			
きたえよう	北江陽	人名	人名	人名	upstream			
よう	北江陽	人名	人名	人名	upstream			
きたこうじひすい	北小路ヒスイ	人名	人名	人名	upstream			
ひすい	北小路ヒスイ	人名	人名	人名	upstream			
ひすぴ	北小路ヒスイ	人名	人名	人名	upstream			
きたがみふたば	北上双葉	人名	人名	人名	upstream			
ふたば	北上双葉	人名	人名	人名	upstream			
ほくじょういんえれが	北条院エレガ	人名	人名	人名	upstream			
えれが	北条院エレガ	人名	人名	人名	upstream			
きたのえこー	北乃えこー	人名	人名	人名	upstream			
えこー	北乃えこー	人名	人名	人名	upstream			
きたのかむい	北乃カムイ	人名	人名	人名	upstream			
かむい	北乃カムイ	人名	人名	人名	upstream			
きたしらかわかかぽ	北白川かかぽ	人名	人名	人名	upstream			
かかぽ	北白川かかぽ	人名	人名	人名	upstream			
ほりいあんず	堀井あんず	人名	人名	人名	upstream			
あんず	堀井あんず	人名	人名	人名	upstream			
はじめりーぜ	本リーゼ	人名	人名	人名	upstream			
りーぜ	本リーゼ	人名	人名	人名	upstream			
ほんまひまわり	本間ひまわり	人名	人名	人名	upstream			
ひまわり	本間ひまわり	人名	人名	人名	upstream			
ほんひま	本間ひまわり	人名	人名	人名	upstream			
もとはしふうたろう	本橋風太郎	人名	人名	人名	upstream			
ふうたろう	本橋風太郎	人名	人名	人名	upstream			
もとやまらの	本山らの	人名	人名	人名	upstream			
らの	本山らの	人名	人名	人名	upstream			
ほんのしおり	本野しおり	人名	人名	人名	upstream			
しおり	本野しおり	人名	人名	人名	upstream			
まおううーら	魔王ウーラ	人名	人名	人名	upstream			
うーら	魔王ウーラ	人名	人名	人名	upstream			
まおうのむすこわんわん	魔王の息子わんわん	人名	人名	人名	upstream			
わんわん	魔王の息子わんわん	人名	人名	人名	upstream			
まおうはんぱなさす	魔王ハンパナサス	人名	人名	人名	upstream			
はんぱなさす	魔王ハンパナサス	人名	人名	人名	upstream			
まおうへるねす	魔王ヘルネス	人名	人名	人名	upstream			
へるねす	魔王ヘルネス	人名	人名	人名	upstream			
まおうまぐろな	魔王マグロナ	人名	人名	人名	upstream			
まぐろな	魔王マグロナ	人名	人名	人名	upstream			
まおうみんも	魔王みんも	人名	人名	人名	upstream			
みんも	魔王みんも	人名	人名	人名	upstream			
まかいのりりむ	魔界ノりりむ	人名	人名	人名	upstream			
りりむ	魔界ノりりむ	人名	人名	人名	upstream			
まかいしてんのうださお	魔界四天王ださお	人名	人名	人名	upstream			
ださお	魔界四天王ださお	人名	人名	人名	upstream			
ださお	魔界四天王第三の男ださお	人名	人名	人名	upstream			
まみやべる	魔宮ベル	人名	人名	人名	upstream			
べる	魔宮ベル	人名	人名	人名	upstream			
まこうりさ	魔光リサ	人名	人名	人名	upstream			
りさ	魔光リサ	人名	人名	人名	upstream			
まつかい	魔使	姓	姓	人名	upstream			
まつかいまお	魔使マオ	人名	人名	人名	upstream			
まちゅ	魔使マオ	人名	人名	人名	upstream			
まお	魔使マオ	人名	人名	人名	upstream			
まじかつの	魔鹿つの	人名	人名	人名	upstream			
つの	魔鹿つの	人名	人名	人名	upstream			
まじょっこめめ	魔女っ子メメ	人名	人名	人名	upstream			
めめ	魔女っ子メメ	人名	人名	人名	upstream			
まよいさきゅ	魔宵さきゅ	人名	人名	人名	upstream			
さきゅ	魔宵さきゅ	人名	人名	人名	upstream			
まていおうらけるた	魔帝王ラケルタ	人名	人名	人名	upstream			
らけるた	魔帝王ラケルタ	人名	人名	人名	upstream			
まふゆあんず	魔冬あんず	人名	人名	人名	upstream			
あんず	魔冬あんず	人名	人名	人名	upstream			
まのあろえ	魔乃アロエ	人名	人名	人名	upstream			
あろえ	魔乃アロエ	人名	人名	人名	upstream			
まほうしょうじょちあ	魔法少女ちあ	人名	人名	人名	upstream			
ちあ	魔法少女ちあ	人名	人名	人名	upstream			
まほうしょうじょとまとちゃん	魔法少女トマトちゃん	人名	人名	人名	upstream			
とまと	魔法少女トマトちゃん	人名	人名	人名	upstream			
まほうしょうじょめあ	魔法少女めあ	人名	人名	人名	upstream			
めあ	魔法少女めあ	人名	人名	人名	upstream			
まないらた	魔名井ラタ	人名	人名	人名	upstream			
らた	魔名井ラタ	人名	人名	人名	upstream			
まのるしあ	魔野るしあ	人名	人名	人名	upstream			
るしあ	魔野るしあ	人名	人名	人名	upstream			
まいまちこ	麻衣マチコ	人名	人名	人名	upstream			
まちこ	麻衣マチコ	人名	人名	人名	upstream			
あさいねむり	麻井ねむり	人名	人名	人名	upstream			
ねむり	麻井ねむり	人名	人名	人名	upstream			
あさみやあてな	麻宮アテナ	人名	人名	人名	upstream			
あてな	麻宮アテナ	人名	人名	人名	upstream			
あささきまう	麻咲まう	人名	人名	人名	upstream			
まう	麻咲まう	人名	人名	人名	upstream			
あさくらしの	麻倉シノ	人名	人名	人名	upstream			
しの	麻倉シノ	人名	人名	人名	upstream			
あさくらゆい	麻倉由衣	人名	人名	人名	upstream			
ゆい	麻倉由衣	人名	人名	人名	upstream			
いもおとまり	妹尾トマリ	人名	人名	人名	upstream			
とまり	妹尾トマリ	人名	人名	人名	upstream			
ゆうむるむね	鮪夢るむね	人名	人名	人名	upstream			
るむね	鮪夢るむね	人名	人名	人名	upstream			
まぐらえね	万楽えね	人名	人名	人名	upstream			
えね	万楽えね	人名	人名	人名	upstream			
ばんぞういんはっか	万象院ハッカ	人名	人名	人名	upstream			
はっか	万象院ハッカ	人名	人名	人名	upstream			
ばんじょうごう	万丈剛	人名	人名	人名	upstream			
ごう	万丈剛	人名	人名	人名	upstream			
みゆ	未羽	人名	人名	人名	upstream			
みうつつゆり	未現友璃	人名	人名	人名	upstream			
ゆり	未現友璃	人名	人名	人名	upstream			
みちまたばとや	未知又バトヤ	人名	人名	人名	upstream			
ばとや	未知又バトヤ	人名	人名	人名	upstream			
みちや	未知夜	人名	人名	人名	upstream			
みららけい	未良々桂	人名	人名	人名	upstream			
けい	未良々桂	人名	人名	人名	upstream			
みしろゆの	巳白ユノ	人名	人名	人名	upstream			
ゆの	巳白ユノ	人名	人名	人名	upstream			
みさきばにら	岬ばにら	人名	人名	人名	upstream			
ばにら	岬ばにら	人名	人名	人名	upstream			
みこと	蜜言	人名	人名	人名	upstream			
もありん	모아린	人名	人名	人名	upstream			
みなとあくあ	湊あくあ	人名	人名	人名	upstream			
あくあ	湊あくあ	人名	人名	人名	upstream			
みなとみなみ	湊音みなみ	人名	人名	人名	upstream			
みなみ	湊音みなみ	人名	人名	人名	upstream			
たみやすともえ	民安ともえ	人名	人名	人名	upstream			
たみー	民安ともえ	人名	人名	人名	upstream			
ともえ	民安ともえ	人名	人名	人名	upstream			
ねむいひな	眠井ひな	人名	人名	人名	upstream			
ひな	眠井ひな	人名	人名	人名	upstream			
ねむかわゆめな	眠河ゆめな	人名	人名	人名	upstream			
ゆめな	眠河ゆめな	人名	人名	人名	upstream			
ねむいふらり	眠居ふわり	人名	人名	人名	upstream			
ふわり	眠居ふわり	人名	人名	人名	upstream			
ねむいりいこ	眠居りぃこ	人名	人名	人名	upstream			
りいこ	眠居りぃこ	人名	人名	人名	upstream			
ねもりぺてぃ	眠森ペティ	人名	人名	人名	upstream			
ぺてぃ	眠森ペティ	人名	人名	人名	upstream			
ねむみねる	眠未ねる	人名	人名	人名	upstream			
ねる	眠未ねる	人名	人名	人名	upstream			
ねむいかすか	眠霊幽	人名	人名	人名	upstream			
かすか	眠霊幽	人名	人名	人名	upstream			
ゆめかなるあ	夢叶るあ	人名	人名	人名	upstream			
るあ	夢叶るあ	人名	人名	人名	upstream			
ゆめみやありす	夢宮ありす	人名	人名	人名	upstream			
ありす	夢宮ありす	人名	人名	人名	upstream			
ゆめくいある	夢喰或	人名	人名	人名	upstream			
ある	夢喰或	人名	人名	人名	upstream			
ゆづき	夢月	姓	姓	人名	upstream			
むつきましろ	夢月ましろ	人名	人名	人名	upstream			
ましろ	夢月ましろ	人名	人名	人名	upstream			
ゆづきろあ	夢月ロア	人名	人名	人名	upstream			
ろあ	夢月ロア	人名	人名	人名	upstream			
ゆめみろぐ	夢見ログ	人名	人名	人名	upstream			
ろぐ	夢見ログ	人名	人名	人名	upstream			
ゆまみかなう	夢見叶	人名	人名	人名	upstream			
かなう	夢見叶	人名	人名	人名	upstream			
ゆめさきいちか	夢咲いちか	人名	人名	人名	upstream			
いちか	夢咲いちか	人名	人名	人名	upstream			
ゆめさきみあ	夢咲ミア	人名	人名	人名	upstream			
みあ	夢咲ミア	人名	人名	人名	upstream			
ゆめさきめあ	夢咲めあ	人名	人名	人名	upstream			
めあ	夢咲めあ	人名	人名	人名	upstream			
ゆめさきかえで	夢咲楓	人名	人名	人名	upstream			
かえで	夢咲楓	人名	人名	人名	upstream			
ゆめほしねる	夢星ねる	人名	人名	人名	upstream			
ねる	夢星ねる	人名	人名	人名	upstream			
ゆめほしもか	夢星もか	人名	人名	人名	upstream			
もか	夢星もか	人名	人名	人名	upstream			
ゆめかわかなう	夢川かなう	人名	人名	人名	upstream			
かなう	夢川かなう	人名	人名	人名	upstream			
ゆめおい	夢追	姓	姓	人名	upstream			
ゆめおいかける	夢追翔	人名	人名	人名	upstream			
かける	夢追翔	人名	人名	人名	upstream			
ゆめのたると	夢乃たると	人名	人名	人名	upstream			
たると	夢乃たると	人名	人名	人名	upstream			
ゆめのとわ	夢乃とわ	人名	人名	人名	upstream			
とわ	夢乃とわ	人名	人名	人名	upstream			
ゆめのりりす	夢乃リリス	人名	人名	人名	upstream			
りりす	夢乃リリス	人名	人名	人名	upstream			
ゆめのめいか	夢乃名菓	人名	人名	人名	upstream			
めいか	夢乃名菓	人名	人名	人名	upstream			
むまぺろり	夢魔ぺろり	人名	人名	人名	upstream			
ぺろり	夢魔ぺろり	人名	人名	人名	upstream			
ゆめみめあ	夢眠メア	人名	人名	人名	upstream			
めあ	夢眠メア	人名	人名	人名	upstream			
ゆめみゆらめ	夢眠ゆらめ	人名	人名	人名	upstream			
ゆらめ	夢眠ゆらめ	人名	人名	人名	upstream			
ゆめのあかり	夢野あかり	人名	人名	人名	upstream			
あかり	夢野あかり	人名	人名	人名	upstream			
ゆめりめりい	夢理メリィ	人名	人名	人名	upstream			
めりい	夢理メリィ	人名	人名	人名	upstream			
むういつき	無憂樹	人名	人名	人名	upstream			
いつき	無憂樹	人名	人名	人名	upstream			
ぶれいふぉっくす	無礼フォックス	人名	人名	人名	upstream			
ふぉっくす	無礼フォックス	人名	人名	人名	upstream			
きりしまみずき	霧島みずき	人名	人名	人名	upstream			
みずき	霧島みずき	人名	人名	人名	upstream			
きりしましずね	霧嶌シズネ	人名	人名	人名	upstream			
しずね	霧嶌シズネ	人名	人名	人名	upstream			
めいかるか	冥歌ルカ	人名	人名	人名	upstream			
るか	冥歌ルカ	人名	人名	人名	upstream			
めいがさより	冥賀小夜日	人名	人名	人名	upstream			
さより	冥賀小夜日	人名	人名	人名	upstream			
めいかいらぶか	冥海らぶか	人名	人名	人名	upstream			
らぶか	冥海らぶか	人名	人名	人名	upstream			
めいどのみやげ	冥途之土産	人名	人名	人名	upstream			
みやげ	冥途之土産	人名	人名	人名	upstream			
なかお	名伽尾	姓	姓	人名	upstream			
なかおあずま	名伽尾アズマ	人名	人名	人名	upstream			
あずま	名伽尾アズマ	人名	人名	人名	upstream			
なとりさな	名取さな	人名	人名	人名	upstream			
さな	名取さな	人名	人名	人名	upstream			
なぐらちか	名倉千華	人名	人名	人名	upstream			
ちか	名倉千華	人名	人名	人名	upstream			
ななしのあでりー	名無しのアデリー	人名	人名	人名	upstream			
あでりー	名無しのアデリー	人名	人名	人名	upstream			
めい	命依	人名	人名	人名	upstream			
あきられい	明楽レイ	人名	人名	人名	upstream			
れい	明楽レイ	人名	人名	人名	upstream			
めいじちよこ	明治千代子	人名	人名	人名	upstream			
ちよこ	明治千代子	人名	人名	人名	upstream			
あかしらここ	明石ラココ	人名	人名	人名	upstream			
らここ	明石ラココ	人名	人名	人名	upstream			
あかしろのあ	明石ロノア	人名	人名	人名	upstream			
ろのあ	明石ロノア	人名	人名	人名	upstream			
あけびみちか	明燈みちか	人名	人名	人名	upstream			
みちか	明燈みちか	人名	人名	人名	upstream			
あきな	明那	名	名	人名	upstream			
あるははしり	明葉ハシリ	人名	人名	人名	upstream			
はしり	明葉ハシリ	人名	人名	人名	upstream			
まいごのしろねこ	迷子のしろねこ	人名	人名	人名	upstream			
しろねこ	迷子のしろねこ	人名	人名	人名	upstream			
めいめいろろ	迷冥ろろ	人名	人名	人名	upstream			
ろろ	迷冥ろろ	人名	人名	人名	upstream			
めりの	迷璃乃	人名	人名	人名	upstream			
なる	鳴	名	名	人名	upstream			
なるかみさばき	鳴神裁	人名	人名	人名	upstream			
さばき	鳴神裁	人名	人名	人名	upstream			
なるとこがね	鳴門こがね	人名	人名	人名	upstream			
こがね	鳴門こがね	人名	人名	人名	upstream			
わたゆきかなう	綿雪花菜卯	人名	人名	人名	upstream			
かなう	綿雪花菜卯	人名	人名	人名	upstream			
わたいおいた	綿猪おいた	人名	人名	人名	upstream			
おいた	綿猪おいた	人名	人名	人名	upstream			
もよぎよよよ	模与擬よよよ	人名	人名	人名	upstream			
よよよ	模与擬よよよ	人名	人名	人名	upstream			
けぬきせんせい	毛抜き先生	人名	人名	人名	upstream			
けぬき	毛抜き先生	人名	人名	人名	upstream			
あみのさん	網野さん	人名	人名	人名	upstream			
このはなみず	木花水	人名	人名	人名	upstream			
きどかみけい	木戸上蛍	人名	人名	人名	upstream			
けい	木戸上蛍	人名	人名	人名	upstream			
こもれびあぐり	木守日あぐり	人名	人名	人名	upstream			
あぐり	木守日あぐり	人名	人名	人名	upstream			
きそあずき	木曽あずき	人名	人名	人名	upstream			
あずき	木曽あずき	人名	人名	人名	upstream			
しぶき	木嶋紫吹	人名	人名	人名	upstream			
きもやまげろお	木茂山下呂男	人名	人名	人名	upstream			
げろお	木茂山下呂男	人名	人名	人名	upstream			
でんのうもちもちお	電脳餅もちお	人名	人名	人名	upstream			
もちお	電脳餅もちお	人名	人名	人名	upstream			
もちづきなこ	餅月なこ	人名	人名	人名	upstream			
なこ	餅月なこ	人名	人名	人名	upstream			
もちづきひまり	餅月ひまり	人名	人名	人名	upstream			
ひまり	餅月ひまり	人名	人名	人名	upstream			
もちもちさくら	餅々さくら	人名	人名	人名	upstream			
さくら	餅々さくら	人名	人名	人名	upstream			
よぐ	尤格	人名	人名	人名	upstream			
もんじゅーるあかね	悶ジュール茜	人名	人名	人名	upstream			
あかね	悶ジュール茜	人名	人名	人名	upstream			
とかないこまる	門叶困	人名	人名	人名	upstream			
こまる	門叶困	人名	人名	人名	upstream			
はにーすとらっぷ	夜の喫茶店ハニーストラップ	名詞	名詞	名詞	upstream			
はにすと	夜の喫茶店ハニーストラップ	名詞	名詞	名詞	upstream			
よみはるつぐ	夜海春継	人名	人名	人名	upstream			
はるつぐ	夜海春継	人名	人名	人名	upstream			
よるがおあおい	夜顔藍生	人名	人名	人名	upstream			
あおい	夜顔藍生	人名	人名	人名	upstream			
やばみねあ	夜喰ねあ	人名	人名	人名	upstream			
ねあ	夜喰ねあ	人名	人名	人名	upstream			
よぞら	夜空	姓	姓	人名	upstream			
よぞらめる	夜空メル	人名	人名	人名	upstream			
める	夜空メル	人名	人名	人名	upstream			
やづきかえで	夜月カエデ	人名	人名	人名	upstream			
かえで	夜月カエデ	人名	人名	人名	upstream			
よるみ	夜見	姓	姓	人名	upstream			
よるみれな	夜見れな	人名	人名	人名	upstream			
れな	夜見れな	人名	人名	人名	upstream			
よみのえね	夜見乃エネ	人名	人名	人名	upstream			
えね	夜見乃エネ	人名	人名	人名	upstream			
よざくらかのん	夜桜カノン	人名	人名	人名	upstream			
かのん	夜桜カノン	人名	人名	人名	upstream			
よざくらたま	夜桜たま	人名	人名	人名	upstream			
たま	夜桜たま	人名	人名	人名	upstream			
よざくらのあ	夜桜のあ	人名	人名	人名	upstream			
のあ	夜桜のあ	人名	人名	人名	upstream			
よざくらみあ	夜桜みあ	人名	人名	人名	upstream			
みあ	夜桜みあ	人名	人名	人名	upstream			
よざくらまい	夜桜舞	人名	人名	人名	upstream			
まい	夜桜舞	人名	人名	人名	upstream			
よるこばーばんく	夜子・バーバンク	人名	人名	人名	upstream			
よるこ	夜子・バーバンク	人名	人名	人名	upstream			
やとがみふうま	夜十神封魔	人名	人名	人名	upstream			
ふうま	夜十神封魔	人名	人名	人名	upstream			
やしろあかね	夜城明音	人名	人名	人名	upstream			
あかね	夜城明音	人名	人名	人名	upstream			
よふかかなで	夜深花奏	人名	人名	人名	upstream			
かなで	夜深花奏	人名	人名	人名	upstream			
よそといき	夜想といき	人名	人名	人名	upstream			
といき	夜想といき	人名	人名	人名	upstream			
よなかよる	夜中ヨル	人名	人名	人名	upstream			
よる	夜中ヨル	人名	人名	人名	upstream			
やのくろむ	夜乃くろむ	人名	人名	人名	upstream			
くろむ	夜乃くろむ	人名	人名	人名	upstream			
よるのねおん	夜乃ネオン	人名	人名	人名	upstream			
ねおん	夜乃ネオン	人名	人名	人名	upstream			
よるののあ	夜乃ノア	人名	人名	人名	upstream			
のあ	夜乃ノア	人名	人名	人名	upstream			
やしおあい	夜白藍	人名	人名	人名	upstream			
あい	夜白藍	人名	人名	人名	upstream			
よわのつき	夜半ツキ	人名	人名	人名	upstream			
つき	夜半ツキ	人名	人名	人名	upstream			
よみちゃん	夜昧ちゃん!	人名	人名	人名	upstream			
よまくらぎりー	夜枕ギリー	人名	人名	人名	upstream			
ぎりー	夜枕ギリー	人名	人名	人名	upstream			
よみ	夜魅	人名	人名	人名	upstream			
よぎりめい	夜霧メイ	人名	人名	人名	upstream			
めい	夜霧メイ	人名	人名	人名	upstream			
よあけかざね	夜明かざね	人名	人名	人名	upstream			
かざね	夜明かざね	人名	人名	人名	upstream			
よぎのせ	夜木ノセ	人名	人名	人名	upstream			
のせ	夜木ノセ	人名	人名	人名	upstream			
よぎもね	夜木モネ	人名	人名	人名	upstream			
もね	夜木モネ	人名	人名	人名	upstream			
やといましょう	夜問真肖	人名	人名	人名	upstream			
ましょう	夜問真肖	人名	人名	人名	upstream			
よるのとばり	夜野とばり	人名	人名	人名	upstream			
とばり	夜野とばり	人名	人名	人名	upstream			
よくねむる	夜来ねむる	人名	人名	人名	upstream			
ねむる	夜来ねむる	人名	人名	人名	upstream			
よすずしの	夜鈴しの	人名	人名	人名	upstream			
しの	夜鈴しの	人名	人名	人名	upstream			
やき	夜唏	人名	人名	人名	upstream			
よずなにう	夜絆ニウ	人名	人名	人名	upstream			
にう	夜絆ニウ	人名	人名	人名	upstream			
やたん	夜譚	人名	人名	人名	upstream			
よみや	夜宫	人名	人名	人名	upstream			
ののみやののの	野々宮ののの	人名	人名	人名	upstream			
ののの	野々宮ののの	人名	人名	人名	upstream			
のり	野璃	人名	人名	人名	upstream			
のらがみそうこ	野良神そうこ	人名	人名	人名	upstream			
そうこ	野良神そうこ	人名	人名	人名	upstream			
みき	弥希	人名	人名	人名	upstream			
みづき	弥月	人名	人名	人名	upstream			
やぐるま	矢車	姓	姓	人名	upstream			
やぐるまりね	矢車りね	人名	人名	人名	upstream			
りね	矢車りね	人名	人名	人名	upstream			
やべまりく	矢部まりく	人名	人名	人名	upstream			
まりく	矢部まりく	人名	人名	人名	upstream			
やくしじしのぶ	薬師寺忍	人名	人名	人名	upstream			
しのぶ	薬師寺忍	人名	人名	人名	upstream			
みないあるま	薬袋アルマ	人名	人名	人名	upstream			
あるま	薬袋アルマ	人名	人名	人名	upstream			
みないかるて	薬袋カルテ	人名	人名	人名	upstream			
かるて	薬袋カルテ	人名	人名	人名	upstream			
ゆずきうる	癒月うる	人名	人名	人名	upstream			
うる	癒月うる	人名	人名	人名	upstream			
ゆずきちょこ	癒月ちょこ	人名	人名	人名	upstream			
ちょこ	癒月ちょこ	人名	人名	人名	upstream			
いつかいゆ	癒日いゆ	人名	人名	人名	upstream			
いゆ	癒日いゆ	人名	人名	人名	upstream			
ゆいか	唯華	名	名	人名	upstream			
ゆいがこはく	唯牙コハク	人名	人名	人名	upstream			
こはく	唯牙コハク	人名	人名	人名	upstream			
ただのもふ	唯野もふ	人名	人名	人名	upstream			
もふ	唯野もふ	人名	人名	人名	upstream			
ゆずきちさと	優月千聖	人名	人名	人名	upstream			
ちさと	優月千聖	人名	人名	人名	upstream			
うさきあい	優咲あい	人名	人名	人名	upstream			
あい	優咲あい	人名	人名	人名	upstream			
ゆうきせつな	優木せつ菜	人名	人名	人名	upstream			
せつな	優木せつ菜	人名	人名	人名	upstream			
ゆうきちひろ	勇気ちひろ	人名	人名	人名	upstream			
ちひろ	勇気ちひろ	人名	人名	人名	upstream			
ゆうしゃえすてる	勇者エステル	人名	人名	人名	upstream			
えすてる	勇者エステル	人名	人名	人名	upstream			
ゆうしゃことね	勇者ことね	人名	人名	人名	upstream			
ことね	勇者ことね	人名	人名	人名	upstream			
ゆうしゃまさる	勇者まさる	人名	人名	人名	upstream			
まさる	勇者まさる	人名	人名	人名	upstream			
ゆうしゃますぴー	勇者マスピー	人名	人名	人名	upstream			
ますぴー	勇者マスピー	人名	人名	人名	upstream			
ゆうなぎえれな	勇凪エレナ	人名	人名	人名	upstream			
えれな	勇凪エレナ	人名	人名	人名	upstream			
いさみつかさ	勇未つかさ	人名	人名	人名	upstream			
つかさ	勇未つかさ	人名	人名	人名	upstream			
うか	友夏	人名	人名	人名	upstream			
ゆうがさきうみ	幽ヶ崎海愛	人名	人名	人名	upstream			
うみ	幽ヶ崎海愛	人名	人名	人名	upstream			
かくりよつむぐ	幽世つむぐ	人名	人名	人名	upstream			
つむぐ	幽世つむぐ	人名	人名	人名	upstream			
かすかのうつろ	幽乃うつろ	人名	人名	人名	upstream			
うつろ	幽乃うつろ	人名	人名	人名	upstream			
ゆうきらいら	幽姫ライラ	人名	人名	人名	upstream			
らいら	幽姫ライラ	人名	人名	人名	upstream			
ゆあ	悠亚	人名	人名	人名	upstream			
ゆね	憂音	人名	人名	人名	upstream			
ういせいう	憂世いう	人名	人名	人名	upstream			
いう	憂世いう	人名	人名	人名	upstream			
ぷらす	有加	人名	人名	人名	upstream			
あげばいず	有花羽iZ	人名	人名	人名	upstream			
いず	有花羽iZ	人名	人名	人名	upstream			
ゆうかんきっさあにまーれ	有閑喫茶あにまーれ	名詞	名詞	名詞	upstream			
あにまーれ	有閑喫茶あにまーれ	名詞	名詞	名詞	upstream			
ありすしびる	有澄シビル	人名	人名	人名	upstream			
しびる	有澄シビル	人名	人名	人名	upstream			
ありすまな	有栖マナ	人名	人名	人名	upstream			
まな	有栖マナ	人名	人名	人名	upstream			
ありすいんひよこ	有栖院日夜子	人名	人名	人名	upstream			
ひよこ	有栖院日夜子	人名	人名	人名	upstream			
ありすばらてれん	有栖原てれん	人名	人名	人名	upstream			
てれん	有栖原てれん	人名	人名	人名	upstream			
ありすがわしゃろろ	有栖川シャロロ	人名	人名	人名	upstream			
しゃろろ	有栖川シャロロ	人名	人名	人名	upstream			
ありすがわしゅあ	有栖川シュア	人名	人名	人名	upstream			
しゅあ	有栖川シュア	人名	人名	人名	upstream			
ありすがわどっと	有栖川ドット	人名	人名	人名	upstream			
どっと	有栖川ドット	人名	人名	人名	upstream			
ありすがわれいか	有栖川レイカ	人名	人名	人名	upstream			
れいか	有栖川レイカ	人名	人名	人名	upstream			
ありままりあ	有馬まりあ	人名	人名	人名	upstream			
まりあ	有馬まりあ	人名	人名	人名	upstream			
ゆずのきもみ	柚ノ希もみ	人名	人名	人名	upstream			
もみ	柚ノ希もみ	人名	人名	人名	upstream			
ゆずはまくら	柚羽まくら	人名	人名	人名	upstream			
まくら	柚羽まくら	人名	人名	人名	upstream			
きおい	柚雨	人名	人名	人名	upstream			
ゆずきゆず	柚月ゆず	人名	人名	人名	upstream			
ゆず	柚月ゆず	人名	人名	人名	upstream			
ゆのはらいづみ	柚原いづみ	人名	人名	人名	upstream			
いづみ	柚原いづみ	人名	人名	人名	upstream			
ゆずは	柚子花	人名	人名	人名	upstream			
ゆずきれいな	柚木玲奈	人名	人名	人名	upstream			
れいな	柚木玲奈	人名	人名	人名	upstream			
ゆずきりん	柚木凛	人名	人名	人名	upstream			
りん	柚木凛	人名	人名	人名	upstream			
ゆざくらあずと	柚櫻あずと	人名	人名	人名	upstream			
あずと	柚櫻あずと	人名	人名	人名	upstream			
ゆうぎり	由宇霧	人名	人名	人名	upstream			
ゆえんあや	由縁アヤ	人名	人名	人名	upstream			
あや	由縁アヤ	人名	人名	人名	upstream			
ゆえんみな	由縁ミナ	人名	人名	人名	upstream			
みな	由縁ミナ	人名	人名	人名	upstream			
よしもちもに	由持もに	人名	人名	人名	upstream			
もに	由持もに	人名	人名	人名	upstream			
ゆいなだひかり	遊井名田影	人名	人名	人名	upstream			
ひかり	遊井名田影	人名	人名	人名	upstream			
あすまがく	遊馬我駆	人名	人名	人名	upstream			
がく	遊馬我駆	人名	人名	人名	upstream			
ゆうやみるきあ	夕闇ルキア	人名	人名	人名	upstream			
るきあ	夕闇ルキア	人名	人名	人名	upstream			
ゆうやみさよ	夕闇小夜	人名	人名	人名	upstream			
さよ	夕闇小夜	人名	人名	人名	upstream			
ゆうかげみこと	夕影ミコト	人名	人名	人名	upstream			
みこと	夕影ミコト	人名	人名	人名	upstream			
ゆづきくらげ	夕月海月	人名	人名	人名	upstream			
くらげ	夕月海月	人名	人名	人名	upstream			
ゆうみいぶ	夕見いぶ	人名	人名	人名	upstream			
いぶ	夕見いぶ	人名	人名	人名	upstream			
ゆうこくろべる	夕刻ロベル	人名	人名	人名	upstream			
ろべる	夕刻ロベル	人名	人名	人名	upstream			
ゆうゆうやあか	夕悠夜赤	人名	人名	人名	upstream			
あか	夕悠夜赤	人名	人名	人名	upstream			
ゆうばりん	夕葉倫	人名	人名	人名	upstream			
ゆうひりり	夕陽リリ	人名	人名	人名	upstream			
りり	夕陽リリ	人名	人名	人名	upstream			
ゆれれ	予樂樂	人名	人名	人名	upstream			
よさのしいか	与謝野詩歌	人名	人名	人名	upstream			
しいか	与謝野詩歌	人名	人名	人名	upstream			
ようりゅうのゆい	幼龍埜ゆい	人名	人名	人名	upstream			
ゆい	幼龍埜ゆい	人名	人名	人名	upstream			
ようかいおやじむすめ	妖怪おやじむすめ	人名	人名	人名	upstream			
おやじむすめ	妖怪おやじむすめ	人名	人名	人名	upstream			
ようきすいしょう	妖鬼水晶	人名	人名	人名	upstream			
すいしょう	妖鬼水晶	人名	人名	人名	upstream			
ようせいみんと	妖精ミント	人名	人名	人名	upstream			
みんと	妖精ミント	人名	人名	人名	upstream			
あげはこちょう	揚羽胡蝶	人名	人名	人名	upstream			
こちょう	揚羽胡蝶	人名	人名	人名	upstream			
ひつじのゆめか	羊ノ夢叶	人名	人名	人名	upstream			
ゆめか	羊ノ夢叶	人名	人名	人名	upstream			
ひつじのしいぷ	羊乃しいぷ	人名	人名	人名	upstream			
しいぷ	羊乃しいぷ	人名	人名	人名	upstream			
ひつじむすめめめ	羊娘めめ	人名	人名	人名	upstream			
めめ	羊娘めめ	人名	人名	人名	upstream			
よう	葉	人名	人名	人名	upstream			
はがくれこう	葉隠コウ	人名	人名	人名	upstream			
こう	葉隠コウ	人名	人名	人名	upstream			
はかせ	葉加瀬	姓	姓	人名	upstream			
はかせふゆき	葉加瀬冬雪	人名	人名	人名	upstream			
ふゆき	葉加瀬冬雪	人名	人名	人名	upstream			
はづきなつ	葉月ナツ	人名	人名	人名	upstream			
なつ	葉月ナツ	人名	人名	人名	upstream			
はやま	葉山	姓	姓	人名	upstream			
はやまみど	葉山みど	人名	人名	人名	upstream			
みど	葉山みど	人名	人名	人名	upstream			
はやままりん	葉山舞鈴	人名	人名	人名	upstream			
まりん	葉山舞鈴	人名	人名	人名	upstream			
ようこ	葉子	名	名	人名	upstream			
ゆーはむ	葉邑ゆう	人名	人名	人名	upstream			
ゆう	葉邑ゆう	人名	人名	人名	upstream			
よう	遥	人名	人名	人名	upstream			
はるかそら	遥そら	人名	人名	人名	upstream			
そら	遥そら	人名	人名	人名	upstream			
はるのねはる	遥ノ音ハル	人名	人名	人名	upstream			
はる	遥ノ音ハル	人名	人名	人名	upstream			
はるかかなた	遥伽カナタ	人名	人名	人名	upstream			
かなた	遥伽カナタ	人名	人名	人名	upstream			
ひな	陽菜	人名	人名	人名	upstream			
みなみゆうき	陽有葵	人名	人名	人名	upstream			
ゆうき	陽有葵	人名	人名	人名	upstream			
ひよこまめ	陽与こまめ	人名	人名	人名	upstream			
こまめ	陽与こまめ	人名	人名	人名	upstream			
よくばりー	翼羽李	人名	人名	人名	upstream			
りー	翼羽李	人名	人名	人名	upstream			
くるすみんと	来栖ミント	人名	人名	人名	upstream			
みんと	来栖ミント	人名	人名	人名	upstream			
くるすなつめ	来栖夏芽	人名	人名	人名	upstream			
なつめ	来栖夏芽	人名	人名	人名	upstream			
くゆるぎしぐれ	来揺時雨	人名	人名	人名	upstream			
しぐれ	来揺時雨	人名	人名	人名	upstream			
れお	莱恩	人名	人名	人名	upstream			
らいきあんたれす	雷輝アンタレス	人名	人名	人名	upstream			
あんたれす	雷輝アンタレス	人名	人名	人名	upstream			
るぉてんい	洛天依	人名	人名	人名	upstream			
てんい	洛天依	人名	人名	人名	upstream			
るお	洛天依	人名	人名	人名	upstream			
らくたんりゅうじ	落単留四	人名	人名	人名	upstream			
りゅうじ	落単留四	人名	人名	人名	upstream			
かざみやくーろ	風宮クーロ	人名	人名	人名	upstream			
くーろ	風宮クーロ	人名	人名	人名	upstream			
あいばみなと	藍羽ミナト	人名	人名	人名	upstream			
みなと	藍羽ミナト	人名	人名	人名	upstream			
あいはらやちよ	藍原八千夜	人名	人名	人名	upstream			
やちよ	藍原八千夜	人名	人名	人名	upstream			
あいていおり	藍手いおり	人名	人名	人名	upstream			
いおり	藍手いおり	人名	人名	人名	upstream			
そうまあや	蒼真アヤ	人名	人名	人名	upstream			
あや	蒼真アヤ	人名	人名	人名	upstream			
あいざわえま	藍沢エマ	人名	人名	人名	upstream			
えま	藍沢エマ	人名	人名	人名	upstream			
あいざわもも	藍沢もも	人名	人名	人名	upstream			
もも	藍沢もも	人名	人名	人名	upstream			
あおとらび	藍兎らび	人名	人名	人名	upstream			
らび	藍兎らび	人名	人名	人名	upstream			
あいのるか	藍乃琉架	人名	人名	人名	upstream			
るか	藍乃琉架	人名	人名	人名	upstream			
あいばあち	藍芭あち	人名	人名	人名	upstream			
あち	藍芭あち	人名	人名	人名	upstream			
あいばぺご	藍泊ぺご	人名	人名	人名	upstream			
ぺご	藍泊ぺご	人名	人名	人名	upstream			
あいりかんな	藍璃かんな	人名	人名	人名	upstream			
かんな	藍璃かんな	人名	人名	人名	upstream			
あららぎらんす	蘭らんす	人名	人名	人名	upstream			
らんす	蘭らんす	人名	人名	人名	upstream			
らんおうひなり	蘭王ひなり	人名	人名	人名	upstream			
ひなり	蘭王ひなり	人名	人名	人名	upstream			
らんちゃみすみ	蘭茶三角	人名	人名	人名	upstream			
みすみ	蘭茶三角	人名	人名	人名	upstream			
りせいか	李清歌	人名	人名	人名	upstream			
せいか	李清歌	人名	人名	人名	upstream			
やや	李稍	人名	人名	人名	upstream			
りむ	梨夢	人名	人名	人名	upstream			
りめ	理芽	人名	人名	人名	upstream			
ことはらひなり	理原ひなり	人名	人名	人名	upstream			
ひなり	理原ひなり	人名	人名	人名	upstream			
りりさきすう	璃々咲すう	人名	人名	人名	upstream			
すう	璃々咲すう	人名	人名	人名	upstream			
りる	璃露	人名	人名	人名	upstream			
りくえんえい	陸婉瑩	人名	人名	人名	upstream			
りっか	律可	人名	人名	人名	upstream			
りつか	律可	人名	人名	人名	upstream			
たちばなれん	立花レン	人名	人名	人名	upstream			
れん	立花レン	人名	人名	人名	upstream			
たちばなりん	立花鈴	人名	人名	人名	upstream			
りん	立花鈴	人名	人名	人名	upstream			
たちかわあやか	立川絢香	人名	人名	人名	upstream			
ながれさら	流サラ	人名	人名	人名	upstream			
さら	流サラ	人名	人名	人名	upstream			
さすがのるき	流石乃ルキ	人名	人名	人名	upstream			
るき	流石乃ルキ	人名	人名	人名	upstream			
さすがのろき	流石乃ロキ	人名	人名	人名	upstream			
ろき	流石乃ロキ	人名	人名	人名	upstream			
るかわらき	流川らき	人名	人名	人名	upstream			
らき	流川らき	人名	人名	人名	upstream			
るき	琉绮	人名	人名	人名	upstream			
たつのはすのう	竜ノ羽スノウ	人名	人名	人名	upstream			
すのう	竜ノ羽スノウ	人名	人名	人名	upstream			
たちばなあいら	竜華あいら	人名	人名	人名	upstream			
あいら	竜華あいら	人名	人名	人名	upstream			
りゅうみすい	竜海水	人名	人名	人名	upstream			
すい	竜海水	人名	人名	人名	upstream			
りゅうぐううら	竜宮うら	人名	人名	人名	upstream			
うら	竜宮うら	人名	人名	人名	upstream			
たつみやかれん	竜宮かれん	人名	人名	人名	upstream			
かれん	竜宮かれん	人名	人名	人名	upstream			
りゅうせいあいる	竜星アイル	人名	人名	人名	upstream			
あいる	竜星アイル	人名	人名	人名	upstream			
りんどうみこと	竜胆尊	人名	人名	人名	upstream			
みこと	竜胆尊	人名	人名	人名	upstream			
りゅうのえなじー	竜乃エナジー	人名	人名	人名	upstream			
えなじー	竜乃エナジー	人名	人名	人名	upstream			
りゅうがさきりん	龍ヶ崎リン	人名	人名	人名	upstream			
りん	龍ヶ崎リン	人名	人名	人名	upstream			
たつまきちせ	龍巻ちせ	人名	人名	人名	upstream			
ちせ	龍巻ちせ	人名	人名	人名	upstream			
たつきしふぁ	龍姫シファ	人名	人名	人名	upstream			
しふぁ	龍姫シファ	人名	人名	人名	upstream			
りゅうせいろたん	龍惺ろたん	人名	人名	人名	upstream			
ろたん	龍惺ろたん	人名	人名	人名	upstream			
たびのそら	旅野そら	人名	人名	人名	upstream			
そら	旅野そら	人名	人名	人名	upstream			
すずみねも	涼海ネモ	人名	人名	人名	upstream			
ねも	涼海ネモ	人名	人名	人名	upstream			
すずみいるか	涼海衣瑠香	人名	人名	人名	upstream			
いるか	涼海衣瑠香	人名	人名	人名	upstream			
すずかみえりす	涼上エリス	人名	人名	人名	upstream			
えりす	涼上エリス	人名	人名	人名	upstream			
すずかぜこまめ	涼風こまめ	人名	人名	人名	upstream			
こまめ	涼風こまめ	人名	人名	人名	upstream			
すずかぜしとら	涼風しとら	人名	人名	人名	upstream			
しとら	涼風しとら	人名	人名	人名	upstream			
すずもとりゃうか	涼本りゃうか	人名	人名	人名	upstream			
りゃうか	涼本りゃうか	人名	人名	人名	upstream			
りきいち	力一	名	名	人名	upstream			
みどりのひとで	緑のひとで	人名	人名	人名	upstream			
りょくおうしょくやさいまん	緑黄色野菜マン	人名	人名	人名	upstream			
りゅうしぇん	緑仙	人名	人名	人名	upstream			
りゅーしぇん	緑仙	人名	人名	人名	upstream			
しぇん	緑仙	人名	人名	人名	upstream			
ろくそらとう	緑天豆	人名	人名	人名	upstream			
とう	緑天豆	人名	人名	人名	upstream			
はやしぴょんぴょこ	林ぴょんぴょこ	人名	人名	人名	upstream			
りんからいぜんばいん	燐夏・ライゼンバイン	人名	人名	人名	upstream			
りんか	燐夏・ライゼンバイン	人名	人名	人名	upstream			
るりかわえみり	瑠璃川えみり	人名	人名	人名	upstream			
えみり	瑠璃川えみり	人名	人名	人名	upstream			
れいやみり	令夜みり	人名	人名	人名	upstream			
みり	令夜みり	人名	人名	人名	upstream			
ひやみずぬるめ	冷水ぬるめ	人名	人名	人名	upstream			
ぬるめ	冷水ぬるめ	人名	人名	人名	upstream			
れくいえむりぃ	苓吃エムリィ	人名	人名	人名	upstream			
えむりぃ	苓吃エムリィ	人名	人名	人名	upstream			
さぎはらりんね	鷺原鈴音	人名	人名	人名	upstream			
りんね	鷺原鈴音	人名	人名	人名	upstream			
すずはないのり	鈴花いのり	人名	人名	人名	upstream			
いのり	鈴花いのり	人名	人名	人名	upstream			
すずかすてら	鈴花ステラ	人名	人名	人名	upstream			
すてら	鈴花ステラ	人名	人名	人名	upstream			
すずはらるる	鈴原るる	人名	人名	人名	upstream			
るる	鈴原るる	人名	人名	人名	upstream			
すずねらい	鈴根らい	人名	人名	人名	upstream			
らい	鈴根らい	人名	人名	人名	upstream			
すずかくじごじゅっぷん	鈴鹿9:50	人名	人名	人名	upstream			
くじごじゅっぷん	鈴鹿9:50	人名	人名	人名	upstream			
すずかうたこ	鈴鹿詩子	人名	人名	人名	upstream			
うたこ	鈴鹿詩子	人名	人名	人名	upstream			
すずしろここね	鈴代ここね	人名	人名	人名	upstream			
ここね	鈴代ここね	人名	人名	人名	upstream			
すずしろつきね	鈴代つきね	人名	人名	人名	upstream			
つきね	鈴代つきね	人名	人名	人名	upstream			
すずやあき	鈴谷アキ	人名	人名	人名	upstream			
あき	鈴谷アキ	人名	人名	人名	upstream			
すずほこま	鈴帆こま	人名	人名	人名	upstream			
こま	鈴帆こま	人名	人名	人名	upstream			
すずなすばる	鈴鳴すばる	人名	人名	人名	upstream			
すばる	鈴鳴すばる	人名	人名	人名	upstream			
すずきあんず	鈴木あんず	人名	人名	人名	upstream			
あんず	鈴木あんず	人名	人名	人名	upstream			
すずきひな	鈴木ヒナ	人名	人名	人名	upstream			
ひな	鈴木ヒナ	人名	人名	人名	upstream			
すずきまさる	鈴木勝	人名	人名	人名	upstream			
まさる	鈴木勝	人名	人名	人名	upstream			
すずきりせつ	鈴木梨雪	人名	人名	人名	upstream			
りせつ	鈴木梨雪	人名	人名	人名	upstream			
すずなしゆうか	鈴梨水雨華	人名	人名	人名	upstream			
ゆうか	鈴梨水雨華	人名	人名	人名	upstream			
みんすぅーは	민수하	人名	人名	人名	upstream			
すは	민수하	人名	人名	人名	upstream			
れいでんかすか	霊電カスカ	人名	人名	人名	upstream			
かすか	霊電カスカ	人名	人名	人名	upstream			
れいでんちあき	霊電チアキ	人名	人名	人名	upstream			
れいこ	麗子	人名	人名	人名	upstream			
うるしざかえす	麗志坂えす	人名	人名	人名	upstream			
えす	麗志坂えす	人名	人名	人名	upstream			
こいのやまい	恋乃夜まい	人名	人名	人名	upstream			
まい	恋乃夜まい	人名	人名	人名	upstream			
こいちごやみい	恋苺やみぃ	人名	人名	人名	upstream			
やみい	恋苺やみぃ	人名	人名	人名	upstream			
こしや	恋诗夜	人名	人名	人名	upstream			
さざなみとあ	漣とあ	人名	人名	人名	upstream			
とあ	漣とあ	人名	人名	人名	upstream			
さざなみとあ	漣透天	人名	人名	人名	upstream			
とあ	漣透天	人名	人名	人名	upstream			
ばんはだ	반하다	人名	人名	人名	upstream			
みちえきとまる	路駅とまる	人名	人名	人名	upstream			
とまる	路駅とまる	人名	人名	人名	upstream			
ろうやしきべる	牢屋敷ベル	人名	人名	人名	upstream			
べる	牢屋敷ベル	人名	人名	人名	upstream			
はくれん	백연	人名	人名	人名	upstream			
かみやろあ	狼谷ロア	人名	人名	人名	upstream			
ろあ	狼谷ロア	人名	人名	人名	upstream			
れいじょうこもる	篭城こもる	人名	人名	人名	upstream			
こもる	篭城こもる	人名	人名	人名	upstream			
よっかいんゆき	六花院雪	人名	人名	人名	upstream			
ゆき	六花院雪	人名	人名	人名	upstream			
ろっかくむに	六角むに	人名	人名	人名	upstream			
むに	六角むに	人名	人名	人名	upstream			
りくどうかろ	六道カロ	人名	人名	人名	upstream			
かろ	六道カロ	人名	人名	人名	upstream			
ろくどうめい	六道冥	人名	人名	人名	upstream			
めい	六道冥	人名	人名	人名	upstream			
りっぽうりくる	六法陸六	人名	人名	人名	upstream			
りくる	六法陸六	人名	人名	人名	upstream			
むつはみか	六葉ミカ	人名	人名	人名	upstream			
みか	六葉ミカ	人名	人名	人名	upstream			
わがみけんご	和神犬悟	人名	人名	人名	upstream			
けんご	和神犬悟	人名	人名	人名	upstream			
わかなりず	和奏リズ	人名	人名	人名	upstream			
りず	和奏リズ	人名	人名	人名	upstream			
わくひめ	惑姫	人名	人名	人名	upstream			
わしゅうあすか	鷲羽アスカ	人名	人名	人名	upstream			
あすか	鷲羽アスカ	人名	人名	人名	upstream			
ほのかよみ	仄架よみ	人名	人名	人名	upstream			
よみ	仄架よみ	人名	人名	人名	upstream			
こるくろち	來久ろち	人名	人名	人名	upstream			
ろち	來久ろち	人名	人名	人名	upstream			
らいむめると	來夢めると	人名	人名	人名	upstream			
めると	來夢めると	人名	人名	人名	upstream			
はかないきき	儚キキ	人名	人名	人名	upstream			
きき	儚キキ	人名	人名	人名	upstream			
はかないおはな	儚伊緒花	人名	人名	人名	upstream			
おはな	儚伊緒花	人名	人名	人名	upstream			
こだまなお	兒玉菜生	人名	人名	人名	upstream			
なお	兒玉菜生	人名	人名	人名	upstream			
りん	凛	名	名	人名	upstream			
りんとさく	凛叶サク	人名	人名	人名	upstream			
さく	凛叶サク	人名	人名	人名	upstream			
りつき	凛月	人名	人名	人名	upstream			
りんよう	凛葉	人名	人名	人名	upstream			
くだん	吼檀	人名	人名	人名	upstream			
とがつきよみ	咎月詠	人名	人名	人名	upstream			
よみ	咎月詠	人名	人名	人名	upstream			
はやしまふゆ	囃市まふゆ	人名	人名	人名	upstream			
まふゆ	囃市まふゆ	人名	人名	人名	upstream			
ようれいらん	姚玲蘭	人名	人名	人名	upstream			
れいらん	姚玲蘭	人名	人名	人名	upstream			
しかいゆえ	尸解ユヱ	人名	人名	人名	upstream			
ゆえ	尸解ユヱ	人名	人名	人名	upstream			
みつきしお	巫月しお	人名	人名	人名	upstream			
しお	巫月しお	人名	人名	人名	upstream			
しのみやうか	恣ノ宮うか	人名	人名	人名	upstream			
うか	恣ノ宮うか	人名	人名	人名	upstream			
おひとよし	惡人善	人名	人名	人名	upstream			
しづきうみる	惺月うみる	人名	人名	人名	upstream			
うみる	惺月うみる	人名	人名	人名	upstream			
いぬいとこ	戌亥とこ	人名	人名	人名	upstream			
とこ	戌亥とこ	人名	人名	人名	upstream			
いぬみあっしゅ	戌海アッシュ	人名	人名	人名	upstream			
あっしゅ	戌海アッシュ	人名	人名	人名	upstream			
いぬがみころね	戌神ころね	人名	人名	人名	upstream			
ころね	戌神ころね	人名	人名	人名	upstream			
いぬちよここな	戌千代ここな	人名	人名	人名	upstream			
ここな	戌千代ここな	人名	人名	人名	upstream			
むり	无理	人名	人名	人名	upstream			
かんばやしきょうか	旱林鏡香	人名	人名	人名	upstream			
きょうか	旱林鏡香	人名	人名	人名	upstream			
ゆずりはめり	杠芽里	人名	人名	人名	upstream			
めり	杠芽里	人名	人名	人名	upstream			
ゆずりはおうぎ	杠扇	人名	人名	人名	upstream			
おうぎ	杠扇	人名	人名	人名	upstream			
かせぎれい	枷木レイ	人名	人名	人名	upstream			
れい	枷木レイ	人名	人名	人名	upstream			
しおり	栞栞	人名	人名	人名	upstream			
くぁんくぁん	框框	人名	人名	人名	upstream			
きょうゆうしろや	梟雄しろや	人名	人名	人名	upstream			
しろや	梟雄しろや	人名	人名	人名	upstream			
くちなしすい	梔子スイ	人名	人名	人名	upstream			
すい	梔子スイ	人名	人名	人名	upstream			
そよぎせつね	梵雪音	人名	人名	人名	upstream			
せつね	梵雪音	人名	人名	人名	upstream			
ゆずりはこまり	楪こまり	人名	人名	人名	upstream			
こまり	楪こまり	人名	人名	人名	upstream			
ゆずりはつむぎ	楪つむぎ	人名	人名	人名	upstream			
つむぎ	楪つむぎ	人名	人名	人名	upstream			
ゆずりはほなみ	楪帆波	人名	人名	人名	upstream			
ほなみ	楪帆波	人名	人名	人名	upstream			
だいだいちとせ	橙ちとせ	人名	人名	人名	upstream			
ちとせ	橙ちとせ	人名	人名	人名	upstream			
とうのゆら	橙乃ゆら	人名	人名	人名	upstream			
ゆら	橙乃ゆら	人名	人名	人名	upstream			
とうりせい	橙里セイ	人名	人名	人名	upstream			
せい	橙里セイ	人名	人名	人名	upstream			
れもんかふる	檸檬かふる	人名	人名	人名	upstream			
かふる	檸檬かふる	人名	人名	人名	upstream			
せふぃな	세피나	人名	人名	人名	upstream			
おうかみこ	櫻歌ミコ	人名	人名	人名	upstream			
みこ	櫻歌ミコ	人名	人名	人名	upstream			
めめ	沐毛	人名	人名	人名	upstream			
そなぎ	소나기	人名	人名	人名	upstream			
そんみあ	송미아	人名	人名	人名	upstream			
もんもん	濛濛	人名	人名	人名	upstream			
きらみかみこと	煌御門碧琴	人名	人名	人名	upstream			
みこと	煌御門碧琴	人名	人名	人名	upstream			
あやか	煌彩香	人名	人名	人名	upstream			
こうじょうそうた	煌城創太	人名	人名	人名	upstream			
そうた	煌城創太	人名	人名	人名	upstream			
かがり	燎	人名	人名	人名	upstream			
こうちゃゆずか	珈茶ユヅカ	人名	人名	人名	upstream			
ゆずか	珈茶ユヅカ	人名	人名	人名	upstream			
しんぎる	신기루	人名	人名	人名	upstream			
しにゅや	신유야	人名	人名	人名	upstream			
しんゆや	신유야	人名	人名	人名	upstream			
しん	신유야	人名	人名	人名	upstream			
まひろ	眞尋	人名	人名	人名	upstream			
おもきちあおじ	磔銀アオジ	人名	人名	人名	upstream			
あおじ	磔銀アオジ	人名	人名	人名	upstream			
ややむぎ	稍麦	人名	人名	人名	upstream			
ふえじまことり	笙嶋ことり	人名	人名	人名	upstream			
ことり	笙嶋ことり	人名	人名	人名	upstream			
ほうきむらくも	箒叢雲	人名	人名	人名	upstream			
むらくも	箒叢雲	人名	人名	人名	upstream			
かごのめゔぇせる	籠目ヴェゼル	人名	人名	人名	upstream			
ゔぇぜる	籠目ヴェゼル	人名	人名	人名	upstream			
みんふぇんたん	糜粉棠	人名	人名	人名	upstream			
あかいさたん	絳ヰサタン	人名	人名	人名	upstream			
さたん	絳ヰサタン	人名	人名	人名	upstream			
いといとい	絲依とい	人名	人名	人名	upstream			
とい	絲依とい	人名	人名	人名	upstream			
きづきめる	綺月める	人名	人名	人名	upstream			
める	綺月める	人名	人名	人名	upstream			
きらぼしあけみ	綺羅星アケミ	人名	人名	人名	upstream			
あけみ	綺羅星アケミ	人名	人名	人名	upstream			
きらぼしうた	綺羅星ウタ	人名	人名	人名	upstream			
うた	綺羅星ウタ	人名	人名	人名	upstream			
きらぼしきらら	綺羅星きらら	人名	人名	人名	upstream			
きらら	綺羅星きらら	人名	人名	人名	upstream			
かける	翔	名	名	人名	upstream			
しのしま	肆ノ島	姓	姓	人名	upstream			
しのしまらいせ	肆ノ島來世	人名	人名	人名	upstream			
らいせ	肆ノ島來世	人名	人名	人名	upstream			
あいね	艾因	人名	人名	人名	upstream			
あとるず	艾特勒斯	人名	人名	人名	upstream			
いちごなごみ	苺なごみ	人名	人名	人名	upstream			
なごみ	苺なごみ	人名	人名	人名	upstream			
いちのもりこひな	苺ノ森こひな	人名	人名	人名	upstream			
こひな	苺ノ森こひな	人名	人名	人名	upstream			
いちごやかなた	苺谷星空	人名	人名	人名	upstream			
かなた	苺谷星空	人名	人名	人名	upstream			
まいびょう	苺病	姓	姓	人名	upstream			
まいびょうくすり	苺病くすり	人名	人名	人名	upstream			
くすり	苺病くすり	人名	人名	人名	upstream			
いちごはふえ	苺葉ふえ	人名	人名	人名	upstream			
ふえ	苺葉ふえ	人名	人名	人名	upstream			
まり	茉里	人名	人名	人名	upstream			
まつりか	茉莉花	人名	人名	人名	upstream			
あきられい	아키라레이	人名	人名	人名	upstream			
れい	아키라레이	人名	人名	人名	upstream			
りいぬ	莉犬	人名	人名	人名	upstream			
りこ	莉蔻	人名	人名	人名	upstream			
すみれざきりん	菫崎リン	人名	人名	人名	upstream			
りん	菫崎リン	人名	人名	人名	upstream			
やんなり	양나리	人名	人名	人名	upstream			
ばらかねゆりか	薔薇鐘百合花	人名	人名	人名	upstream			
れみ	蕾米	人名	人名	人名	upstream			
うわばみみき	蟒蛇ミキ	人名	人名	人名	upstream			
みき	蟒蛇ミキ	人名	人名	人名	upstream			
おじゆ	오지유	人名	人名	人名	upstream			
たぶらつつくし	誑津つくし	人名	人名	人名	upstream			
つくし	誑津つくし	人名	人名	人名	upstream			
うぃふぃ	위피	人名	人名	人名	upstream			
ゆるり	유루리	人名	人名	人名	upstream			
るり	유루리	人名	人名	人名	upstream			
いろは	이로하	人名	人名	人名	upstream			
いしう	이시우	人名	人名	人名	upstream			
いおん	이온	人名	人名	人名	upstream			
みさごゆきまち	雎雪待	人名	人名	人名	upstream			
ゆきまち	雎雪待	人名	人名	人名	upstream			
きじおつぐ	雉尾つぐ	人名	人名	人名	upstream			
つぐ	雉尾つぐ	人名	人名	人名	upstream			
くろばねいりす	鴉羽イリス	人名	人名	人名	upstream			
いりす	鴉羽イリス	人名	人名	人名	upstream			
からすくろこ	鴉黒孤	人名	人名	人名	upstream			
くろこ	鴉黒孤	人名	人名	人名	upstream			
たかおしんじ	髙生紳士	人名	人名	人名	upstream			
しんじ	髙生紳士	人名	人名	人名	upstream			
ちぇあら	채아라	人名	人名	人名	upstream			
かえん	카엔	人名	人名	人名	upstream			
はゆん	하윤	人名	人名	人名	upstream			
はんちほ	한치호	人名	人名	人名	upstream			
かおす	卡欧斯	人名	人名	人名	upstream			
あぅ	哎小呜	人名	人名	人名	upstream			
にゃつき	喵月	人名	人名	人名	upstream			
にむ	妮慕	人名	人名	人名	upstream			
すい	岁己	人名	人名	人名	upstream			
ぱこ	帕可	人名	人名	人名	upstream			
はくじゃ	库伽	人名	人名	人名	upstream			
くらう	库拉乌	人名	人名	人名	upstream			
りーんゆえんようさ	泠鳶yousa	人名	人名	人名	upstream			
りーんゆえん	泠鳶yousa	人名	人名	人名	upstream			
めろでぃ	泽音	人名	人名	人名	upstream			
いなづまかげまる	电影丸	人名	人名	人名	upstream			
かげまる	电影丸	人名	人名	人名	upstream			
らいち	离枝	人名	人名	人名	upstream			
きろう	绮楼	人名	人名	人名	upstream			
ろい	罗伊	人名	人名	人名	upstream			
さまえる	萨麦尔	人名	人名	人名	upstream			
ねこくれ	貓呉	人名	人名	人名	upstream			
じょい	轴伊	人名	人名	人名	upstream			
ぎりみ	雾深	人名	人名	人名	upstream			
のまひじり	々聖	人名	人名	人名	upstream			
ゆうじんえー	友人A	人名	人名	人名	upstream			
ねこまちあけみ	猫町アケミ	人名	人名	人名	upstream			
あけみ	猫町アケミ	人名	人名	人名	upstream			
しぐれうい	しぐれうい	人名	人名	人名	upstream			
うい	しぐれうい	人名	人名	人名	upstream			
ちゅいみねしーと	ChuyMinesito	人名	人名	人名	upstream			
ちゅいまいん	ChuyMinesito	人名	人名	人名	upstream			
ちゅい	ChuyMinesito	人名	人名	人名	upstream			
ぎっぽり	Gibpuri	人名	人名	人名	upstream			
ざばーんとぴーなっつ	TheBurntPeanut	人名	人名	人名	upstream			
ぴーなっつ	TheBurntPeanut	人名	人名	人名	upstream			
へっと	Hetto	人名	人名	人名	upstream			
あいあんまうす	アイアンマウス	人名	人名	人名	upstream			
まうす	アイアンマウス	人名	人名	人名	upstream			
しょうと	Shoto	人名	人名	人名	upstream			
みゃうりー	MeowlyVA	人名	人名	人名	upstream			
ほえーるていらー	ホエール・テイラー	人名	人名	人名	upstream			
ていらー	ホエール・テイラー	人名	人名	人名	upstream			
さめこさば	SamekoSaba	人名	人名	人名	upstream			
さば	SamekoSaba	人名	人名	人名	upstream			
らっくん	Rakun	人名	人名	人名	upstream			
にゃたーしゃにゃんにゃーず	ニャターシャ・ニャンナーズ	人名	人名	人名	upstream			
にゃたーしゃにゃんなーず	ニャターシャ・ニャンナーズ	人名	人名	人名	upstream			
にゃんにゃーず	ニャターシャ・ニャンナーズ	人名	人名	人名	upstream			
にゃんなーず	ニャターシャ・ニャンナーズ	人名	人名	人名	upstream			
ちぇっしー	Chessi	人名	人名	人名	upstream			
にむ	Nimu	人名	人名	人名	upstream			
はりすかいん	HarrisCaine	人名	人名	人名	upstream			
かいん	HarrisCaine	人名	人名	人名	upstream			
ゔぉっくすあくま	ヴォックス・アクマ	人名	人名	人名	upstream			
ゔぉっくす	ヴォックス・アクマ	人名	人名	人名	upstream			
まうだど	maudado	人名	人名	人名	upstream			
けんじ	Kenji	人名	人名	人名	upstream			
ぴかろり	PikaLoli	人名	人名	人名	upstream			
ろり	PikaLoli	人名	人名	人名	upstream			
すりーぴーぶんす	SleepyBunsu	人名	人名	人名	upstream			
ぶんす	SleepyBunsu	人名	人名	人名	upstream			
あるがんじ	알간지	人名	人名	人名	upstream			
みしあばっとふぉーど	MythiaBatford	人名	人名	人名	upstream			
みしあ	MythiaBatford	人名	人名	人名	upstream			
ばお	Bao	人名	人名	人名	upstream			
ゆうきさくな	結城さくな	人名	人名	人名	upstream			
さくな	結城さくな	人名	人名	人名	upstream			
かわさきすい	河崎翆	人名	人名	人名	upstream			
すい	河崎翆	人名	人名	人名	upstream			
るかかねしろ	ルカ・カネシロ	人名	人名	人名	upstream			
るか	ルカ・カネシロ	人名	人名	人名	upstream			
じっぷきー	Zippkey	人名	人名	人名	upstream			
てうぉるひゃん	대월향	人名	人名	人名	upstream			
うぉるひゃん	대월향	人名	人名	人名	upstream			
やみのしゅう	闇ノシュウ	人名	人名	人名	upstream			
しゅう	闇ノシュウ	人名	人名	人名	upstream			
あくせろっと	Axelot	人名	人名	人名	upstream			
じょーだんすうぃーと	JordanSweeto	人名	人名	人名	upstream			
すうぃーと	JordanSweeto	人名	人名	人名	upstream			
なっくすたく	NuxTaku	人名	人名	人名	upstream			
たく	NuxTaku	人名	人名	人名	upstream			
だんてうぃる	DanteWill	人名	人名	人名	upstream			
だんて	DanteWill	人名	人名	人名	upstream			
ぴかっと	pikat	人名	人名	人名	upstream			
そんはらん	송하랑	人名	人名	人名	upstream			
はらん	송하랑	人名	人名	人名	upstream			
どきばーど	Dokibird	人名	人名	人名	upstream			
どき	Dokibird	人名	人名	人名	upstream			
くぉーと	Kwote	人名	人名	人名	upstream			
おせろっと	Ocelot	人名	人名	人名	upstream			
ふぇふぇ	FeFe	人名	人名	人名	upstream			
べおうるふ	Beowulf	人名	人名	人名	upstream			
べお	Beowulf	人名	人名	人名	upstream			
はんとれお	Huntle0	人名	人名	人名	upstream			
としるず	Toshiruz	人名	人名	人名	upstream			
るず	Toshiruz	人名	人名	人名	upstream			
けんどうまーふ	KendoMurft	人名	人名	人名	upstream			
まーふ	KendoMurft	人名	人名	人名	upstream			
びわこくん	びわ湖くん	人名	人名	人名	upstream			
あるばーんのっくす	アルバーン・ノックス	人名	人名	人名	upstream			
のっくす	アルバーン・ノックス	人名	人名	人名	upstream			
あんでぃあでぃなた	AndiAdinata	人名	人名	人名	upstream			
あんでぃ	AndiAdinata	人名	人名	人名	upstream			
きょうらんめろこ	狂蘭メロコ	人名	人名	人名	upstream			
めろこ	狂蘭メロコ	人名	人名	人名	upstream			
しなまんち	Cinnamunch	人名	人名	人名	upstream			
めろでぃ	Melody	人名	人名	人名	upstream			
くまーば	クマーバ	人名	人名	人名	upstream			
あす	明透	人名	人名	人名	upstream			
ゔぇいべ	ヴェイベ	人名	人名	人名	upstream			
そうた	Souta	人名	人名	人名	upstream			
しょと	shxtou	人名	人名	人名	upstream			
のんはんぎんぐ	NongHanging	人名	人名	人名	upstream			
のん	NongHanging	人名	人名	人名	upstream			
まざーぶいすりー	MOTHERv3	人名	人名	人名	upstream			
まざー	MOTHERv3	人名	人名	人名	upstream			
ぱんかろぴ	Punkalopi	人名	人名	人名	upstream			
あまつかうと	天使うと	人名	人名	人名	upstream			
うと	天使うと	人名	人名	人名	upstream			
ろみすごみす	Romisgomis	人名	人名	人名	upstream			
あまがいるか	雨海ルカ	人名	人名	人名	upstream			
るか	雨海ルカ	人名	人名	人名	upstream			
ふれでれっと	Frederett	人名	人名	人名	upstream			
ねるめろ	ねるめろ	人名	人名	人名	upstream			
まわん	마왕	人名	人名	人名	upstream			
さいゆう	CyYu	人名	人名	人名	upstream			
ことは	Kotoha	人名	人名	人名	upstream			
がっちまんぶい	ガッチマンV	人名	人名	人名	upstream			
がっちまん	ガッチマンV	人名	人名	人名	upstream			
あまりー	AmaLee	人名	人名	人名	upstream			
ごせぐ	GOSEGU	人名	人名	人名	upstream			
さにーぶりすこー	サニー・ブリスコー	人名	人名	人名	upstream			
さにー	サニー・ブリスコー	人名	人名	人名	upstream			
ぴののゆ	ピノの羽	人名	人名	人名	upstream			
ぴの	ピノの羽	人名	人名	人名	upstream			
れんぞっと	レンゾット	人名	人名	人名	upstream			
れん	レンゾット	人名	人名	人名	upstream			
こっとんているぶいえー	CottontailVA	人名	人名	人名	upstream			
こっとんている	CottontailVA	人名	人名	人名	upstream			
のっき	のっき	人名	人名	人名	upstream			
どぅーびー	dooby	人名	人名	人名	upstream			
みおりせれすた	ミオリ・セレスタ	人名	人名	人名	upstream			
みおり	ミオリ・セレスタ	人名	人名	人名	upstream			
とりっきーうぃ	Trickywi	人名	人名	人名	upstream			
とりっきー	Trickywi	人名	人名	人名	upstream			
すらいす	Xlice	人名	人名	人名	upstream			
えみくきす	Emikukis	人名	人名	人名	upstream			
まりあまりおねっと	マリアマリオネット	人名	人名	人名	upstream			
まりあ	マリアマリオネット	人名	人名	人名	upstream			
くろひこ	Kurohiko	人名	人名	人名	upstream			
ひまなつ	暇72	人名	人名	人名	upstream			
ふぁるがーおーゔぃど	ファルガー・オーヴィド	人名	人名	人名	upstream			
ふぁるがー	ファルガー・オーヴィド	人名	人名	人名	upstream			
ぜんとれや	ゼントレヤ	人名	人名	人名	upstream			
ろーずどぅーどぅる	rosedoodle	人名	人名	人名	upstream			
あましろなつき	甘城なつき	人名	人名	人名	upstream			
なつき	甘城なつき	人名	人名	人名	upstream			
しんげ	しんらしんげ	人名	人名	人名	upstream			
きるしゅとるて	キルシュトルテ	人名	人名	人名	upstream			
りるぱ	릴파	人名	人名	人名	upstream			
ぴっぷきんぴっぱ	ピップキンピッパ	人名	人名	人名	upstream			
ぴっぱ	ピップキンピッパ	人名	人名	人名	upstream			
ねこやませな	NekoyamaSena	人名	人名	人名	upstream			
せな	NekoyamaSena	人名	人名	人名	upstream			
なみりん	*なみりん	人名	人名	人名	upstream			
すまぐあらーま	SmugAlana	人名	人名	人名	upstream			
すまぐ	SmugAlana	人名	人名	人名	upstream			
ぶらくそふぉん	Braxophone	人名	人名	人名	upstream			
じんばーがー	징버거	人名	人名	人名	upstream			
ねこまかりん	猫羽かりん	人名	人名	人名	upstream			
かりん	猫羽かりん	人名	人名	人名	upstream			
じゅるる	주르르	人名	人名	人名	upstream			
ねこもとぱと	猫元パト	人名	人名	人名	upstream			
ぱと	猫元パト	人名	人名	人名	upstream			
かじゆうき	梶裕貴	人名	人名	人名	upstream			
ゆうき	梶裕貴	人名	人名	人名	upstream			
はにーちゅろす	HoneyChurros	人名	人名	人名	upstream			
らいむありしうす	Limealicious	人名	人名	人名	upstream			
らいむ	Limealicious	人名	人名	人名	upstream			
でぃーぷぶりざーど	ディープブリザード	人名	人名	人名	upstream			
みゆき	ディープブリザード	人名	人名	人名	upstream			
るろろ	璐洛洛	人名	人名	人名	upstream			
ほんあみあずさ	本阿弥あずさ	人名	人名	人名	upstream			
あずさ	本阿弥あずさ	人名	人名	人名	upstream			
どるたっと	Drututt	人名	人名	人名	upstream			
しるばーべいる	シルバーベイル	人名	人名	人名	upstream			
あくまにむね	AkumaNihmune	人名	人名	人名	upstream			
にむね	AkumaNihmune	人名	人名	人名	upstream			
かるま	Karma	人名	人名	人名	upstream			
ゆうばりれい	悠針れい	人名	人名	人名	upstream			
れい	悠針れい	人名	人名	人名	upstream			
ほりぜろなな	HØRI07⌜VZ⌟	人名	人名	人名	upstream			
ほり	HØRI07⌜VZ⌟	人名	人名	人名	upstream			
りもーねせんせい	リモーネ先生	人名	人名	人名	upstream			
りもせん	リモーネ先生	人名	人名	人名	upstream			
すかーれよなぐに	スカーレヨナグニ	人名	人名	人名	upstream			
すかーれ	スカーレヨナグニ	人名	人名	人名	upstream			
よみ	ヨミ	人名	人名	人名	upstream			
なぃとめあ	なぃとめあ	人名	人名	人名	upstream			
ないとめあ	なぃとめあ	人名	人名	人名	upstream			
いなっし	Ynasshi	人名	人名	人名	upstream			
いな	Ynasshi	人名	人名	人名	upstream			
ありしあ	Alicia	人名	人名	人名	upstream			
あやつのゆに	아야츠노유니	人名	人名	人名	upstream			
ゆに	아야츠노유니	人名	人名	人名	upstream			
そうまなひろ	蒼真なひろ	人名	人名	人名	upstream			
なひろ	蒼真なひろ	人名	人名	人名	upstream			
ぞんちゅう	ゾンちゅう〜ゾンビJKはゲーム配信中〜	人名	人名	人名	upstream			
らでぃゆ	라디유	人名	人名	人名	upstream			
ゔぃちゃん	비챤	人名	人名	人名	upstream			
はのん	Hanon	人名	人名	人名	upstream			
ごずーく	GOZOUX	人名	人名	人名	upstream			
うぉーほーじん	Woohoojin	人名	人名	人名	upstream			
あぽき	APOKI	人名	人名	人名	upstream			
れゔぃ	Levi	人名	人名	人名	upstream			
かみらいんぷ	camilaImp	人名	人名	人名	upstream			
かみら	camilaImp	人名	人名	人名	upstream			
きるは	キルハ	人名	人名	人名	upstream			
くうそうりょうりてんかに	空想料理店蟹	人名	人名	人名	upstream			
かに	空想料理店蟹	人名	人名	人名	upstream			
あかねりぜ	아카네리제	人名	人名	人名	upstream			
りぜ	아카네리제	人名	人名	人名	upstream			
ぽーせりんめいど	PorcelainMaid	人名	人名	人名	upstream			
ぽーせりん	PorcelainMaid	人名	人名	人名	upstream			
ぱらぷらす	ParraPlus	人名	人名	人名	upstream			
あおいなび	蒼彩なび	人名	人名	人名	upstream			
なび	蒼彩なび	人名	人名	人名	upstream			
でるたや	DELUTAYAΔ	人名	人名	人名	upstream			
そらねこ	そらねこ	人名	人名	人名	upstream			
へにゃざじーにあす	HenyatheGenius	人名	人名	人名	upstream			
へにゃ	HenyatheGenius	人名	人名	人名	upstream			
ますい	麻酔	人名	人名	人名	upstream			
べんたくろうぶりんがー	ベンタクロウブリンガー	人名	人名	人名	upstream			
べんたくろう	ベンタクロウブリンガー	人名	人名	人名	upstream			
あすたーあるかでぃあ	アスターアルカディア	人名	人名	人名	upstream			
あすたー	アスターアルカディア	人名	人名	人名	upstream			
りた	リタ	人名	人名	人名	upstream			
あまつき	天月	人名	人名	人名	upstream			
あいああまれ	アイアアマレ	人名	人名	人名	upstream			
あいあ	アイアアマレ	人名	人名	人名	upstream			
えもき	エモキ	人名	人名	人名	upstream			
へあぴんまみれ	ヘアピンまみれ	人名	人名	人名	upstream			
まみれ	ヘアピンまみれ	人名	人名	人名	upstream			
ちょま	チョま	人名	人名	人名	upstream			
あまねもも	あまねもも	人名	人名	人名	upstream			
もも	あまねもも	人名	人名	人名	upstream			
きょむきょむぷりん	虚無虚無ぷりん	人名	人名	人名	upstream			
ぷりん	虚無虚無ぷりん	人名	人名	人名	upstream			
あおいさくら	碧依さくら	人名	人名	人名	upstream			
さくら	碧依さくら	人名	人名	人名	upstream			
びしょうじょ	VShojo	人名	人名	人名	upstream			
どっぴおどろっぷさいと	ドッピオドロップサイト	人名	人名	人名	upstream			
どっぴお	ドッピオドロップサイト	人名	人名	人名	upstream			
まえみてんま	マエミ天満	人名	人名	人名	upstream			
てんま	マエミ天満	人名	人名	人名	upstream			
はみた	ハミタ	人名	人名	人名	upstream			
ろのみやひなぎく	狼ノ宮ヒナギク	人名	人名	人名	upstream			
ひなぎく	狼ノ宮ヒナギク	人名	人名	人名	upstream			
ゔぇーるゔぁーみりおん	ヴェールヴァーミリオン	人名	人名	人名	upstream			
ゔぇーる	ヴェールヴァーミリオン	人名	人名	人名	upstream			
さくさんかのん	酢酸かのん	人名	人名	人名	upstream			
かのん	酢酸かのん	人名	人名	人名	upstream			
ヴぁるつ	VΔLZ	人名	人名	人名	upstream			
ゆうきゅーうぃるそん	ユウQウィルソン	人名	人名	人名	upstream			
ゆう	ユウQウィルソン	人名	人名	人名	upstream			
じんむ	じんむ	人名	人名	人名	upstream			
ゔぇざりうすばんでーじ	ヴェザリウスバンデージ	人名	人名	人名	upstream			
ゔぇざりうす	ヴェザリウスバンデージ	人名	人名	人名	upstream			
つきまちにゃも	月待にゃも	人名	人名	人名	upstream			
にゃも	月待にゃも	人名	人名	人名	upstream			
がぶりえる	我部りえる	人名	人名	人名	upstream			
りえる	我部りえる	人名	人名	人名	upstream			
いちまつすずか	市松寿ゞ謡	人名	人名	人名	upstream			
すずか	市松寿ゞ謡	人名	人名	人名	upstream			
けいりくすでぼねあ	ケイリクス・デボネア	人名	人名	人名	upstream			
けいりくす	ケイリクス・デボネア	人名	人名	人名	upstream			
あまのがわしいな	天ノ川しいな	人名	人名	人名	upstream			
しいな	天ノ川しいな	人名	人名	人名	upstream			
しふぃ	シフィ	人名	人名	人名	upstream			
えとら	エトラ	人名	人名	人名	upstream			
ヴぁりす	VALIS	人名	人名	人名	upstream			
けんぼー	けんぼー	人名	人名	人名	upstream			
でぃっと	dtto.	人名	人名	人名	upstream			
れすてぃあ	Restia	人名	人名	人名	upstream			
ほんだぽこ	本多ぽこ	人名	人名	人名	upstream			
ぽこ	本多ぽこ	人名	人名	人名	upstream			
りんりんね	りんりんね	人名	人名	人名	upstream			
みかんせんせい	みかん先生	人名	人名	人名	upstream			
みかん	みかん先生	人名	人名	人名	upstream			
まーしーくん	まーしーくん	人名	人名	人名	upstream			
ゆるぱんだ	ゆるパンダ	人名	人名	人名	upstream			
どくがやちなみ	毒ヶ衣ちなみ	人名	人名	人名	upstream			
ちなみ	毒ヶ衣ちなみ	人名	人名	人名	upstream			
ちろる	ちろる	人名	人名	人名	upstream			
さびたはがね	錆多はがね	人名	人名	人名	upstream			
はがね	錆多はがね	人名	人名	人名	upstream			
こんぷさうるす	コンプサウルス	人名	人名	人名	upstream			
くれあせんせい	クレア先生	人名	人名	人名	upstream			
くれあ	クレア先生	人名	人名	人名	upstream			
てんしなの	天使なの	人名	人名	人名	upstream			
なの	天使なの	人名	人名	人名	upstream			
ひめみやりえ	姫宮りえ	人名	人名	人名	upstream			
りえ	姫宮りえ	人名	人名	人名	upstream			
ゆきぶやー	ゆきぶやー	人名	人名	人名	upstream			
まぐにでずもんど	マグ二・デズモンド	人名	人名	人名	upstream			
まぐに	マグ二・デズモンド	人名	人名	人名	upstream			
ふりおどーる	フリオドール	人名	人名	人名	upstream			
あっとおどろく	＠おどろく	人名	人名	人名	upstream			
あかつきばんまい	暁バンマイ	人名	人名	人名	upstream			
ばんまい	暁バンマイ	人名	人名	人名	upstream			
あまきぷるる	天鬼ぷるる	人名	人名	人名	upstream			
ぷるる	天鬼ぷるる	人名	人名	人名	upstream			
ふじくらうるか	藤倉ウルカ	人名	人名	人名	upstream			
うるか	藤倉ウルカ	人名	人名	人名	upstream			
あめみやなずな	飴宮なずな	人名	人名	人名	upstream			
なずな	飴宮なずな	人名	人名	人名	upstream			
じーるぎんじょうか	ジール・ギンジョウカ	人名	人名	人名	upstream			
じーる	ジール・ギンジョウカ	人名	人名	人名	upstream			
はなのいこまる	花乃依こまる	人名	人名	人名	upstream			
こまる	花乃依こまる	人名	人名	人名	upstream			
めあ	MaiR	人名	人名	人名	upstream			
あまそらぺた	甘宙ぺた	人名	人名	人名	upstream			
ぺた	甘宙ぺた	人名	人名	人名	upstream			
ちょうじんじょしせんしがりべんがーぶい	超人女子戦士ガリベンガーV	人名	人名	人名	upstream			
がりべんがー	超人女子戦士ガリベンガーV	人名	人名	人名	upstream			
よるよいち	夜よいち	人名	人名	人名	upstream			
よいち	夜よいち	人名	人名	人名	upstream			
ふたくちまな	二口魔菜	人名	人名	人名	upstream			
まな	二口魔菜	人名	人名	人名	upstream			
かさきさくら	香咲さくら	人名	人名	人名	upstream			
さくら	香咲さくら	人名	人名	人名	upstream			
せいぶる	セイブル	人名	人名	人名	upstream			
ゆぷしろん	ユプシロン	人名	人名	人名	upstream			
みよしのしき	美吉野しき	人名	人名	人名	upstream			
しき	美吉野しき	人名	人名	人名	upstream			
さぷー	サプー	人名	人名	人名	upstream			
みなとん	みなとん。	人名	人名	人名	upstream			
てんろう	天狼	人名	人名	人名	upstream			
くろーどくろーまーく	クロードクローマーク	人名	人名	人名	upstream			
くろーど	クロードクローマーク	人名	人名	人名	upstream			
しばこう	四葉公	人名	人名	人名	upstream			
こう	四葉公	人名	人名	人名	upstream			
いるふろーら	イル=フローラ	人名	人名	人名	upstream			
いる	イル=フローラ	人名	人名	人名	upstream			
ねねまる	寧々丸	人名	人名	人名	upstream			
きぜつちゃん	きぜつちゃん	人名	人名	人名	upstream			
ひざきがんま	緋崎ガンマ	人名	人名	人名	upstream			
がんま	緋崎ガンマ	人名	人名	人名	upstream			
ばいかいじ	白凱吉	人名	人名	人名	upstream			
かのまほろ	鹿乃まほろ	人名	人名	人名	upstream			
まほろ	鹿乃まほろ	人名	人名	人名	upstream			
かの	鹿乃まほろ	人名	人名	人名	upstream			
らてぃおゆぃりす	ラティオ・ユィリス	人名	人名	人名	upstream			
らてぃお	ラティオ・ユィリス	人名	人名	人名	upstream			
じんせいつみこ	人生つみこ	人名	人名	人名	upstream			
つみこ	人生つみこ	人名	人名	人名	upstream			
ぱうら	パウラ	人名	人名	人名	upstream			
まこと	まこと。	人名	人名	人名	upstream			
ししお	志士雄	人名	人名	人名	upstream			
まさ	Masa	人名	人名	人名	upstream			
とおこ	URS-No.1005	人名	人名	人名	upstream			
ふかみつき	月深ツキ	人名	人名	人名	upstream			
つき	月深ツキ	人名	人名	人名	upstream			
りりーりんらん	李李鈴蘭	人名	人名	人名	upstream			
ぼにーばーくすうぇる	BonnieBarkswell	人名	人名	人名	upstream			
ぼにー	BonnieBarkswell	人名	人名	人名	upstream			
よぞらめぐる	夜空めぐる	人名	人名	人名	upstream			
めぐる	夜空めぐる	人名	人名	人名	upstream			
りこたん	Rikotan	人名	人名	人名	upstream			
りず	リズ	人名	人名	人名	upstream			
ゆばい	悠白	人名	人名	人名	upstream			
りんこうあしぇりあ	鈴香アシェリア	人名	人名	人名	upstream			
あしぇりあ	鈴香アシェリア	人名	人名	人名	upstream			
つかもとのべる	塚本のべる	人名	人名	人名	upstream			
のべる	塚本のべる	人名	人名	人名	upstream			
まほうしょうじょあると	魔法少女アルト	人名	人名	人名	upstream			
あると	魔法少女アルト	人名	人名	人名	upstream			
ふじむらねね	藤村ねね	人名	人名	人名	upstream			
ねね	藤村ねね	人名	人名	人名	upstream			
ひびきかさね	響かさね	人名	人名	人名	upstream			
かさね	響かさね	人名	人名	人名	upstream			
はなゆらかのん	花幽カノン	人名	人名	人名	upstream			
かのん	花幽カノン	人名	人名	人名	upstream			
あやみ	あやみ	人名	人名	人名	upstream			
しろはねみら	白羽みら	人名	人名	人名	upstream			
みら	白羽みら	人名	人名	人名	upstream			
かねこるみ	金子瑠美	人名	人名	人名	upstream			
るみ	金子瑠美	人名	人名	人名	upstream			
ひびきゆうか	響ゆうか	人名	人名	人名	upstream			
ゆうか	響ゆうか	人名	人名	人名	upstream			
うさぎひめ	兔姬	人名	人名	人名	upstream			
みこと	みこと	人名	人名	人名	upstream			
ももかわにじます	桃川ニジマス	人名	人名	人名	upstream			
にじます	桃川ニジマス	人名	人名	人名	upstream			
ももかもか	萌々嫁もか	人名	人名	人名	upstream			
もか	萌々嫁もか	人名	人名	人名	upstream			
しょうじょかくめいけいかく	少女革命計画	人名	人名	人名	upstream			
みつるぎりあ	ミツルギリア	人名	人名	人名	upstream			
りあ	ミツルギリア	人名	人名	人名	upstream			
でじもちゃん	デジモちゃん	人名	人名	人名	upstream			
はるか	ハルカ	人名	人名	人名	upstream			
きりしまはる	霧島ハル	人名	人名	人名	upstream			
はる	霧島ハル	人名	人名	人名	upstream			
りんね	輪廻	人名	人名	人名	upstream			
こうにい	こうにい	人名	人名	人名	upstream			
しずまれい	静馬レイ	人名	人名	人名	upstream			
れい	静馬レイ	人名	人名	人名	upstream			
くるみざわりりか	胡桃沢りりか	人名	人名	人名	upstream			
りりか	胡桃沢りりか	人名	人名	人名	upstream			
しばねふるーと	柴音フルート	人名	人名	人名	upstream			
ふるーと	柴音フルート	人名	人名	人名	upstream			
ちきゅうちゃん	地球ちゃん	人名	人名	人名	upstream			
ある	存流	人名	人名	人名	upstream			
みやこみゆり	都みゆり	人名	人名	人名	upstream			
みゆり	都みゆり	人名	人名	人名	upstream			
かぐ	かぐ	人名	人名	人名	upstream			
ひなこ	ひなこ	人名	人名	人名	upstream			
おとは	をとは	人名	人名	人名	upstream			
をとは	をとは	人名	人名	人名	upstream			
かなめ	カナメ	人名	人名	人名	upstream			
すあだ	すあだ	人名	人名	人名	upstream			
まつん	まつん	人名	人名	人名	upstream			
ぎんじょうしまい	吟醸姉妹	人名	人名	人名	upstream			
なつ	ナツ	人名	人名	人名	upstream			
こまちぱんこ	小町ぱんこ	人名	人名	人名	upstream			
ぱんこ	小町ぱんこ	人名	人名	人名	upstream			
きのぴおぷろ	Lein.-キノピオPro	人名	人名	人名	upstream			
きのぷろ	Lein.-キノピオPro	人名	人名	人名	upstream			
れいん	Lein.-キノピオPro	人名	人名	人名	upstream			
えりあすてたりあ	EliaStellaria	人名	人名	人名	upstream			
えりあすてらりあ	EliaStellaria	人名	人名	人名	upstream			
えりあ	EliaStellaria	人名	人名	人名	upstream			
うい	雨衣	人名	人名	人名	upstream			
ゔぃくとりあぶらいとしーるど	ヴィクトリアブライトシールド	人名	人名	人名	upstream			
ゔぃくとりあ	ヴィクトリアブライトシールド	人名	人名	人名	upstream			
くららちゃーむうっど	クララチャームウッド	人名	人名	人名	upstream			
くらら	クララチャームウッド	人名	人名	人名	upstream			
こんたみ	コンタミくコ:彡	人名	人名	人名	upstream			
のったん	のったん	人名	人名	人名	upstream			
いちごおりえな	苺氷えな	人名	人名	人名	upstream			
えな	苺氷えな	人名	人名	人名	upstream			
みゆおったふぃあ	ミユ・オッタフィア	人名	人名	人名	upstream			
みゆ	ミユ・オッタフィア	人名	人名	人名	upstream			
ぬー	ぬー	人名	人名	人名	upstream			
もえなおみ	萌ナオミ	人名	人名	人名	upstream			
なおみ	萌ナオミ	人名	人名	人名	upstream			
ろぜっくぴん	ろぜっくぴん	人名	人名	人名	upstream			
ろぜぴん	ろぜっくぴん	人名	人名	人名	upstream			
あのよ	あのよ	人名	人名	人名	upstream			
べあもりゆるも	べあもりゆるも	人名	人名	人名	upstream			
ゆるも	べあもりゆるも	人名	人名	人名	upstream			
ほしうみじぇりー	星海ジェリー	人名	人名	人名	upstream			
じぇりー	星海ジェリー	人名	人名	人名	upstream			
らんざーざいおん	ランザー罪恩	人名	人名	人名	upstream			
ざいおん	ランザー罪恩	人名	人名	人名	upstream			
うるとらがーる	うる虎がーる	人名	人名	人名	upstream			
りょうごくつかさ	領国つかさ	人名	人名	人名	upstream			
つかさ	領国つかさ	人名	人名	人名	upstream			
てち	てち	人名	人名	人名	upstream			
まんさや	まんさや	人名	人名	人名	upstream			
こがねまあじ	黄金マアジ	人名	人名	人名	upstream			
まあじ	黄金マアジ	人名	人名	人名	upstream			
はつかねる	二十日ネル	人名	人名	人名	upstream			
ねる	二十日ネル	人名	人名	人名	upstream			
らぶちゃん	loveちゃん	人名	人名	人名	upstream			
ゆめ	柚萌	人名	人名	人名	upstream			
うすいくりあ	宇推くりあ	人名	人名	人名	upstream			
くりあ	宇推くりあ	人名	人名	人名	upstream			
まごころさりー	魔心サリー	人名	人名	人名	upstream			
さりー	魔心サリー	人名	人名	人名	upstream			
りゅうがさきのくす	竜ヶ崎ノクス	人名	人名	人名	upstream			
のくす	竜ヶ崎ノクス	人名	人名	人名	upstream			
じぇりー	JELEE	人名	人名	人名	upstream			
ぱふこ	ぱふこ	人名	人名	人名	upstream			
あさひなめいろ	朝日奈めいろ	人名	人名	人名	upstream			
めいろ	朝日奈めいろ	人名	人名	人名	upstream			
みら	ミラ	人名	人名	人名	upstream			
ほたっぺ	ほたっぺ	人名	人名	人名	upstream			
もか	モカ	人名	人名	人名	upstream			
みちかける	未知カケル	人名	人名	人名	upstream			
かける	未知カケル	人名	人名	人名	upstream			
みとぅん	ミトゥン	人名	人名	人名	upstream			
でびっち	でびっち	人名	人名	人名	upstream			
えばましろ	絵葉ましろ	人名	人名	人名	upstream			
ましろ	絵葉ましろ	人名	人名	人名	upstream			
ぽてち	ぽてち	人名	人名	人名	upstream			
はなよのめのら	花代乃メノラ	人名	人名	人名	upstream			
めのら	花代乃メノラ	人名	人名	人名	upstream			
せんやいちや	千夜イチヤ	人名	人名	人名	upstream			
いちや	千夜イチヤ	人名	人名	人名	upstream			
ゆるりめぐ	ゆるりめぐ	人名	人名	人名	upstream			
めぐ	ゆるりめぐ	人名	人名	人名	upstream			
あかてぃん	赤ティン	人名	人名	人名	upstream			
みけのえんた	三ヶ野エンタ	人名	人名	人名	upstream			
えんた	三ヶ野エンタ	人名	人名	人名	upstream			
ほむくま	ほむくま	人名	人名	人名	upstream			
むとうしお	無糖しお	人名	人名	人名	upstream			
しお	無糖しお	人名	人名	人名	upstream			
たくと	タクト	人名	人名	人名	upstream			
はつなぎなの	初凪なの	人名	人名	人名	upstream			
なの	初凪なの	人名	人名	人名	upstream			
さんきゅーむーびー	サンキュームービー	人名	人名	人名	upstream			
おちないいなほ	落乃いなほ	人名	人名	人名	upstream			
いなほ	落乃いなほ	人名	人名	人名	upstream			
ねこぜのしん	猫瀬乃しん	人名	人名	人名	upstream			
しん	猫瀬乃しん	人名	人名	人名	upstream			
かいか	廻花	人名	人名	人名	upstream			
あらかると	新火ると	人名	人名	人名	upstream			
ると	新火ると	人名	人名	人名	upstream			
だゔぃあーとまん	ダヴィ・アートマン	人名	人名	人名	upstream			
だゔぃ	ダヴィ・アートマン	人名	人名	人名	upstream			
みずはら	ミズハラ	人名	人名	人名	upstream			
ふよおーばーふぃーるど	FuyoCloverfield	人名	人名	人名	upstream			
ふよ	FuyoCloverfield	人名	人名	人名	upstream			
くるみ	くるみ	人名	人名	人名	upstream			
くれはまだい	紅波マダイ	人名	人名	人名	upstream			
まだい	紅波マダイ	人名	人名	人名	upstream			
えりなまきな	エリナ・マキナ	人名	人名	人名	upstream			
えりな	エリナ・マキナ	人名	人名	人名	upstream			
りょうまばれんうぉーと	凉舞バレンウォート	人名	人名	人名	upstream			
りょうまばれんをーと	凉舞バレンウォート	人名	人名	人名	upstream			
ばれんうぉーと	凉舞バレンウォート	人名	人名	人名	upstream			
ばれんをーと	凉舞バレンウォート	人名	人名	人名	upstream			
なぽれぼりゅーしょん	ナポ・レボリューション	人名	人名	人名	upstream			
なぽれぼ	ナポ・レボリューション	人名	人名	人名	upstream			
なぽ	ナポ・レボリューション	人名	人名	人名	upstream			
まいたけ	まいたけ	人名	人名	人名	upstream			
めろちん	めろちん	人名	人名	人名	upstream			
こはるなこ	心春なこ	人名	人名	人名	upstream			
なこ	心春なこ	人名	人名	人名	upstream			
なかさとくない	中里苦無	人名	人名	人名	upstream			
くない	中里苦無	人名	人名	人名	upstream			
れみりあねふぃす	レミリア・ネフィス	人名	人名	人名	upstream			
れみりあ	レミリア・ネフィス	人名	人名	人名	upstream			
にしのん	西野ン	人名	人名	人名	upstream			
るりのねも	瑠璃野ねも	人名	人名	人名	upstream			
ねも	瑠璃野ねも	人名	人名	人名	upstream			
てるおさん	てるおさん	人名	人名	人名	upstream			
ころねぽち	ころねぽち	人名	人名	人名	upstream			
ぽち	ころねぽち	人名	人名	人名	upstream			
せあ	セア	人名	人名	人名	upstream			
ひなたまる	日向まる	人名	人名	人名	upstream			
まる	日向まる	人名	人名	人名	upstream			
かみなりくらら	歌美鳴クララ	人名	人名	人名	upstream			
くらら	歌美鳴クララ	人名	人名	人名	upstream			
ななみあくあ	七海アクア	人名	人名	人名	upstream			
あくあ	七海アクア	人名	人名	人名	upstream			
りーえかすみ	リーエ香澄	人名	人名	人名	upstream			
かすみ	リーエ香澄	人名	人名	人名	upstream			
ぴえろう	ピエ郎	人名	人名	人名	upstream			
しあ	シア	人名	人名	人名	upstream			
はこわけあみ	はこわけあみ	人名	人名	人名	upstream			
あみ	はこわけあみ	人名	人名	人名	upstream			
ぎゃらくしー	銀河	人名	人名	人名	upstream			
あまのふすてら	天ノ譜ステラ	人名	人名	人名	upstream			
すてら	天ノ譜ステラ	人名	人名	人名	upstream			
はっかどーる	ハッカドール	人名	人名	人名	upstream			
あいさかしう	藍坂しう	人名	人名	人名	upstream			
しう	藍坂しう	人名	人名	人名	upstream			
しおねべりー	汐音ベリー	人名	人名	人名	upstream			
べりー	汐音ベリー	人名	人名	人名	upstream			
ちさかあいり	千坂アイリ	人名	人名	人名	upstream			
あいり	千坂アイリ	人名	人名	人名	upstream			
たなかりん	たなかりん	人名	人名	人名	upstream			
りん	たなかりん	人名	人名	人名	upstream			
じゃあなるうる	蛇穴るうる	人名	人名	人名	upstream			
るうる	蛇穴るうる	人名	人名	人名	upstream			
うのゆあ	兎乃ゆあ	人名	人名	人名	upstream			
ゆあ	兎乃ゆあ	人名	人名	人名	upstream			
あいしあそりっど	アイシア=ソリッド	人名	人名	人名	upstream			
あいしあ	アイシア=ソリッド	人名	人名	人名	upstream			
ざた	ザタ	人名	人名	人名	upstream			
ねねあのね	ねねあのね	人名	人名	人名	upstream			
あのね	ねねあのね	人名	人名	人名	upstream			
くろいけもみみ	くろいけもみみ	人名	人名	人名	upstream			
もみみ	くろいけもみみ	人名	人名	人名	upstream			
しるふ	しるふ。	人名	人名	人名	upstream			
りゅか	LUCAS	人名	人名	人名	upstream			
いじゅういんぜろ	伊集院ゼロ	人名	人名	人名	upstream			
ぜろ	伊集院ゼロ	人名	人名	人名	upstream			
ぺいりあん	ペイリアン	人名	人名	人名	upstream			
ふくー	フクー	人名	人名	人名	upstream			
きみのりるる	君野りるる	人名	人名	人名	upstream			
りるる	君野りるる	人名	人名	人名	upstream			
めいどのゆき	メイドのユキ	人名	人名	人名	upstream			
ゆき	メイドのユキ	人名	人名	人名	upstream			
まきと	マキト	人名	人名	人名	upstream			
くろとさなや	黒兎さなや	人名	人名	人名	upstream			
さなや	黒兎さなや	人名	人名	人名	upstream			
うじょうかづき	雨情華月	人名	人名	人名	upstream			
かづき	雨情華月	人名	人名	人名	upstream			
ゆめさきときや	夢咲刻夜	人名	人名	人名	upstream			
ときや	夢咲刻夜	人名	人名	人名	upstream			
ななや	ななや	人名	人名	人名	upstream			
てりあ	テリア	人名	人名	人名	upstream			
とくさりくくり	戸鎖くくり	人名	人名	人名	upstream			
くくり	戸鎖くくり	人名	人名	人名	upstream			
えいれーん	エイレーン	人名	人名	人名	upstream			
ちくわ	ちくわ	人名	人名	人名	upstream			
えるせ	エルセ	人名	人名	人名	upstream			
とうわ	東和	人名	人名	人名	upstream			
じぃあおとぅー	嬌兔	人名	人名	人名	upstream			
ひしょうもね	氷晶もね	人名	人名	人名	upstream			
もね	氷晶もね	人名	人名	人名	upstream			
なゆた	凪夢夛	人名	人名	人名	upstream			
はたち	하타치	人名	人名	人名	upstream			
おむらいすしょくどう	おむらいす食堂	人名	人名	人名	upstream			
おむしょく	おむらいす食堂	人名	人名	人名	upstream			
ほしふりいく	星降いく	人名	人名	人名	upstream			
いく	星降いく	人名	人名	人名	upstream			
ゆーり	ゆーり	人名	人名	人名	upstream			
ぜん	禅zen	人名	人名	人名	upstream			
とわふぃおな	兎和フィオナ	人名	人名	人名	upstream			
ふぃおな	兎和フィオナ	人名	人名	人名	upstream			
りくどうゆら	六道ユラ	人名	人名	人名	upstream			
ゆら	六道ユラ	人名	人名	人名	upstream			
るにるーず	ルニ・ルーズ	人名	人名	人名	upstream			
るに	ルニ・ルーズ	人名	人名	人名	upstream			
ぬーる	ヌール	人名	人名	人名	upstream			
あーさー	あーさー	人名	人名	人名	upstream			
とぅいすてぃーあまのざこ	トゥイスティーアマノザコ	人名	人名	人名	upstream			
とぅいすてぃー	トゥイスティーアマノザコ	人名	人名	人名	upstream			
あまのざこ	トゥイスティーアマノザコ	人名	人名	人名	upstream			
ちょい	チョイ	人名	人名	人名	upstream			
まりさくぱんだ	毬朔ぱんだ!	人名	人名	人名	upstream			
さくぱん	毬朔ぱんだ!	人名	人名	人名	upstream			
ぱんだ	毬朔ぱんだ!	人名	人名	人名	upstream			
はくていりいた	白帝りいた	人名	人名	人名	upstream			
りいた	白帝りいた	人名	人名	人名	upstream			
かみしろりた	神代りた	人名	人名	人名	upstream			
りた	神代りた	人名	人名	人名	upstream			
うさみにさみ	宇佐美にさみ	人名	人名	人名	upstream			
にさみ	宇佐美にさみ	人名	人名	人名	upstream			
くるる	くるる	人名	人名	人名	upstream			
いぇりん	夜麗影	人名	人名	人名	upstream			
こゆき	小雪	人名	人名	人名	upstream			
うりゅうみずは	雨竜みずは	人名	人名	人名	upstream			
みずは	雨竜みずは	人名	人名	人名	upstream			
ごもも	ごもも	人名	人名	人名	upstream			
まったりさん	まったりさん	人名	人名	人名	upstream			
ただのれうぃ	ただのれゐ	人名	人名	人名	upstream			
ただのれい	ただのれゐ	人名	人名	人名	upstream			
ただのれゐ	ただのれゐ	人名	人名	人名	upstream			
れうぃ	ただのれゐ	人名	人名	人名	upstream			
れい	ただのれゐ	人名	人名	人名	upstream			
れゐ	ただのれゐ	人名	人名	人名	upstream			
あやせゆう	絢世ユウ	人名	人名	人名	upstream			
ゆう	絢世ユウ	人名	人名	人名	upstream			
たてのいと	館乃いと	人名	人名	人名	upstream			
いと	館乃いと	人名	人名	人名	upstream			
あいけんちゃちゃまる	愛犬茶々丸	人名	人名	人名	upstream			
ちゃちゃまる	愛犬茶々丸	人名	人名	人名	upstream			
ぴーきーはいかーず	ピーキーハイカーズ	人名	人名	人名	upstream			
ぴきはい	ピーキーハイカーズ	人名	人名	人名	upstream			
ねこらぶち	猫らぶち	人名	人名	人名	upstream			
らぶち	猫らぶち	人名	人名	人名	upstream			
きゃしー	キャシー	人名	人名	人名	upstream			
のりまきゆずゆ	のりまきゆずゆ	人名	人名	人名	upstream			
ゆずゆ	のりまきゆずゆ	人名	人名	人名	upstream			
ぐみねこ	ぐみねこ	人名	人名	人名	upstream			
そらねこくるみ	空猫くるみ	人名	人名	人名	upstream			
くるみ	空猫くるみ	人名	人名	人名	upstream			
あかづきせいか	朱月星華	人名	人名	人名	upstream			
せいか	朱月星華	人名	人名	人名	upstream			
かんなぎろき	巫ロキ	人名	人名	人名	upstream			
ろき	巫ロキ	人名	人名	人名	upstream			
ぼうしやえる	帽子屋える	人名	人名	人名	upstream			
える	帽子屋える	人名	人名	人名	upstream			
こぐれぴよこ	コグレピヨコ	人名	人名	人名	upstream			
ぴよこ	コグレピヨコ	人名	人名	人名	upstream			
あーりおおーりおえぺぺろんちーの	アーリオ・オーリオ・エ・ペペロンチーノ	人名	人名	人名	upstream			
ぺぺろんちーの	アーリオ・オーリオ・エ・ペペロンチーノ	人名	人名	人名	upstream			
ぺぺち	アーリオ・オーリオ・エ・ペペロンチーノ	人名	人名	人名	upstream			
あいさいちゃん	あいさいちゃん	人名	人名	人名	upstream			
あかみかるび	赤見かるび	人名	人名	人名	upstream			
かるび	赤見かるび	人名	人名	人名	upstream			
めむめむ	メムメム	人名	人名	人名	upstream			
あさくらぶるー	朝倉ブルー	人名	人名	人名	upstream			
ぶるー	朝倉ブルー	人名	人名	人名	upstream			
あまうしろっぷ	天羽しろっぷ	人名	人名	人名	upstream			
しろっぷ	天羽しろっぷ	人名	人名	人名	upstream			
あまつかしおん	天使しおん	人名	人名	人名	upstream			
しおん	天使しおん	人名	人名	人名	upstream			
いいだぽち	飯田ぽち。	人名	人名	人名	upstream			
ぽち	飯田ぽち。	人名	人名	人名	upstream			
いちのせみか	一ノ瀬みか	人名	人名	人名	upstream			
みか	一ノ瀬みか	人名	人名	人名	upstream			
いぬがみこかげ	隠神こかげ	人名	人名	人名	upstream			
こかげ	隠神こかげ	人名	人名	人名	upstream			
いるはーと	いるはーと	人名	人名	人名	upstream			
うちゅうぶつりたん	宇宙物理たんbot	人名	人名	人名	upstream			
うまみちゃん	うまみちゃん	人名	人名	人名	upstream			
えちごやときな	越後屋ときな	人名	人名	人名	upstream			
ときな	越後屋ときな	人名	人名	人名	upstream			
えぬこめいくろの	N子・メイ・黒野	人名	人名	人名	upstream			
めい	N子・メイ・黒野	人名	人名	人名	upstream			
おぎのみのる	荻野稔	人名	人名	人名	upstream			
みのる	荻野稔	人名	人名	人名	upstream			
がっちまん	ガッチマン	人名	人名	人名	upstream			
かなでみみ	奏みみ	人名	人名	人名	upstream			
みみ	奏みみ	人名	人名	人名	upstream			
ぎうにう	ぎうにう	人名	人名	人名	upstream			
みやはらけんた	ブンヤ新太	人名	人名	人名	upstream			
ぶんやあらた	ブンヤ新太	人名	人名	人名	upstream			
あらや	ブンヤ新太	人名	人名	人名	upstream			
きのこまたんご	奇ノ駒たんご	人名	人名	人名	upstream			
たんご	奇ノ駒たんご	人名	人名	人名	upstream			
くろせこうすけ	黒瀬浩介	人名	人名	人名	upstream			
こうすけ	黒瀬浩介	人名	人名	人名	upstream			
こかんせんしえむずーん	股間戦士エムズーン	人名	人名	人名	upstream			
えむずーん	股間戦士エムズーン	人名	人名	人名	upstream			
こじまふな	孤島フナ	人名	人名	人名	upstream			
ふな	孤島フナ	人名	人名	人名	upstream			
ごとうまき	後藤真希	人名	人名	人名	upstream			
まき	後藤真希	人名	人名	人名	upstream			
こよーて	コヨーテ	人名	人名	人名	upstream			
さいとうごう	齋藤豪	人名	人名	人名	upstream			
ごう	齋藤豪	人名	人名	人名	upstream			
さきのもこ	咲乃もこ	人名	人名	人名	upstream			
もこ	咲乃もこ	人名	人名	人名	upstream			
さとうましろ	紗藤ましろ	人名	人名	人名	upstream			
ましろ	紗藤ましろ	人名	人名	人名	upstream			
しきしまてとら	敷嶋てとら	人名	人名	人名	upstream			
てとら	敷嶋てとら	人名	人名	人名	upstream			
しゃいりりー	シャイリリー	人名	人名	人名	upstream			
りりー	シャイリリー	人名	人名	人名	upstream			
しんしゅうなかの	信州なかの	人名	人名	人名	upstream			
なかの	信州なかの	人名	人名	人名	upstream			
なるり	なるり	人名	人名	人名	upstream			
ぞんびせんせい	ゾンビ先生	人名	人名	人名	upstream			
だいあうるふ	ダイアウルフ	人名	人名	人名	upstream			
だてあやの	伊達あやの	人名	人名	人名	upstream			
あやの	伊達あやの	人名	人名	人名	upstream			
たみー	たみー	人名	人名	人名	upstream			
たるえとつげき	樽江突撃	人名	人名	人名	upstream			
とつげき	樽江突撃	人名	人名	人名	upstream			
つきしろせしる	月城セシル	人名	人名	人名	upstream			
せしる	月城セシル	人名	人名	人名	upstream			
つきのえりん	月乃絵鈴	人名	人名	人名	upstream			
えりん	月乃絵鈴	人名	人名	人名	upstream			
でんのうじれと	電脳寺レト	人名	人名	人名	upstream			
れと	電脳寺レト	人名	人名	人名	upstream			
とくいそら	徳井青空	人名	人名	人名	upstream			
そら	徳井青空	人名	人名	人名	upstream			
ないせん	ナイセン	人名	人名	人名	upstream			
なかいみのる	中井みのる	人名	人名	人名	upstream			
みのる	中井みのる	人名	人名	人名	upstream			
なぎしろみと	凪白みと	人名	人名	人名	upstream			
みと	凪白みと	人名	人名	人名	upstream			
なび	なび	人名	人名	人名	upstream			
なるせみあ	成瀬未亜	人名	人名	人名	upstream			
みあ	成瀬未亜	人名	人名	人名	upstream			
にゃるら	にゃるら	人名	人名	人名	upstream			
ねこのめしゃちょう	猫之目社長	人名	人名	人名	upstream			
ねこのめ	猫之目社長	人名	人名	人名	upstream			
ねもとなぎ	根本凪	人名	人名	人名	upstream			
なぎ	根本凪	人名	人名	人名	upstream			
はっか	はっか	人名	人名	人名	upstream			
はなみやみぃ	花宮みぃ	人名	人名	人名	upstream			
みぃ	花宮みぃ	人名	人名	人名	upstream			
ばふこ	バフコ	人名	人名	人名	upstream			
ひさきけんと	氷崎健人	人名	人名	人名	upstream			
けんと	氷崎健人	人名	人名	人名	upstream			
ひぽー	ひぽー	人名	人名	人名	upstream			
ひら	ヒラ	人名	人名	人名	upstream			
ほし	ほし	人名	人名	人名	upstream			
ほしのうみるり	星ノ海琉璃	人名	人名	人名	upstream			
るり	星ノ海琉璃	人名	人名	人名	upstream			
ぽちまる	ぽちまる	人名	人名	人名	upstream			
ぽぽな	ポポナ	人名	人名	人名	upstream			
まーもっとさん	マーモットさん	人名	人名	人名	upstream			
まじまんじ	馬路まんじ	人名	人名	人名	upstream			
まんじ	馬路まんじ	人名	人名	人名	upstream			
みかげ	深影	人名	人名	人名	upstream			
みかみこん	巫神こん	人名	人名	人名	upstream			
こん	巫神こん	人名	人名	人名	upstream			
みずりゅうけい	水龍敬	人名	人名	人名	upstream			
けい	水龍敬	人名	人名	人名	upstream			
るしうすめりーうぇざー	ルシウス・メリーウェザー	人名	人名	人名	upstream			
めりーうぇざー	ルシウス・メリーウェザー	人名	人名	人名	upstream			
はなみやりか	花宮莉歌	人名	人名	人名	upstream			
りか	花宮莉歌	人名	人名	人名	upstream			
ののののの	音ノ乃のの	人名	人名	人名	upstream			
のの	音ノ乃のの	人名	人名	人名	upstream			
はるか	はるか	人名	人名	人名	upstream			
ありああでりあ	AliaAdelia	人名	人名	人名	upstream			
ありあ	AliaAdelia	人名	人名	人名	upstream			
らめりぃ	ラメリィ	人名	人名	人名	upstream			
にき	ニキ	人名	人名	人名	upstream			
こすもあっとぼうそうぴー	cosMo@暴走P	人名	人名	人名	upstream			
ぼうそうぴー	cosMo@暴走P	人名	人名	人名	upstream			
こすも	cosMo@暴走P	人名	人名	人名	upstream			
ぐさお	ぐさお	人名	人名	人名	upstream			
かみと	かみと	人名	人名	人名	upstream			
さんど	さんど	人名	人名	人名	upstream			
あくびでもんすぺーど	あくび・でもんすぺーど	人名	人名	人名	upstream			
あくび	あくび・でもんすぺーど	人名	人名	人名	upstream			
のーわん	のーわん	人名	人名	人名	upstream			
みんとふぁんとーむ	ミント・ファントーム	人名	人名	人名	upstream			
みんと	ミント・ファントーム	人名	人名	人名	upstream			
ねこむぎとろろ	猫麦とろろ	人名	人名	人名	upstream			
とろろ	猫麦とろろ	人名	人名	人名	upstream			
さたなきあ	沙汰ナキア	人名	人名	人名	upstream			
なきあ	沙汰ナキア	人名	人名	人名	upstream			
きついあきら	狐井アキラ	人名	人名	人名	upstream			
あきら	狐井アキラ	人名	人名	人名	upstream			
おとのせらこ	音ノ瀬らこ	人名	人名	人名	upstream			
らこ	音ノ瀬らこ	人名	人名	人名	upstream			
きつねさん	きつねさん	人名	人名	人名	upstream			
にじぷかぬふ	虹深°ぬふ	人名	人名	人名	upstream			
ぬふ	虹深°ぬふ	人名	人名	人名	upstream			
まりか	真理果	人名	人名	人名	upstream			
くらげろあ	海月雲ろあ	人名	人名	人名	upstream			
ろあ	海月雲ろあ	人名	人名	人名	upstream			
こまわりこま	小廻こま	人名	人名	人名	upstream			
こま	小廻こま	人名	人名	人名	upstream			
たまのいなな	珠乃井ナナ	人名	人名	人名	upstream			
なな	珠乃井ナナ	人名	人名	人名	upstream			
さささききき	佐佐咲キキ	人名	人名	人名	upstream			
きき	佐佐咲キキ	人名	人名	人名	upstream			
かんざきあかね	神崎茜	人名	人名	人名	upstream			
あかね	神崎茜	人名	人名	人名	upstream			
りずな	りずな	人名	人名	人名	upstream			
あもんゆうく	鴉紋ゆうく	人名	人名	人名	upstream			
ゆうく	鴉紋ゆうく	人名	人名	人名	upstream			
いいだぽち	飯田ぽち	人名	人名	人名	upstream			
ぽち	飯田ぽち	人名	人名	人名	upstream			
にあれだりおん	NiaRedalion	人名	人名	人名	upstream			
にあ	NiaRedalion	人名	人名	人名	upstream			
ながれ	ナガレ	人名	人名	人名	upstream			
うさばらえな	兎晴エナ	人名	人名	人名	upstream			
えな	兎晴エナ	人名	人名	人名	upstream			
ななひら	ななひら	人名	人名	人名	upstream			
るるどらいおん	るるどらいおん	人名	人名	人名	upstream			
るるど	るるどらいおん	人名	人名	人名	upstream			
はおうべっきじゅり	覇王別姫樹里	人名	人名	人名	upstream			
じゅり	覇王別姫樹里	人名	人名	人名	upstream			
ひなたゅか	陽向葵ゅか	人名	人名	人名	upstream			
ひなたゆか	陽向葵ゅか	人名	人名	人名	upstream			
ゅか	陽向葵ゅか	人名	人名	人名	upstream			
ゆか	陽向葵ゅか	人名	人名	人名	upstream			
かへる	カヘル	人名	人名	人名	upstream			
きゅうけつきりりあな	吸血鬼リリアナ	人名	人名	人名	upstream			
りりあな	吸血鬼リリアナ	人名	人名	人名	upstream			
ゆうなぎこなた	幽凪こなた	人名	人名	人名	upstream			
こなた	幽凪こなた	人名	人名	人名	upstream			
みやまめさの	宮間めさの	人名	人名	人名	upstream			
めさの	宮間めさの	人名	人名	人名	upstream			
しゃっぽ	シャッポ	人名	人名	人名	upstream			
ろんろんすー	茸茸鼠	人名	人名	人名	upstream			
もちこまめ	茸茸鼠	人名	人名	人名	upstream			
こまめ	茸茸鼠	人名	人名	人名	upstream			
ゆらぎゆら	ゆらぎゆら	人名	人名	人名	upstream			
ゆら	ゆらぎゆら	人名	人名	人名	upstream			
あっぱれひなた	天晴ひなた	人名	人名	人名	upstream			
ひなた	天晴ひなた	人名	人名	人名	upstream			
ひの	ヒノ	人名	人名	人名	upstream			
ねむくもつくり	眠雲ツクリ	人名	人名	人名	upstream			
つくり	眠雲ツクリ	人名	人名	人名	upstream			
すもも	すもも	人名	人名	人名	upstream			
いぬずかいちご	犬塚いちご	人名	人名	人名	upstream			
いちご	犬塚いちご	人名	人名	人名	upstream			
よめぐりはな	夜巡ハナ	人名	人名	人名	upstream			
はな	夜巡ハナ	人名	人名	人名	upstream			
いぬかい	犬養	人名	人名	人名	upstream			
ぷわぷわぽぷら	ぷわぷわぽぷら	人名	人名	人名	upstream			
ぽぷら	ぷわぷわぽぷら	人名	人名	人名	upstream			
りりぃりんらん	森森鈴蘭	人名	人名	人名	upstream			
りんらん	森森鈴蘭	人名	人名	人名	upstream			
はすきるい	蓮希るい	人名	人名	人名	upstream			
るい	蓮希るい	人名	人名	人名	upstream			
よるのすやり	夜ノすやり	人名	人名	人名	upstream			
すやり	夜ノすやり	人名	人名	人名	upstream			
ひなみそら	ヒナミソラ	人名	人名	人名	upstream			
みそら	ヒナミソラ	人名	人名	人名	upstream			
けふぃりあにーる	ケフィリア・ニール	人名	人名	人名	upstream			
けふぃりあ	ケフィリア・ニール	人名	人名	人名	upstream			
たばすこ	塔芭絲可	人名	人名	人名	upstream			
えあれんでる	厄倫蒂兒	人名	人名	人名	upstream			
そらかないと	空奏イト	人名	人名	人名	upstream			
いと	空奏イト	人名	人名	人名	upstream			
ななほしなな	七星ナナ	人名	人名	人名	upstream			
なな	七星ナナ	人名	人名	人名	upstream			
しどうなな	紫藤ナナ	人名	人名	人名	upstream			
なな	紫藤ナナ	人名	人名	人名	upstream			
ゆきのこりす	ゆきのこりす	人名	人名	人名	upstream			
こりす	ゆきのこりす	人名	人名	人名	upstream			
したがいのら	従井ノラ	人名	人名	人名	upstream			
のら	従井ノラ	人名	人名	人名	upstream			
くるねこくり	来音こくり	人名	人名	人名	upstream			
こくり	来音こくり	人名	人名	人名	upstream			
ほしのにあ	星野ニア	人名	人名	人名	upstream			
にあ	星野ニア	人名	人名	人名	upstream			
えもこ	えもこ	人名	人名	人名	upstream			
せらふぃーな	セラフィーナ	人名	人名	人名	upstream			
ももぞのりえる	桃園りえる	人名	人名	人名	upstream			
りえる	桃園りえる	人名	人名	人名	upstream			
せら	セラ	人名	人名	人名	upstream			
まぐろねこ	真黒猫	人名	人名	人名	upstream			
おきゅたん	QueueTan	人名	人名	人名	upstream			
きゅーたん	QueueTan	人名	人名	人名	upstream			
めいめいひまり	冥鳴ひまり	人名	人名	人名	upstream			
ひまり	冥鳴ひまり	人名	人名	人名	upstream			
あしだいりあ	芦田イリア	人名	人名	人名	upstream			
いりあ	芦田イリア	人名	人名	人名	upstream			
ひめなのーむ	姫生のーむ	人名	人名	人名	upstream			
のーむ	姫生のーむ	人名	人名	人名	upstream			
おなつのにびたし	おなつのにびたし	人名	人名	人名	upstream			
おなつ	おなつのにびたし	人名	人名	人名	upstream			
ねこなめつな	猫舐つな	人名	人名	人名	upstream			
つな	猫舐つな	人名	人名	人名	upstream			
あめのこさめ	雨乃こさめ	人名	人名	人名	upstream			
こさめ	雨乃こさめ	人名	人名	人名	upstream			
あまよりず	雨夜リズ	人名	人名	人名	upstream			
りず	雨夜リズ	人名	人名	人名	upstream			
おおちごくお	大地獄悪	人名	人名	人名	upstream			
こはくねね	琥珀ねね	人名	人名	人名	upstream			
ねね	琥珀ねね	人名	人名	人名	upstream			
ぱかえる	パカエル	人名	人名	人名	upstream			
こはる	小春	人名	人名	人名	upstream			
いちょうしい	銀杏しい	人名	人名	人名	upstream			
しい	銀杏しい	人名	人名	人名	upstream			
みれあしぇるつ	ミレア・シェルツ	人名	人名	人名	upstream			
みれあ	ミレア・シェルツ	人名	人名	人名	upstream			
かなせいと	奏星イト	人名	人名	人名	upstream			
いと	奏星イト	人名	人名	人名	upstream			
かきょういん	佳鏡院	人名	人名	人名	upstream			
ねめしす	涅默	人名	人名	人名	upstream			
あるか	あるか	人名	人名	人名	upstream			
おうがるき	凰牙るき	人名	人名	人名	upstream			
るき	凰牙るき	人名	人名	人名	upstream			
ほむら	ほむら	人名	人名	人名	upstream			
ゆきのしたぴお	雪乃下ぴお	人名	人名	人名	upstream			
ぴお	雪乃下ぴお	人名	人名	人名	upstream			
とおのおと	透乃おと	人名	人名	人名	upstream			
おと	透乃おと	人名	人名	人名	upstream			
しちてんばっとういんあえぎす	七天八十院アエギス	人名	人名	人名	upstream			
あえぎす	七天八十院アエギス	人名	人名	人名	upstream			
まいさきべりぃ	苺咲べりぃ	人名	人名	人名	upstream			
まいさきべりい	苺咲べりぃ	人名	人名	人名	upstream			
べりぃ	苺咲べりぃ	人名	人名	人名	upstream			
べりい	苺咲べりぃ	人名	人名	人名	upstream			
ねこよくろえ	猫小夜くろえ	人名	人名	人名	upstream			
くろえ	猫小夜くろえ	人名	人名	人名	upstream			
おちてみろ	堕天みろ	人名	人名	人名	upstream			
みろ	堕天みろ	人名	人名	人名	upstream			
かみずるこすも	上水流宇宙	人名	人名	人名	upstream			
こすも	上水流宇宙	人名	人名	人名	upstream			
なぎさわしち	渚沢シチ	人名	人名	人名	upstream			
しち	渚沢シチ	人名	人名	人名	upstream			
なつめいつき	棗いつき	人名	人名	人名	upstream			
いつき	棗いつき	人名	人名	人名	upstream			
きみつてんか	木蜜甜花	人名	人名	人名	upstream			
てんか	木蜜甜花	人名	人名	人名	upstream			
こまえなでしこ	狛江撫子	人名	人名	人名	upstream			
なでしこ	狛江撫子	人名	人名	人名	upstream			
かんなぎてんり	巫てんり	人名	人名	人名	upstream			
てんり	巫てんり	人名	人名	人名	upstream			
おりひめ	御莉姫	人名	人名	人名	upstream			
とうるすいやゆ	透睡やゆ	人名	人名	人名	upstream			
やゆ	透睡やゆ	人名	人名	人名	upstream			
まむまむ	真夢マム	人名	人名	人名	upstream			
まむ	真夢マム	人名	人名	人名	upstream			
せれなーでおっくすぶらっど	セレナーデ・オックスブラッド	人名	人名	人名	upstream			
せれなーで	セレナーデ・オックスブラッド	人名	人名	人名	upstream			
あかいろみあ	赤彩みあ	人名	人名	人名	upstream			
みあ	赤彩みあ	人名	人名	人名	upstream			
じゃおばな	蕉バナ	人名	人名	人名	upstream			
ばな	蕉バナ	人名	人名	人名	upstream			
ねこだぺぺろ	猫田ぺぺろ	人名	人名	人名	upstream			
ぺぺろ	猫田ぺぺろ	人名	人名	人名	upstream			
はつせがわみさき	初瀬川岬	人名	人名	人名	upstream			
みさき	初瀬川岬	人名	人名	人名	upstream			
いくし	いくし	人名	人名	人名	upstream			
ゆきしろきゃる	雪白キャル	人名	人名	人名	upstream			
きゃる	雪白キャル	人名	人名	人名	upstream			
さぁーもん	さぁーもん	人名	人名	人名	upstream			
ゆうなぎ	夕凪機	人名	人名	人名	upstream			
みこと	美古途	人名	人名	人名	upstream			
ねこやしきみく	猫屋敷美紅	人名	人名	人名	upstream			
みく	猫屋敷美紅	人名	人名	人名	upstream			
しろせいすみ	城瀬いすみ	人名	人名	人名	upstream			
いすみ	城瀬いすみ	人名	人名	人名	upstream			
なるみみゃお	成海ミャオ	人名	人名	人名	upstream			
みゃお	成海ミャオ	人名	人名	人名	upstream			
みなもまどか	水面まどか	人名	人名	人名	upstream			
まどか	水面まどか	人名	人名	人名	upstream			
ゆうきそら	結城ソラ	人名	人名	人名	upstream			
そら	結城ソラ	人名	人名	人名	upstream			
のゔぁあおかみ	NovaAokami	人名	人名	人名	upstream			
のゔぁ	NovaAokami	人名	人名	人名	upstream			
ひずきるるふ	陽月るるふ	人名	人名	人名	upstream			
るるふ	陽月るるふ	人名	人名	人名	upstream			
しらさあやね	白砂あやね	人名	人名	人名	upstream			
あやね	白砂あやね	人名	人名	人名	upstream			
つきゆきいぶき	月赴ゐぶき	人名	人名	人名	upstream			
つきゆきゐぶき	月赴ゐぶき	人名	人名	人名	upstream			
いぶき	月赴ゐぶき	人名	人名	人名	upstream			
ゐぶき	月赴ゐぶき	人名	人名	人名	upstream			
まがみはてぃ	真神ハティ	人名	人名	人名	upstream			
はてぃ	真神ハティ	人名	人名	人名	upstream			
うかいさき	鵜飼沙樹	人名	人名	人名	upstream			
さき	鵜飼沙樹	人名	人名	人名	upstream			
すめらぎれお	皇れお	人名	人名	人名	upstream			
れお	皇れお	人名	人名	人名	upstream			
わたみやあひる	綿宮あひる	人名	人名	人名	upstream			
あひる	綿宮あひる	人名	人名	人名	upstream			
ぎんとげぐみ	銀棘ぐみ	人名	人名	人名	upstream			
ぐみ	銀棘ぐみ	人名	人名	人名	upstream			
かがちいおらー	篝蛇いおラー	人名	人名	人名	upstream			
いおらー	篝蛇いおラー	人名	人名	人名	upstream			
あめもちにぃな	飴望にぃな	人名	人名	人名	upstream			
あめもちにいな	飴望にぃな	人名	人名	人名	upstream			
にぃな	飴望にぃな	人名	人名	人名	upstream			
にいな	飴望にぃな	人名	人名	人名	upstream			
とらこ	虎子	人名	人名	人名	upstream			
しゃらくせつな	斜落せつな	人名	人名	人名	upstream			
せつな	斜落せつな	人名	人名	人名	upstream			
なかのはむ	中野公	人名	人名	人名	upstream			
はむ	中野公	人名	人名	人名	upstream			
るとらるとら	露恰露恰	人名	人名	人名	upstream			
ひなげし	氷夏至	人名	人名	人名	upstream			
しのらいら	シノライラ	人名	人名	人名	upstream			
らいら	シノライラ	人名	人名	人名	upstream			
るりねるな	ルリネルナ	人名	人名	人名	upstream			
るな	ルリネルナ	人名	人名	人名	upstream			
とくじゃぽ	とくじゃぽ	人名	人名	人名	upstream			
いじゅいん	イ・ジュイン	人名	人名	人名	upstream			
りりしゃ	凛々咲	人名	人名	人名	upstream			
ももかわうさぴ	桃川うさぴ	人名	人名	人名	upstream			
うさぴ	桃川うさぴ	人名	人名	人名	upstream			
まゆずみはるの	繭泉ハルノ	人名	人名	人名	upstream			
はるの	繭泉ハルノ	人名	人名	人名	upstream			
しらぬいつむぎ	不知火つむぎ	人名	人名	人名	upstream			
つむぎ	不知火つむぎ	人名	人名	人名	upstream			
かどうみかる	蝸堂みかる	人名	人名	人名	upstream			
みかる	蝸堂みかる	人名	人名	人名	upstream			
ばぶちやむ	羽渕やむ	人名	人名	人名	upstream			
やむ	羽渕やむ	人名	人名	人名	upstream			
あれったすかい	AlettaSky	人名	人名	人名	upstream			
あれった	AlettaSky	人名	人名	人名	upstream			
いしぐろちひろ	石黒千尋	人名	人名	人名	upstream			
ちひろ	石黒千尋	人名	人名	人名	upstream			
あまかるか	天架るか	人名	人名	人名	upstream			
るか	天架るか	人名	人名	人名	upstream			
あまかもあ	天架もあ	人名	人名	人名	upstream			
もあ	天架もあ	人名	人名	人名	upstream			
きらり	煌	人名	人名	人名	upstream			
はなやま	はなやま	人名	人名	人名	upstream			
あまぶきさん	天吹サン	人名	人名	人名	upstream			
さん	天吹サン	人名	人名	人名	upstream			
はなかごつばさ	花籠つばさ	人名	人名	人名	upstream			
つばさ	花籠つばさ	人名	人名	人名	upstream			
あまおうばなな	甘王ばなな	人名	人名	人名	upstream			
ばなな	甘王ばなな	人名	人名	人名	upstream			
おえかきめいどきりさきちゃん	お絵かきメイド霧崎ちゃん	人名	人名	人名	upstream			
がらくがら	我楽ガラ	人名	人名	人名	upstream			
がら	我楽ガラ	人名	人名	人名	upstream			
みお	澪	人名	人名	人名	upstream			
ういちまほ	羽壱まほ	人名	人名	人名	upstream			
まほ	羽壱まほ	人名	人名	人名	upstream			
ねこみやちる	猫宮ちる	人名	人名	人名	upstream			
ちるまる	猫宮ちる	人名	人名	人名	upstream			
ちるま	猫宮ちる	人名	人名	人名	upstream			
ちる	猫宮ちる	人名	人名	人名	upstream			
まほうるりす	魔宝ルリス	人名	人名	人名	upstream			
るりす	魔宝ルリス	人名	人名	人名	upstream			
ねこざさっぴねす	猫TheSappiness	人名	人名	人名	upstream			
つむぎむるく	紡生ムルク	人名	人名	人名	upstream			
むるく	紡生ムルク	人名	人名	人名	upstream			
とがわののは	十河ののは	人名	人名	人名	upstream			
ののは	十河ののは	人名	人名	人名	upstream			
せいりゅうあおい	青龍アオイ	人名	人名	人名	upstream			
あおい	青龍アオイ	人名	人名	人名	upstream			
まんじちゃん	まんじちゃん	人名	人名	人名	upstream			
すみ	澄	人名	人名	人名	upstream			
いっせいかい	一生カイ	人名	人名	人名	upstream			
かい	一生カイ	人名	人名	人名	upstream			
しのみやゆの	篠宮ゆの	人名	人名	人名	upstream			
ゆの	篠宮ゆの	人名	人名	人名	upstream			
あすかるあ	飛鳥瑠藍	人名	人名	人名	upstream			
るあ	飛鳥瑠藍	人名	人名	人名	upstream			
はくありら	白亜リラ	人名	人名	人名	upstream			
りら	白亜リラ	人名	人名	人名	upstream			
さくやあき	咲耶有紀	人名	人名	人名	upstream			
あき	咲耶有紀	人名	人名	人名	upstream			
かぎやあおば	香祇夜碧葉	人名	人名	人名	upstream			
あおば	香祇夜碧葉	人名	人名	人名	upstream			
ことみやいおり	琴宮いおり	人名	人名	人名	upstream			
いおり	琴宮いおり	人名	人名	人名	upstream			
にと	弐十	人名	人名	人名	upstream			
のんちぃ	のんちぃ	人名	人名	人名	upstream			
つきの	月乃	人名	人名	人名	upstream			
はーねるぐうてん	ハーネル・グウテン	人名	人名	人名	upstream			
はーねるぐーてん	ハーネル・グウテン	人名	人名	人名	upstream			
はーねる	ハーネル・グウテン	人名	人名	人名	upstream			
もちづきほぐの	望月ほぐの	人名	人名	人名	upstream			
ほぐの	望月ほぐの	人名	人名	人名	upstream			
ももねちのい	桃寝ちのい	人名	人名	人名	upstream			
ちのい	桃寝ちのい	人名	人名	人名	upstream			
るしだ	露熙妲	人名	人名	人名	upstream			
いばらむあん	茨むあん	人名	人名	人名	upstream			
むあん	茨むあん	人名	人名	人名	upstream			
みかづきちゆる	三日月ちゆる	人名	人名	人名	upstream			
ちゆる	三日月ちゆる	人名	人名	人名	upstream			
はてな	はてな	人名	人名	人名	upstream			
はなあられ	はなあられ	人名	人名	人名	upstream			
ほしのりむ	星乃りむ	人名	人名	人名	upstream			
りむ	星乃りむ	人名	人名	人名	upstream			
こうまりや	コウマリヤ	人名	人名	人名	upstream			
こう	コウマリヤ	人名	人名	人名	upstream			
くりおあいて	クリオ・アイテ	人名	人名	人名	upstream			
あいて	クリオ・アイテ	人名	人名	人名	upstream			
こうしのれい	子牛のれい	人名	人名	人名	upstream			
れい	子牛のれい	人名	人名	人名	upstream			
しらぬいなら	不知火ナラ	人名	人名	人名	upstream			
なら	不知火ナラ	人名	人名	人名	upstream			
あまこもりのん	天籠りのん	人名	人名	人名	upstream			
りのん	天籠りのん	人名	人名	人名	upstream			
さくやとばり	朔夜トバリ	人名	人名	人名	upstream			
とばり	朔夜トバリ	人名	人名	人名	upstream			
さくらばまあや	桜葉まあや	人名	人名	人名	upstream			
まあや	桜葉まあや	人名	人名	人名	upstream			
べるもっとべるーな	ベルモット・ベルーナ	人名	人名	人名	upstream			
べるもっと	ベルモット・ベルーナ	人名	人名	人名	upstream			
こまいうめ	狛犬うめ	人名	人名	人名	upstream			
うめ	狛犬うめ	人名	人名	人名	upstream			
とももみみこ	兎桃みみこ	人名	人名	人名	upstream			
みみこ	兎桃みみこ	人名	人名	人名	upstream			
こすずりあん	小鈴りあん	人名	人名	人名	upstream			
りあん	小鈴りあん	人名	人名	人名	upstream			
なつめえり	なつめえり	人名	人名	人名	upstream			
いしかわりえ	石川利恵	人名	人名	人名	upstream			
みそしる	石川利恵	人名	人名	人名	upstream			
りえ	石川利恵	人名	人名	人名	upstream			
ゔぁにらにょろ	香草奈若	人名	人名	人名	upstream			
にょろ	香草奈若	人名	人名	人名	upstream			
かすみみたま	かすみみたま	人名	人名	人名	upstream			
みたま	かすみみたま	人名	人名	人名	upstream			
ななほしなな	ナナホシナナ	人名	人名	人名	upstream			
なな	ナナホシナナ	人名	人名	人名	upstream			
ほしのすぴか	星乃すぴか	人名	人名	人名	upstream			
すぴか	星乃すぴか	人名	人名	人名	upstream			
あべれーじ	アベレージ	人名	人名	人名	upstream			
みこがみことね	御子神琴音	人名	人名	人名	upstream			
ことね	御子神琴音	人名	人名	人名	upstream			
かくしゃくりん	赫灼燐	人名	人名	人名	upstream			
りん	赫灼燐	人名	人名	人名	upstream			
うみつきしぇる	海月シェル	人名	人名	人名	upstream			
しぇる	海月シェル	人名	人名	人名	upstream			
しちふくあかね	七福あかね	人名	人名	人名	upstream			
あかね	七福あかね	人名	人名	人名	upstream			
じゅうごごう	十五號	人名	人名	人名	upstream			
れよん	レヨン	人名	人名	人名	upstream			
えんかふわふわ	烟花ふわふわ	人名	人名	人名	upstream			
ふわふわ	烟花ふわふわ	人名	人名	人名	upstream			
あさくらましろ	麻倉ましろ	人名	人名	人名	upstream			
ましろ	麻倉ましろ	人名	人名	人名	upstream			
とおぼえきゃん	遠吠きゃん	人名	人名	人名	upstream			
きゃん	遠吠きゃん	人名	人名	人名	upstream			
つかはらだいち	塚原大地	人名	人名	人名	upstream			
だいち	塚原大地	人名	人名	人名	upstream			
あまうたさう	天唄サウ	人名	人名	人名	upstream			
さう	天唄サウ	人名	人名	人名	upstream			
わたぬきねぐせ	綿貫ねぐせ	人名	人名	人名	upstream			
ねぐせ	綿貫ねぐせ	人名	人名	人名	upstream			
あんしんいんみさ	安心院みさ	人名	人名	人名	upstream			
みさ	安心院みさ	人名	人名	人名	upstream			
ゆっちょ	ゆっちょ	人名	人名	人名	upstream			
みかぐらすずめ	御神楽すずめ	人名	人名	人名	upstream			
すずめ	御神楽すずめ	人名	人名	人名	upstream			
やぎゅうしの	夜牛詩乃	人名	人名	人名	upstream			
しの	夜牛詩乃	人名	人名	人名	upstream			
にこらくらえす	ニコラ・クラエス	人名	人名	人名	upstream			
にこら	ニコラ・クラエス	人名	人名	人名	upstream			
ねこなでこぜに	猫撫こぜに	人名	人名	人名	upstream			
こぜに	猫撫こぜに	人名	人名	人名	upstream			
おんぷういろは	音風いろは	人名	人名	人名	upstream			
いろは	音風いろは	人名	人名	人名	upstream			
ななみゆき	七海ゆき	人名	人名	人名	upstream			
ゆき	七海ゆき	人名	人名	人名	upstream			
さきゅばのえ	さきゅばのえ	人名	人名	人名	upstream			
のえ	さきゅばのえ	人名	人名	人名	upstream			
せんりあゆむ	千凛あゆむ	人名	人名	人名	upstream			
あゆむ	千凛あゆむ	人名	人名	人名	upstream			
ちかくのいずみ	近野いずみ	人名	人名	人名	upstream			
いずみ	近野いずみ	人名	人名	人名	upstream			
じょうまうぇるる	錠魔ゑるる	人名	人名	人名	upstream			
じょうまえるる	錠魔ゑるる	人名	人名	人名	upstream			
じょうまゑるる	錠魔ゑるる	人名	人名	人名	upstream			
うぇるる	錠魔ゑるる	人名	人名	人名	upstream			
えるる	錠魔ゑるる	人名	人名	人名	upstream			
ゑるる	錠魔ゑるる	人名	人名	人名	upstream			
すずつきすい	涼月すい	人名	人名	人名	upstream			
すい	涼月すい	人名	人名	人名	upstream			
しでんらいむ	紫電ライム	人名	人名	人名	upstream			
らいむ	紫電ライム	人名	人名	人名	upstream			
おおがちあたり	大勝あたり	人名	人名	人名	upstream			
あたり	大勝あたり	人名	人名	人名	upstream			
ちかふじりさ	近藤リサ	人名	人名	人名	upstream			
りさ	近藤リサ	人名	人名	人名	upstream			
いるらるみえーる	イルラ・ルミエール	人名	人名	人名	upstream			
いるら	イルラ・ルミエール	人名	人名	人名	upstream			
ひかわしおん	氷川紫苑	人名	人名	人名	upstream			
しおん	氷川紫苑	人名	人名	人名	upstream			
はるさめねここ	はるさめねここ	人名	人名	人名	upstream			
ねここ	はるさめねここ	人名	人名	人名	upstream			
かんな	栞奈	人名	人名	人名	upstream			
せるふぃ	セルフィ	人名	人名	人名	upstream			
りんかえんじぇるずしぇあ	リンカ＝エンジェルズシェア	人名	人名	人名	upstream			
りんか	リンカ＝エンジェルズシェア	人名	人名	人名	upstream			
おりさきもしゅ	折咲もしゅ	人名	人名	人名	upstream			
もしゅ	折咲もしゅ	人名	人名	人名	upstream			
しばさきふうね	柴崎楓音	人名	人名	人名	upstream			
ふうね	柴崎楓音	人名	人名	人名	upstream			
ことらゆこ	仔虎ゆこ	人名	人名	人名	upstream			
ゆこ	仔虎ゆこ	人名	人名	人名	upstream			
きりきろぼると	KiriKilovolt	人名	人名	人名	upstream			
きり	KiriKilovolt	人名	人名	人名	upstream			
くらうん	クラウン	人名	人名	人名	upstream			
しらがみましゅー	白噛ましゅー	人名	人名	人名	upstream			
ましゅー	白噛ましゅー	人名	人名	人名	upstream			
からすまぴょこ	烏丸ぴょこ	人名	人名	人名	upstream			
ぴょこ	烏丸ぴょこ	人名	人名	人名	upstream			
ななせえる	七瀬える	人名	人名	人名	upstream			
える	七瀬える	人名	人名	人名	upstream			
ひげきりん	緋撃燐	人名	人名	人名	upstream			
りん	緋撃燐	人名	人名	人名	upstream			
あおみやよづり	蒼宮よづり	人名	人名	人名	upstream			
よづり	蒼宮よづり	人名	人名	人名	upstream			
とばらな	鳥羽樂奈	人名	人名	人名	upstream			
らな	鳥羽樂奈	人名	人名	人名	upstream			
らいすうめる	頼州うめる	人名	人名	人名	upstream			
うめる	頼州うめる	人名	人名	人名	upstream			
みみっく	ミミック	人名	人名	人名	upstream			
おるだ	歐妲	人名	人名	人名	upstream			
べれてぃふぉろしふぃ	ベレティ・フォロシフィ	人名	人名	人名	upstream			
べれてぃ	ベレティ・フォロシフィ	人名	人名	人名	upstream			
おのとら	男虎	人名	人名	人名	upstream			
つくよみれお	月夜見レオ	人名	人名	人名	upstream			
れお	月夜見レオ	人名	人名	人名	upstream			
しんきろざりあ	神綺ロザリア	人名	人名	人名	upstream			
ろざりあ	神綺ロザリア	人名	人名	人名	upstream			
かむりあむる	花冠あむる	人名	人名	人名	upstream			
あむる	花冠あむる	人名	人名	人名	upstream			
ぴよしたいちょう	ぴよし隊長	人名	人名	人名	upstream			
ぴよし	ぴよし隊長	人名	人名	人名	upstream			
ぱどこ	平平子	人名	人名	人名	upstream			
さくらくぅ	沙倉くぅ	人名	人名	人名	upstream			
さくらくう	沙倉くぅ	人名	人名	人名	upstream			
くぅ	沙倉くぅ	人名	人名	人名	upstream			
くう	沙倉くぅ	人名	人名	人名	upstream			
ふゆつきけい	冬月恵	人名	人名	人名	upstream			
けい	冬月恵	人名	人名	人名	upstream			
かぎやまやくと	鍵山厄人	人名	人名	人名	upstream			
やくと	鍵山厄人	人名	人名	人名	upstream			
おうべあー	歐貝爾	人名	人名	人名	upstream			
しぐれみと	時雨ミト	人名	人名	人名	upstream			
みと	時雨ミト	人名	人名	人名	upstream			
ぐんじょうろまん	群青ロマン	人名	人名	人名	upstream			
ろまん	群青ロマン	人名	人名	人名	upstream			
くろばねこくと	黒羽コクト	人名	人名	人名	upstream			
こくと	黒羽コクト	人名	人名	人名	upstream			
しらほしあわわ	白星あわわ	人名	人名	人名	upstream			
あわわ	白星あわわ	人名	人名	人名	upstream			
おとさたあんな	音沙汰あんな	人名	人名	人名	upstream			
あんな	音沙汰あんな	人名	人名	人名	upstream			
てんどうさん	天道サン	人名	人名	人名	upstream			
さん	天道サン	人名	人名	人名	upstream			
あやみゆら	綾見ユラ	人名	人名	人名	upstream			
ゆら	綾見ユラ	人名	人名	人名	upstream			
ぶいちゅーばぁたんたん	ぶいちゅー婆たんたん	人名	人名	人名	upstream			
たんたん	ぶいちゅー婆たんたん	人名	人名	人名	upstream			
ひのなぎさ	氷乃渚	人名	人名	人名	upstream			
なぎさ	氷乃渚	人名	人名	人名	upstream			
ちむぎ	ちむぎ	人名	人名	人名	upstream			
さくらあおい	桜あおい	人名	人名	人名	upstream			
あおい	桜あおい	人名	人名	人名	upstream			
ちねんせいら	智念せいら	人名	人名	人名	upstream			
せいら	智念せいら	人名	人名	人名	upstream			
まるげりちゃ	まるげりちゃ	人名	人名	人名	upstream			
りちゃ	まるげりちゃ	人名	人名	人名	upstream			
みんも	みんも	人名	人名	人名	upstream			
かんざりん	カンザリン	人名	人名	人名	upstream			
れんとん	レントン	人名	人名	人名	upstream			
るーなねーじゅ	ルーナ・ネージュ	人名	人名	人名	upstream			
るーな	ルーナ・ネージュ	人名	人名	人名	upstream			
たま	たま	人名	人名	人名	upstream			
ばるこ	バル子	人名	人名	人名	upstream			
さちえ	サチ江	人名	人名	人名	upstream			
みみかもーふ	ミミカ・モーフ	人名	人名	人名	upstream			
みみか	ミミカ・モーフ	人名	人名	人名	upstream			
きりくまゆに	切熊ゆに	人名	人名	人名	upstream			
ゆに	切熊ゆに	人名	人名	人名	upstream			
だいだいさん	橙々さん	人名	人名	人名	upstream			
だいだい	橙々さん	人名	人名	人名	upstream			
うさみ	兎佐美	人名	人名	人名	upstream			
むーんどっぐす	幻月	人名	人名	人名	upstream			
かもめ	かもめ	人名	人名	人名	upstream			
あきつきいのり	秋月祁	人名	人名	人名	upstream			
いのり	秋月祁	人名	人名	人名	upstream			
ずな	ずな	人名	人名	人名	upstream			
なみじふりーじあ	ナミジ・フリージア	人名	人名	人名	upstream			
なみじ	ナミジ・フリージア	人名	人名	人名	upstream			
さざなみいるか	小々波いるか	人名	人名	人名	upstream			
いるか	小々波いるか	人名	人名	人名	upstream			
ぷり	プリ	人名	人名	人名	upstream			
めいどうしろね	明堂しろね	人名	人名	人名	upstream			
しろね	明堂しろね	人名	人名	人名	upstream			
ほしみやちょこ	星宮ちょこ	人名	人名	人名	upstream			
ちょこ	星宮ちょこ	人名	人名	人名	upstream			
しおぞらなみり	汐空なみり	人名	人名	人名	upstream			
なみり	汐空なみり	人名	人名	人名	upstream			
あまうい	天羽衣	人名	人名	人名	upstream			
ほた	ホタ	人名	人名	人名	upstream			
くろつきよざくら	黒月夜桜	人名	人名	人名	upstream			
よざくら	黒月夜桜	人名	人名	人名	upstream			
とろ	とろ	人名	人名	人名	upstream			
あらじまらんぷ	新島らんぷ	人名	人名	人名	upstream			
らんぷ	新島らんぷ	人名	人名	人名	upstream			
ひよりらら	希音らら	人名	人名	人名	upstream			
らら	希音らら	人名	人名	人名	upstream			
なにぬねこ	無日縫ねこ	人名	人名	人名	upstream			
ねこ	無日縫ねこ	人名	人名	人名	upstream			
ともりまなか	灯里愛夏	人名	人名	人名	upstream			
まなか	灯里愛夏	人名	人名	人名	upstream			
ちふゆ	ちふゆ	人名	人名	人名	upstream			
ひなもりあんしあ	雛森アンシア	人名	人名	人名	upstream			
あんしあ	雛森アンシア	人名	人名	人名	upstream			
きたみゆうせい	北見遊征	人名	人名	人名	upstream			
ゆうせい	北見遊征	人名	人名	人名	upstream			
かいせい	魁星	人名	人名	人名	upstream			
さかきねす	榊ネス	人名	人名	人名	upstream			
ねす	榊ネス	人名	人名	人名	upstream			
しがりこ	司賀りこ	人名	人名	人名	upstream			
りこ	司賀りこ	人名	人名	人名	upstream			
きさら	綺沙良	人名	人名	人名	upstream			
こずえもね	梢桃音	人名	人名	人名	upstream			
もね	梢桃音	人名	人名	人名	upstream			
るんるん	ルンルン	人名	人名	人名	upstream			
ななせすずな	七瀬すず菜	人名	人名	人名	upstream			
すずな	七瀬すず菜	人名	人名	人名	upstream			
さおとめべりー	早乙女ベリー	人名	人名	人名	upstream			
べりー	早乙女ベリー	人名	人名	人名	upstream			
きららたまこ	雲母たまこ	人名	人名	人名	upstream			
たまこ	雲母たまこ	人名	人名	人名	upstream			
さかよりそうま	酒寄颯馬	人名	人名	人名	upstream			
そうま	酒寄颯馬	人名	人名	人名	upstream			
なぎさとらうと	渚トラウト	人名	人名	人名	upstream			
とらうと	渚トラウト	人名	人名	人名	upstream			
ひとつばしあやと	一橋綾人	人名	人名	人名	upstream			
あやと	一橋綾人	人名	人名	人名	upstream			
いつきさきょう	五木左京	人名	人名	人名	upstream			
さきょう	五木左京	人名	人名	人名	upstream			
くりえいた	九里詠太	人名	人名	人名	upstream			
えいた	九里詠太	人名	人名	人名	upstream			
れいな	Rei7	人名	人名	人名	upstream			
おとのせかなで	音乃瀬奏	人名	人名	人名	upstream			
かなで	音乃瀬奏	人名	人名	人名	upstream			
いちじょうりりか	一条莉々華	人名	人名	人名	upstream			
りりか	一条莉々華	人名	人名	人名	upstream			
じゅうふうていらでん	儒烏風亭らでん	人名	人名	人名	upstream			
らでん	儒烏風亭らでん	人名	人名	人名	upstream			
とどろきはじめ	轟はじめ	人名	人名	人名	upstream			
はじめ	轟はじめ	人名	人名	人名	upstream			
いさきりおな	響咲リオナ	人名	人名	人名	upstream			
りおな	響咲リオナ	人名	人名	人名	upstream			
こがねいにこ	虎金妃笑虎	人名	人名	人名	upstream			
にこ	虎金妃笑虎	人名	人名	人名	upstream			
みずみやすう	水宮枢	人名	人名	人名	upstream			
すう	水宮枢	人名	人名	人名	upstream			
りんどうちはや	輪堂千速	人名	人名	人名	upstream			
ちはや	輪堂千速	人名	人名	人名	upstream			
ききららゔぃゔぃ	綺々羅々ヴィヴィ	人名	人名	人名	upstream			
ゔぃゔぃ	綺々羅々ヴィヴィ	人名	人名	人名	upstream			
いづきみちる	井月みちる	人名	人名	人名	upstream			
みちる	井月みちる	人名	人名	人名	upstream			
はなぞのさやか	花園さやか	人名	人名	人名	upstream			
さやか	花園さやか	人名	人名	人名	upstream			
かぜしろゆき	風白ゆき	人名	人名	人名	upstream			
ゆき	風白ゆき	人名	人名	人名	upstream			
ごーるどぶれっと	ゴールドブレット	人名	人名	人名	upstream			
おくたびお	オクタビオ	人名	人名	人名	upstream			
あるらんでぃす	アルランディス	人名	人名	人名	upstream			
うろこみすい	鱗水スイ	人名	人名	人名	upstream			
すい	鱗水スイ	人名	人名	人名	upstream			
はるさめうらめ	春雨麗女	人名	人名	人名	upstream			
うらめ	春雨麗女	人名	人名	人名	upstream			
やそしなむじな	八十科むじな	人名	人名	人名	upstream			
むじな	八十科むじな	人名	人名	人名	upstream			
くうそう	空爽	人名	人名	人名	upstream			
かしいもいみ	香椎モイミ	人名	人名	人名	upstream			
もいみ	香椎モイミ	人名	人名	人名	upstream			
ひなたましゅ	日向ましゅ	人名	人名	人名	upstream			
ましゅ	日向ましゅ	人名	人名	人名	upstream			
あずり	アズリ	人名	人名	人名	upstream			
ななせれい	漆瀬レイ	人名	人名	人名	upstream			
れい	漆瀬レイ	人名	人名	人名	upstream			
ろくしょうくれは	緑青くれは	人名	人名	人名	upstream			
くれは	緑青くれは	人名	人名	人名	upstream			
かすかねしの	幽音しの	人名	人名	人名	upstream			
しの	幽音しの	人名	人名	人名	upstream			
ここじぇすた	ここ・じぇす汰	人名	人名	人名	upstream			
じぇすた	ここ・じぇす汰	人名	人名	人名	upstream			
うるわしりりり	羽流鷲りりり	人名	人名	人名	upstream			
りりり	羽流鷲りりり	人名	人名	人名	upstream			
しおなりみりね	汐鳴みりね	人名	人名	人名	upstream			
みりね	汐鳴みりね	人名	人名	人名	upstream			
あかつきほたる	暁ほたる	人名	人名	人名	upstream			
ほたる	暁ほたる	人名	人名	人名	upstream			
へすてぃあはぴねす	ヘスティア・ハピネス	人名	人名	人名	upstream			
へすてぃあ	ヘスティア・ハピネス	人名	人名	人名	upstream			
おかもとなぎ	岡本ナギ	人名	人名	人名	upstream			
なぎ	岡本ナギ	人名	人名	人名	upstream			
ゆとりぺけ	柚鳥ペケ	人名	人名	人名	upstream			
ぺけ	柚鳥ペケ	人名	人名	人名	upstream			
ほとけ	-hotoke-	人名	人名	人名	upstream			
しょう	初兎	人名	人名	人名	upstream			
ゆうすけ	悠佑	人名	人名	人名	upstream			
ななもり	ななもり。	人名	人名	人名	upstream			
こせどらむ	小瀬戸らむ	人名	人名	人名	upstream			
らむ	小瀬戸らむ	人名	人名	人名	upstream			
ひおどしあお	火威青	人名	人名	人名	upstream			
あお	火威青	人名	人名	人名	upstream			
はるさきのどか	春先のどか	人名	人名	人名	upstream			
のどか	春先のどか	人名	人名	人名	upstream			
ときわぎはた	常磐木はた	人名	人名	人名	upstream			
はた	常磐木はた	人名	人名	人名	upstream			
しらかさくらげ	白傘くらげ	人名	人名	人名	upstream			
くらげ	白傘くらげ	人名	人名	人名	upstream			
きなみありす	鬼波ありす	人名	人名	人名	upstream			
ありす	鬼波ありす	人名	人名	人名	upstream			
やくしのしの	薬師乃しの	人名	人名	人名	upstream			
しの	薬師乃しの	人名	人名	人名	upstream			
にゃんたこ	にゃんたこ	人名	人名	人名	upstream			
ふぃりあん	Filian	人名	人名	人名	upstream			
みかみれんげ	深狼れんげ	人名	人名	人名	upstream			
れんげ	深狼れんげ	人名	人名	人名	upstream			
ししどうあかり	獅子堂あかり	人名	人名	人名	upstream			
あかり	獅子堂あかり	人名	人名	人名	upstream			
まわん	MaWang	人名	人名	人名	upstream			
える	える	人名	人名	人名	upstream			
ぎるざれんさんせい	ギルザレンⅢ世	人名	人名	人名	upstream			
ぎるざれん	ギルザレンⅢ世	人名	人名	人名	upstream			
どーら	ドーラ	人名	人名	人名	upstream			
こしみずとおる	小清水透	人名	人名	人名	upstream			
とおる	小清水透	人名	人名	人名	upstream			
かぶらきろこ	鏑木ろこ	人名	人名	人名	upstream			
ろこ	鏑木ろこ	人名	人名	人名	upstream			
いがらしりか	五十嵐梨花	人名	人名	人名	upstream			
りか	五十嵐梨花	人名	人名	人名	upstream			
いしがみのぞみ	石神のぞみ	人名	人名	人名	upstream			
のぞみ	石神のぞみ	人名	人名	人名	upstream			
そふぃあゔぁれんたいん	ソフィア・ヴァレンタイン	人名	人名	人名	upstream			
そふぃあ	ソフィア・ヴァレンタイン	人名	人名	人名	upstream			
くらもちめると	倉持めると	人名	人名	人名	upstream			
めると	倉持めると	人名	人名	人名	upstream			
さいきいってつ	佐伯イッテツ	人名	人名	人名	upstream			
いってつ	佐伯イッテツ	人名	人名	人名	upstream			
あかぎうぇん	赤城ウェン	人名	人名	人名	upstream			
うぇん	赤城ウェン	人名	人名	人名	upstream			
うさみりと	宇佐美リト	人名	人名	人名	upstream			
りと	宇佐美リト	人名	人名	人名	upstream			
ひばちまな	緋八マナ	人名	人名	人名	upstream			
まな	緋八マナ	人名	人名	人名	upstream			
ほしるべしょう	星導ショウ	人名	人名	人名	upstream			
しょう	星導ショウ	人名	人名	人名	upstream			
むらくもかげつ	叢雲カゲツ	人名	人名	人名	upstream			
かげつ	叢雲カゲツ	人名	人名	人名	upstream			
こやなぎろう	小柳ロウ	人名	人名	人名	upstream			
ろう	小柳ロウ	人名	人名	人名	upstream			
いなみらい	伊波ライ	人名	人名	人名	upstream			
らい	伊波ライ	人名	人名	人名	upstream			
たちつてとと	立伝都々	人名	人名	人名	upstream			
とと	立伝都々	人名	人名	人名	upstream			
しおりはるり	栞葉るり	人名	人名	人名	upstream			
るり	栞葉るり	人名	人名	人名	upstream			
みらんけすとれる	ミラン・ケストレル	人名	人名	人名	upstream			
みらん	ミラン・ケストレル	人名	人名	人名	upstream			
がおん	ガオン	人名	人名	人名	upstream			
せふぃな	セフィナ	人名	人名	人名	upstream			
うわくぐっど	우왁굳	人名	人名	人名	upstream			
うわく	우왁굳	人名	人名	人名	upstream			
あいね	아이네	人名	人名	人名	upstream			
ごせぐ	고세구	人名	人名	人名	upstream			
あいりかんな	아이리칸나	人名	人名	人名	upstream			
あいり	아이리칸나	人名	人名	人名	upstream			
しらゆきひな	시라유키히나	人名	人名	人名	upstream			
ひな	시라유키히나	人名	人名	人名	upstream			
てんこしぶき	텐코시오리	人名	人名	人名	upstream			
しぶき	텐코시오리	人名	人名	人名	upstream			
あおくもりん	아오쿠모린	人名	人名	人名	upstream			
りん	아오쿠모린	人名	人名	人名	upstream			
あらはしたび	아라하시타비	人名	人名	人名	upstream			
たび	아라하시타비	人名	人名	人名	upstream			
ざき	ざき	人名	人名	人名	upstream			
よめみ	ヨメミ	人名	人名	人名	upstream			
でいすい	でいすい	人名	人名	人名	upstream			
にじぷかぬふ	虹深゜ぬふ	人名	人名	人名	upstream			
ぬふ	虹深゜ぬふ	人名	人名	人名	upstream			
でるたや	DELUTAYA	人名	人名	人名	upstream			
あれんかいんゔぇんとら	AlenkaInventra	人名	人名	人名	upstream			
あれんか	AlenkaInventra	人名	人名	人名	upstream			
ぴかまるえぬえすぴーてぃーぜろわん	ぴかまるNS-PT01	人名	人名	人名	upstream			
ぴかまる	ぴかまるNS-PT01	人名	人名	人名	upstream			
べま	琶舞	人名	人名	人名	upstream			
みずちまこもり	鮫升コモリ	人名	人名	人名	upstream			
こもり	鮫升コモリ	人名	人名	人名	upstream			
ろかろうりん	RocaRourin	人名	人名	人名	upstream			
ろか	RocaRourin	人名	人名	人名	upstream			
はなふろーれす	HanaFlores	人名	人名	人名	upstream			
はな	HanaFlores	人名	人名	人名	upstream			
ぴっぱぺぶるすわーす	PippaPebblesworth	人名	人名	人名	upstream			
ぴっぱ	PippaPebblesworth	人名	人名	人名	upstream			
すりそらり	SuriSolari	人名	人名	人名	upstream			
すり	SuriSolari	人名	人名	人名	upstream			
ななふしぎめいろ	七不思議めいろ	人名	人名	人名	upstream			
めいろ	七不思議めいろ	人名	人名	人名	upstream			
みそらそら	ミソラソラ	人名	人名	人名	upstream			
そら	ミソラソラ	人名	人名	人名	upstream			
みすみ	323	人名	人名	人名	upstream			
こよい	小宵	人名	人名	人名	upstream			
おうぎないだ	扇名いだ	人名	人名	人名	upstream			
いだ	扇名いだ	人名	人名	人名	upstream			
あじきよはね	安喰ヨハネ	人名	人名	人名	upstream			
よはね	安喰ヨハネ	人名	人名	人名	upstream			
いちがはらこはる	一ヶ原小春	人名	人名	人名	upstream			
こはる	一ヶ原小春	人名	人名	人名	upstream			
あいきょうえーる	愛橋エール	人名	人名	人名	upstream			
えーる	愛橋エール	人名	人名	人名	upstream			
ななはるい	七葉琉伊	人名	人名	人名	upstream			
るい	七葉琉伊	人名	人名	人名	upstream			
こころいちる	ココロイチル	人名	人名	人名	upstream			
いちる	ココロイチル	人名	人名	人名	upstream			
あくせるしりおす	AxelSyrios	人名	人名	人名	upstream			
あくせる	AxelSyrios	人名	人名	人名	upstream			
がびすべってる	GavisBettel	人名	人名	人名	upstream			
がびす	GavisBettel	人名	人名	人名	upstream			
まきなえくすふれおん	MachinaXFlayon	人名	人名	人名	upstream			
まきな	MachinaXFlayon	人名	人名	人名	upstream			
さめこさば	サメコサバ	人名	人名	人名	upstream			
さば	サメコサバ	人名	人名	人名	upstream			
けーそん	Kson	人名	人名	人名	upstream			
つんでりあ	Tsunderia	人名	人名	人名	upstream			
ろん	Lon	人名	人名	人名	upstream			
ありああでりあ	AlyaArdelia	人名	人名	人名	upstream			
ありあ	AlyaArdelia	人名	人名	人名	upstream			
みどうれい	御堂レイ	人名	人名	人名	upstream			
れい	御堂レイ	人名	人名	人名	upstream			
りりあなゔぁんぱいあ	LilianaVampaia	人名	人名	人名	upstream			
りりあな	LilianaVampaia	人名	人名	人名	upstream			
えのぐ	えのぐ	人名	人名	人名	upstream			
あままにあ	天満ニア	人名	人名	人名	upstream			
にあ	天満ニア	人名	人名	人名	upstream			
ひさみりせ	緋雨リセ	人名	人名	人名	upstream			
りせ	緋雨リセ	人名	人名	人名	upstream			
ひめみやゆのん	姫宮ゆのん	人名	人名	人名	upstream			
ゆのん	姫宮ゆのん	人名	人名	人名	upstream			
ほしずかぜの	星塚ゼノ	人名	人名	人名	upstream			
ぜの	星塚ゼノ	人名	人名	人名	upstream			
なのはすず	七乃羽すず	人名	人名	人名	upstream			
すず	七乃羽すず	人名	人名	人名	upstream			
みかづきぷらむ	海日月ぷらむ	人名	人名	人名	upstream			
ぷらむ	海日月ぷらむ	人名	人名	人名	upstream			
あいくいーゔらんど	アイク・イーヴランド	人名	人名	人名	upstream			
あいく	アイク・イーヴランド	人名	人名	人名	upstream			
あいぞめあねら	愛染アネラ	人名	人名	人名	upstream			
あねら	愛染アネラ	人名	人名	人名	upstream			
あいり	アイリ	人名	人名	人名	upstream			
あかめうゆき	朱芽うゆき	人名	人名	人名	upstream			
うゆき	朱芽うゆき	人名	人名	人名	upstream			
あくまめりる	あくまメリル	人名	人名	人名	upstream			
めりる	あくまメリル	人名	人名	人名	upstream			
あざみ	アザミ	人名	人名	人名	upstream			
あさみしるこ	朝美しるこ	人名	人名	人名	upstream			
しるこ	朝美しるこ	人名	人名	人名	upstream			
あしの	アシノ	人名	人名	人名	upstream			
さおとめあずき	早乙女あずき	人名	人名	人名	upstream			
あずき	早乙女あずき	人名	人名	人名	upstream			
あずさ	阿梓	人名	人名	人名	upstream			
あすまゆーご	遊間ユーゴ	人名	人名	人名	upstream			
ゆーご	遊間ユーゴ	人名	人名	人名	upstream			
あそべめあ	遊部めあ	人名	人名	人名	upstream			
めあ	遊部めあ	人名	人名	人名	upstream			
あまうされいむ	甘兎れいむ	人名	人名	人名	upstream			
れいむ	甘兎れいむ	人名	人名	人名	upstream			
ありさ	ありさ	人名	人名	人名	upstream			
あるば	アルバ	人名	人名	人名	upstream			
あんどういなり	安堂稻荷	人名	人名	人名	upstream			
いなり	安堂稻荷	人名	人名	人名	upstream			
あんにん	あんにん	人名	人名	人名	upstream			
いんさいどちゃん	インサイドちゃんMark1	人名	人名	人名	upstream			
いんさいどちゃん	インサイドちゃんMark2	人名	人名	人名	upstream			
うぃふぃ	ウィフィ	人名	人名	人名	upstream			
ゔぃるご	ヴィルゴ	人名	人名	人名	upstream			
うきゔぃおれた	浮奇・ヴィオレタ	人名	人名	人名	upstream			
うき	浮奇・ヴィオレタ	人名	人名	人名	upstream			
えりーらぺんどら	エリーラペンドラ	人名	人名	人名	upstream			
えりーら	エリーラペンドラ	人名	人名	人名	upstream			
えるた	エルタ	人名	人名	人名	upstream			
かねこきょう	金子鏡	人名	人名	人名	upstream			
きょう	金子鏡	人名	人名	人名	upstream			
かみ	かみ	人名	人名	人名	upstream			
かめちゃん	かめちゃん	人名	人名	人名	upstream			
かろん	茶冷	人名	人名	人名	upstream			
きのことね	妃乃琴音	人名	人名	人名	upstream			
ことね	妃乃琴音	人名	人名	人名	upstream			
くずゆう	くずゆう	人名	人名	人名	upstream			
くっくぱっどたん	クックパッドたん	人名	人名	人名	upstream			
にこらくらえす	二コラ・クラエス	人名	人名	人名	upstream			
にこら	二コラ・クラエス	人名	人名	人名	upstream			
くるせせいら	来世せいら	人名	人名	人名	upstream			
せいら	来世せいら	人名	人名	人名	upstream			
くるるん	庫路路	人名	人名	人名	upstream			
くれい	克蕾	人名	人名	人名	upstream			
くろがねからす	黑銀夜烏	人名	人名	人名	upstream			
からす	黑銀夜烏	人名	人名	人名	upstream			
くろとえれん	黒杜えれん	人名	人名	人名	upstream			
えれん	黒杜えれん	人名	人名	人名	upstream			
くろはねみもり	黒羽美守	人名	人名	人名	upstream			
みもり	黒羽美守	人名	人名	人名	upstream			
げきおこばんばんちゃん	激おこバンバンちゃん	人名	人名	人名	upstream			
ばんばんちゃん	激おこバンバンちゃん	人名	人名	人名	upstream			
けろ	小可	人名	人名	人名	upstream			
こういつしん	光逸幸	人名	人名	人名	upstream			
しん	光逸幸	人名	人名	人名	upstream			
こうよう	こうよう	人名	人名	人名	upstream			
ごきげんななめ	ごきげんななめ	人名	人名	人名	upstream			
ななめ	ごきげんななめ	人名	人名	人名	upstream			
そらかたこはね	天架小白羽	人名	人名	人名	upstream			
こはね	天架小白羽	人名	人名	人名	upstream			
ころな	ころな	人名	人名	人名	upstream			
さおとめがぶ	鎖乙女がぶ	人名	人名	人名	upstream			
がぶ	鎖乙女がぶ	人名	人名	人名	upstream			
しあえかふぃら	シア・エカフィラ	人名	人名	人名	upstream			
しあ	シア・エカフィラ	人名	人名	人名	upstream			
ししるぱ	ししるぱ	人名	人名	人名	upstream			
ゆうげんしじす	幽幻士ジス	人名	人名	人名	upstream			
じす	幽幻士ジス	人名	人名	人名	upstream			
しゃん	勺	人名	人名	人名	upstream			
しょいきゃろりーぬ	ショイ・キャロリーヌ	人名	人名	人名	upstream			
しょい	ショイ・キャロリーヌ	人名	人名	人名	upstream			
しょう	笙妤	人名	人名	人名	upstream			
しろがねしろん	白鐘シロン	人名	人名	人名	upstream			
しろん	白鐘シロン	人名	人名	人名	upstream			
じんくしー	金克茜	人名	人名	人名	upstream			
すみれひな	菫妃奈	人名	人名	人名	upstream			
ひな	菫妃奈	人名	人名	人名	upstream			
そあら	そあら	人名	人名	人名	upstream			
そらえ	ソラエ	人名	人名	人名	upstream			
たからじまん	タカラジマン	人名	人名	人名	upstream			
たか	タカラジマン	人名	人名	人名	upstream			
ちのん	希翁	人名	人名	人名	upstream			
ちおたん	ちおたん	人名	人名	人名	upstream			
ちなつ	ちなつ	人名	人名	人名	upstream			
ちゃむ	ちゃむ	人名	人名	人名	upstream			
まぐねっこつなかん	まぐねっこ・つなかん	人名	人名	人名	upstream			
つなかん	まぐねっこ・つなかん	人名	人名	人名	upstream			
ゔぃるへるみなとりといあんだーそん	ヴィルヘルミナ・トリトイ・アンダーソン	人名	人名	人名	upstream			
とりとい	ヴィルヘルミナ・トリトイ・アンダーソン	人名	人名	人名	upstream			
なずしあ	ナズ=シア	人名	人名	人名	upstream			
しあ	ナズ=シア	人名	人名	人名	upstream			
なちょねこ	なちょ猫	人名	人名	人名	upstream			
ぬこたなつな	猫田なつな	人名	人名	人名	upstream			
なつな	猫田なつな	人名	人名	人名	upstream			
なないろれあ	七色れあ	人名	人名	人名	upstream			
れあ	七色れあ	人名	人名	人名	upstream			
ななぎさまはろ	夏渚まはろ	人名	人名	人名	upstream			
まはろ	夏渚まはろ	人名	人名	人名	upstream			
ななこ	菜菜子	人名	人名	人名	upstream			
にしんく	にしんく	人名	人名	人名	upstream			
にゃんなーず	ニャンナーズ	人名	人名	人名	upstream			
ねこしまれい	猫縞レイ	人名	人名	人名	upstream			
れい	猫縞レイ	人名	人名	人名	upstream			
ねざーど	ネザード	人名	人名	人名	upstream			
ねむねぎ	ねむねぎ	人名	人名	人名	upstream			
ねるなねろ	寝月ねろ	人名	人名	人名	upstream			
ねろ	寝月ねろ	人名	人名	人名	upstream			
のあたん	のあたん	人名	人名	人名	upstream			
のい	糯依	人名	人名	人名	upstream			
ののくまびこり	野々熊びこり	人名	人名	人名	upstream			
びこり	野々熊びこり	人名	人名	人名	upstream			
はいぴんぐもなか	はいぴんぐモナカ	人名	人名	人名	upstream			
もなか	はいぴんぐモナカ	人名	人名	人名	upstream			
はずきれな	葉月れな	人名	人名	人名	upstream			
れな	葉月れな	人名	人名	人名	upstream			
はすみりお	波澄りお	人名	人名	人名	upstream			
りお	波澄りお	人名	人名	人名	upstream			
ひうざわれいら	比羽沢れいら	人名	人名	人名	upstream			
れいら	比羽沢れいら	人名	人名	人名	upstream			
よざくらひかり	夜桜ひかり	人名	人名	人名	upstream			
ひかり	夜桜ひかり	人名	人名	人名	upstream			
ひづきがんま	緋月ガンマ	人名	人名	人名	upstream			
がんま	緋月ガンマ	人名	人名	人名	upstream			
ひすい	ひすい	人名	人名	人名	upstream			
びはん	ビハン	人名	人名	人名	upstream			
ひめはじめ	ヒメ・ハジメ	人名	人名	人名	upstream			
ひめ	ヒメ・ハジメ	人名	人名	人名	upstream			
ひょなえらてぃおら	ヒョナ・エラティオラ	人名	人名	人名	upstream			
ひょな	ヒョナ・エラティオラ	人名	人名	人名	upstream			
みゆきふぃお	深雪フィオ	人名	人名	人名	upstream			
ふぃお	深雪フィオ	人名	人名	人名	upstream			
ふくまるるま	福丸ルマ	人名	人名	人名	upstream			
るま	福丸ルマ	人名	人名	人名	upstream			
ぷろじぇくとめろでぃ	プロジェクトメロディ	人名	人名	人名	upstream			
めろでぃ	プロジェクトメロディ	人名	人名	人名	upstream			
ぺとらぐりん	ペトラグリン	人名	人名	人名	upstream			
ぺとら	ペトラグリン	人名	人名	人名	upstream			
べるもな	ベルモナ	人名	人名	人名	upstream			
へんげりめ	変幻リメ	人名	人名	人名	upstream			
りめ	変幻リメ	人名	人名	人名	upstream			
ぽむれいんぱふ	ぽむれいんぱふ	人名	人名	人名	upstream			
ぽむ	ぽむれいんぱふ	人名	人名	人名	upstream			
ほんねのめいめい	ほんねのめいめい	人名	人名	人名	upstream			
めいめい	ほんねのめいめい	人名	人名	人名	upstream			
まーる	マール	人名	人名	人名	upstream			
まうる	マウル	人名	人名	人名	upstream			
まままら	魔魔マラ	人名	人名	人名	upstream			
まら	魔魔マラ	人名	人名	人名	upstream			
みかめらてぃか	ミカ・メラティカ	人名	人名	人名	upstream			
みか	ミカ・メラティカ	人名	人名	人名	upstream			
みすたりあす	ミスタ・リアス	人名	人名	人名	upstream			
みすた	ミスタ・リアス	人名	人名	人名	upstream			
みつきもあ	蜜月もあ	人名	人名	人名	upstream			
もあ	蜜月もあ	人名	人名	人名	upstream			
みつさ	蜜球兔	人名	人名	人名	upstream			
みとら	ミトラ	人名	人名	人名	upstream			
みなせりお	水無瀬燐央	人名	人名	人名	upstream			
りお	水無瀬燐央	人名	人名	人名	upstream			
みほしめい	美星メイ	人名	人名	人名	upstream			
めい	美星メイ	人名	人名	人名	upstream			
むす	慕斯	人名	人名	人名	upstream			
やしろまめあ	夜白魔メア	人名	人名	人名	upstream			
めあ	夜白魔メア	人名	人名	人名	upstream			
もちづきめあ	望月めあ	人名	人名	人名	upstream			
めあ	望月めあ	人名	人名	人名	upstream			
ももか	莫莫可	人名	人名	人名	upstream			
ゆきとちゃう	雪兎ちゃう	人名	人名	人名	upstream			
ちゃう	雪兎ちゃう	人名	人名	人名	upstream			
ゆっきん	ゆっきん	人名	人名	人名	upstream			
よざくらると	夜桜ると	人名	人名	人名	upstream			
ると	夜桜ると	人名	人名	人名	upstream			
やとがみふうま	夜刀神封魔	人名	人名	人名	upstream			
ふうま	夜刀神封魔	人名	人名	人名	upstream			
らい	來	人名	人名	人名	upstream			
りおちゃん	りおちゃん	人名	人名	人名	upstream			
りん	林玲	人名	人名	人名	upstream			
りんりん	りんりん	人名	人名	人名	upstream			
るかこ	るかこ	人名	人名	人名	upstream			
るこす	るこす	人名	人名	人名	upstream			
るるな	露露娜	人名	人名	人名	upstream			
れいじ	レイジ	人名	人名	人名	upstream			
れざあふぁんるな	レザ・アファンルナ	人名	人名	人名	upstream			
れざ	レザ・アファンルナ	人名	人名	人名	upstream			
れしゅら	レシュラ	人名	人名	人名	upstream			
ろーざ	ローザ	人名	人名	人名	upstream			
ろざりんろっく	ロザリン・ロック	人名	人名	人名	upstream			
ろざりん	ロザリン・ロック	人名	人名	人名	upstream			
ろぜみらぶろっく	ロゼミラブロック	人名	人名	人名	upstream			
ろぜみ	ロゼミラブロック	人名	人名	人名	upstream			
わかなこはく	羽奏こはく	人名	人名	人名	upstream			
こはく	羽奏こはく	人名	人名	人名	upstream			
しばこう	しばこう	人名	人名	人名	upstream			
ねこほしあお	猫心星青	人名	人名	人名	upstream			
あおねこ	猫心星青	人名	人名	人名	upstream			
あお	猫心星青	人名	人名	人名	upstream			
めーめんとゔぁにたす	秘守愛芽	人名	人名	人名	upstream			
ひめもりめめ	秘守愛芽	人名	人名	人名	upstream			
めーめんと	秘守愛芽	人名	人名	人名	upstream			
めめ	秘守愛芽	人名	人名	人名	upstream			
かすか	カスカ	人名	人名	人名	upstream			
きりしまるな	霧島ルナ	人名	人名	人名	upstream			
るな	霧島ルナ	人名	人名	人名	upstream			
ためならおじ	ためならおじ	人名	人名	人名	upstream			
ためなら	ためならおじ	人名	人名	人名	upstream			
てち	ためならおじ	人名	人名	人名	upstream			
ひろわれめいどのせしる	拾われメイドのセシル	人名	人名	人名	upstream			
せしる	拾われメイドのセシル	人名	人名	人名	upstream			
なぞのみと	謎ノ美兎	人名	人名	人名	upstream			
みと	謎ノ美兎	人名	人名	人名	upstream			
さいごうらいすけーくいろり	西郷・R・いろり	人名	人名	人名	upstream			
いろり	西郷・R・いろり	人名	人名	人名	upstream			
ひがみ	東野幸治	人名	人名	人名	upstream			
よしみ	吉村崇	人名	人名	人名	upstream			
いてぃかでゅあ	イティ・カデュア	人名	人名	人名	upstream			
いてぃ	イティ・カデュア	人名	人名	人名	upstream			
つきみりる	月見りる	人名	人名	人名	upstream			
りる	月見りる	人名	人名	人名	upstream			
くるすらいあ	来栖らいあ	人名	人名	人名	upstream			
らいあ	来栖らいあ	人名	人名	人名	upstream			
ねこぶきけむり	猫吹ケムリ	人名	人名	人名	upstream			
けむり	猫吹ケムリ	人名	人名	人名	upstream			
くろうさつき	紅狼サツキ	人名	人名	人名	upstream			
さつき	紅狼サツキ	人名	人名	人名	upstream			
みなずきいさな	海波月イサナ	人名	人名	人名	upstream			
いさな	海波月イサナ	人名	人名	人名	upstream			
うつろぎうた	虚木憂多	人名	人名	人名	upstream			
うた	虚木憂多	人名	人名	人名	upstream			
いえもりあまり	家守あまり	人名	人名	人名	upstream			
あまり	家守あまり	人名	人名	人名	upstream			
ももそらしいな	桃空しいな	人名	人名	人名	upstream			
しいな	桃空しいな	人名	人名	人名	upstream			
ことぶみこまの	珠文こまの	人名	人名	人名	upstream			
こまの	珠文こまの	人名	人名	人名	upstream			
なぐもさく	南雲朔	人名	人名	人名	upstream			
さく	南雲朔	人名	人名	人名	upstream			
せんりつぎん	旋律ギン	人名	人名	人名	upstream			
ぎん	旋律ギン	人名	人名	人名	upstream			
あさはねむうぃ	あさはねむゐ	人名	人名	人名	upstream			
あさはねむい	あさはねむゐ	人名	人名	人名	upstream			
ねむうぃ	あさはねむゐ	人名	人名	人名	upstream			
ねむい	あさはねむゐ	人名	人名	人名	upstream			
ゆうじ	遊仁	人名	人名	人名	upstream			
しらないよう	白内ヨウ	人名	人名	人名	upstream			
よう	白内ヨウ	人名	人名	人名	upstream			
つづみぼしぺてる	鼓星ペテル	人名	人名	人名	upstream			
ぺてる	鼓星ペテル	人名	人名	人名	upstream			
なおえりつ	直枝律	人名	人名	人名	upstream			
りつ	直枝律	人名	人名	人名	upstream			
みずのちぎり	水乃契	人名	人名	人名	upstream			
ちぎり	水乃契	人名	人名	人名	upstream			
りでいくれは	梨泥くれは	人名	人名	人名	upstream			
くれは	梨泥くれは	人名	人名	人名	upstream			
なせばなる	名瀬なる	人名	人名	人名	upstream			
なる	名瀬なる	人名	人名	人名	upstream			
おりおりこ	織おりこ	人名	人名	人名	upstream			
おりこ	織おりこ	人名	人名	人名	upstream			
うみなぎかのん	海凪カノン	人名	人名	人名	upstream			
かのん	海凪カノン	人名	人名	人名	upstream			
ほしづきゆらり	星月ゆらり	人名	人名	人名	upstream			
ゆらり	星月ゆらり	人名	人名	人名	upstream			
うみねりお	海嶺りお	人名	人名	人名	upstream			
りお	海嶺りお	人名	人名	人名	upstream			
いとう	胃糖	人名	人名	人名	upstream			
ななみかい	那々弥廻	人名	人名	人名	upstream			
かい	那々弥廻	人名	人名	人名	upstream			
だざいゆえ	太宰月	人名	人名	人名	upstream			
ゆえ	太宰月	人名	人名	人名	upstream			
なるのせゆうと	鳴ノ世ユウト	人名	人名	人名	upstream			
ゆうと	鳴ノ世ユウト	人名	人名	人名	upstream			
よつややえ	四ッ谷やえ	人名	人名	人名	upstream			
やえ	四ッ谷やえ	人名	人名	人名	upstream			
ながのりょう	ながのりょう	人名	人名	人名	upstream			
りょう	ながのりょう	人名	人名	人名	upstream			
おうがさきひまり	黄ヶ咲ひまり	人名	人名	人名	upstream			
ひまり	黄ヶ咲ひまり	人名	人名	人名	upstream			
むらさめはくれん	村雨白蓮	人名	人名	人名	upstream			
はくれん	村雨白蓮	人名	人名	人名	upstream			
はるのひより	陽音ひより	人名	人名	人名	upstream			
ひより	陽音ひより	人名	人名	人名	upstream			
あさくらぴーす	アサクラピース	人名	人名	人名	upstream			
ぴーす	アサクラピース	人名	人名	人名	upstream			
おかもとたけし	岡本健	人名	人名	人名	upstream			
たけし	岡本健	人名	人名	人名	upstream			
とわねむる	永遠ねむる	人名	人名	人名	upstream			
ねむる	永遠ねむる	人名	人名	人名	upstream			
はくしろつくも	白白白	人名	人名	人名	upstream			
つくも	白白白	人名	人名	人名	upstream			
もちこまめ	もちこまめ	人名	人名	人名	upstream			
こまめ	もちこまめ	人名	人名	人名	upstream			
ひびきゆうか	HibikiDuCa	人名	人名	人名	upstream			
ゆうか	HibikiDuCa	人名	人名	人名	upstream			
ようだしおり	要田詩織	人名	人名	人名	upstream			
しおり	要田詩織	人名	人名	人名	upstream			
こりえりこ	梱枝りこ	人名	人名	人名	upstream			
りこ	梱枝りこ	人名	人名	人名	upstream			
らむねよぞら	来夢音夜空	人名	人名	人名	upstream			
よぞら	来夢音夜空	人名	人名	人名	upstream			
はるき	ハルキ	人名	人名	人名	upstream			
あまさけいお	天裂イオ	人名	人名	人名	upstream			
いお	天裂イオ	人名	人名	人名	upstream			
ばーばぱぱ	バーバパパ	人名	人名	人名	upstream			
しまはるこ	嶋晴子	人名	人名	人名	upstream			
はるこ	嶋晴子	人名	人名	人名	upstream			
かなん	日南	人名	人名	人名	upstream			
きたやまゆい	北山ゆい	人名	人名	人名	upstream			
ゆい	北山ゆい	人名	人名	人名	upstream			
ちゃちゃちゃ	茶々茶	人名	人名	人名	upstream			
しゃいご	羽毛	人名	人名	人名	upstream			
いつかやるしゃちょう	いつかやる社長	人名	人名	人名	upstream			
いつかやる	いつかやる社長	人名	人名	人名	upstream			
こあらせんせい	コアラ先生	人名	人名	人名	upstream			
りーりっすん	李聽	人名	人名	人名	upstream			
さえぐさりん	三枝りん	人名	人名	人名	upstream			
りん	三枝りん	人名	人名	人名	upstream			
いつく	イツク	人名	人名	人名	upstream			
ちんぽってぃ	珍・ポッティ	人名	人名	人名	upstream			
ぽってぃ	珍・ポッティ	人名	人名	人名	upstream			
しゃみお	しゃみお	人名	人名	人名	upstream			
みやじ	みやぢ	人名	人名	人名	upstream			
みやぢ	みやぢ	人名	人名	人名	upstream			
こーじ	こーじ	人名	人名	人名	upstream			
あいつきなくる	藍月なくる	人名	人名	人名	upstream			
なくる	藍月なくる	人名	人名	人名	upstream			
はるる	はるる	人名	人名	人名	upstream			
らっく	lack	人名	人名	人名	upstream			
みやまめさ	宮間めさ	人名	人名	人名	upstream			
めさ	宮間めさ	人名	人名	人名	upstream			
わたがしうのう	わたがしうのう	人名	人名	人名	upstream			
うのう	わたがしうのう	人名	人名	人名	upstream			
みぬた	みぬた	人名	人名	人名	upstream			
まきあっと	まきあっと	人名	人名	人名	upstream			
すずかさん	すずかさん	人名	人名	人名	upstream			
まふゆ	まふゆ	人名	人名	人名	upstream			
やここ	聖女ヤココ	人名	人名	人名	upstream			
なろや	なろ屋	人名	人名	人名	upstream			
ひいらぎゆうか	柊優花	人名	人名	人名	upstream			
ゆうか	柊優花	人名	人名	人名	upstream			
ろろいと	ロロイト	人名	人名	人名	upstream			
すぐわかるお	守鍬刈雄	人名	人名	人名	upstream			
おりのりづ	折乃りづ	人名	人名	人名	upstream			
りづ	折乃りづ	人名	人名	人名	upstream			
あおはりごちょう	青ハリ伍長	人名	人名	人名	upstream			
あおはり	青ハリ伍長	人名	人名	人名	upstream			
しほ	しほ	人名	人名	人名	upstream			
たるれみえら	タルレミ・エラ	人名	人名	人名	upstream			
たるれみ	タルレミ・エラ	人名	人名	人名	upstream			
のってん	のってんゲームズ	人名	人名	人名	upstream			
くろむ	庫洛姆	人名	人名	人名	upstream			
ろきじー	ロキジー	人名	人名	人名	upstream			
もものばら	桃野薔薇	人名	人名	人名	upstream			
のばら	桃野薔薇	人名	人名	人名	upstream			
つかれたいぬ	つかれた犬	人名	人名	人名	upstream			
うのさくら	兎野さくら	人名	人名	人名	upstream			
さくら	兎野さくら	人名	人名	人名	upstream			
かわいりむ	かわいりむ	人名	人名	人名	upstream			
りむ	かわいりむ	人名	人名	人名	upstream			
ゆずきつばめ	柚木つばめ	人名	人名	人名	upstream			
つばめ	柚木つばめ	人名	人名	人名	upstream			
ゆずすけ	柚子助	人名	人名	人名	upstream			
もりたかこーら	最高コーラ	人名	人名	人名	upstream			
こーら	最高コーラ	人名	人名	人名	upstream			
べんずんう	本噂屋	人名	人名	人名	upstream			
くれあ	クレア	人名	人名	人名	upstream			
してはる	してはる	人名	人名	人名	upstream			
しもえる	シモエル	人名	人名	人名	upstream			
とうゆ	灯油	人名	人名	人名	upstream			
ゆうきしょうた	結城翔太	人名	人名	人名	upstream			
しょうた	結城翔太	人名	人名	人名	upstream			
はこにわしいな	箱庭秕	人名	人名	人名	upstream			
しいな	箱庭秕	人名	人名	人名	upstream			
あかいしやし	赤石やし	人名	人名	人名	upstream			
やし	赤石やし	人名	人名	人名	upstream			
みかどちゃん	ミカドちゃん	人名	人名	人名	upstream			
みかど	ミカドちゃん	人名	人名	人名	upstream			
たちばなゆうり	橘花悠里	人名	人名	人名	upstream			
ゆうり	橘花悠里	人名	人名	人名	upstream			
へるみな	ヘルミナ	人名	人名	人名	upstream			
かなうとにしぇ	銀海渡ニシェ	人名	人名	人名	upstream			
にしぇ	銀海渡ニシェ	人名	人名	人名	upstream			
おとだまひびく	音魂ヒビク	人名	人名	人名	upstream			
ひびく	音魂ヒビク	人名	人名	人名	upstream			
あかしみゅ	明石繆	人名	人名	人名	upstream			
みゅ	明石繆	人名	人名	人名	upstream			
ぎるめりあぎん	ギルメリア・ギン	人名	人名	人名	upstream			
ぎん	ギルメリア・ギン	人名	人名	人名	upstream			
こゆびたべる	こゆびたべる	人名	人名	人名	upstream			
べる	こゆびたべる	人名	人名	人名	upstream			
せうちらんまる	瀬内蘭丸	人名	人名	人名	upstream			
らんまる	瀬内蘭丸	人名	人名	人名	upstream			
おうみやえま	大宮エマ	人名	人名	人名	upstream			
えま	大宮エマ	人名	人名	人名	upstream			
ちんやく	ちんやく	人名	人名	人名	upstream			
しょとう	しょ糖	人名	人名	人名	upstream			
こったろ	こったろ	人名	人名	人名	upstream			
めるとだてんし	メルト・ダ・テンシ	人名	人名	人名	upstream			
めると	メルト・ダ・テンシ	人名	人名	人名	upstream			
しゃおでぃ	嵐迪	人名	人名	人名	upstream			
ちゃいろ	チャイロ	人名	人名	人名	upstream			
はまじあき	はまじあき	人名	人名	人名	upstream			
あき	はまじあき	人名	人名	人名	upstream			
あずりびあたん	アズ・リビアタン	人名	人名	人名	upstream			
あず	アズ・リビアタン	人名	人名	人名	upstream			
あさみゆい	浅見ゆい	人名	人名	人名	upstream			
ゆい	浅見ゆい	人名	人名	人名	upstream			
もすや	もす屋	人名	人名	人名	upstream			
あおきよう	青木葉	人名	人名	人名	upstream			
よう	青木葉	人名	人名	人名	upstream			
いがさきあやか	伊ヶ崎綾香	人名	人名	人名	upstream			
あやか	伊ヶ崎綾香	人名	人名	人名	upstream			
はごろもおと	羽衣おと	人名	人名	人名	upstream			
おと	羽衣おと	人名	人名	人名	upstream			
ゔぁすわわ	瓦西瓦瓦	人名	人名	人名	upstream			
ほんごうあい	本郷愛	人名	人名	人名	upstream			
あい	本郷愛	人名	人名	人名	upstream			
あまのりり	AmanoRiri	人名	人名	人名	upstream			
りり	AmanoRiri	人名	人名	人名	upstream			
さい	斉田	人名	人名	人名	upstream			
ろぜち	ろぜち	人名	人名	人名	upstream			
はりる	ハリル	人名	人名	人名	upstream			
きさらぎゆう	如月ゆう	人名	人名	人名	upstream			
ゆう	如月ゆう	人名	人名	人名	upstream			
おこ	お子₀₅	人名	人名	人名	upstream			
あいぱいぽよん	愛包ぽよん	人名	人名	人名	upstream			
ぽよん	愛包ぽよん	人名	人名	人名	upstream			
こおりおうじょ	Kōri-Oujo	人名	人名	人名	upstream			
おうじょ	Kōri-Oujo	人名	人名	人名	upstream			
ぱらどっと	ぱらどっと	人名	人名	人名	upstream			
むじむーじ	無地むーじ	人名	人名	人名	upstream			
むーじ	無地むーじ	人名	人名	人名	upstream			
きんとき	きんとき	人名	人名	人名	upstream			
えどれな	江戸レナ	人名	人名	人名	upstream			
れな	江戸レナ	人名	人名	人名	upstream			
ゆりも	ゆりも	人名	人名	人名	upstream			
れれい	れれい	人名	人名	人名	upstream			
でんあるばるーえ	電・A・ルーエ	人名	人名	人名	upstream			
るーえ	電・A・ルーエ	人名	人名	人名	upstream			
ぜくとてす	ゼクトテス	人名	人名	人名	upstream			
こくよくひょうらん	黑翼冰嵐	人名	人名	人名	upstream			
ひょうらん	黑翼冰嵐	人名	人名	人名	upstream			
おむたつ	おむたつ	人名	人名	人名	upstream			
めたばあちゃん	メタばあちゃん	人名	人名	人名	upstream			
そらいおんじ	空衣御侍	人名	人名	人名	upstream			
おんじ	空衣御侍	人名	人名	人名	upstream			
みゆき	Miyuki	人名	人名	人名	upstream			
たかのめ	タカノメ	人名	人名	人名	upstream			
たここ	たここ	人名	人名	人名	upstream			
ももいろね	ももいろね	人名	人名	人名	upstream			
のえるぱすた	乃江瑠パスタ	人名	人名	人名	upstream			
ぱすた	乃江瑠パスタ	人名	人名	人名	upstream			
つきみやせれね	月宮セレネ	人名	人名	人名	upstream			
せれね	月宮セレネ	人名	人名	人名	upstream			
とるくま	トルくま	人名	人名	人名	upstream			
くま	トルくま	人名	人名	人名	upstream			
みずせなの	水瀬なの	人名	人名	人名	upstream			
なの	水瀬なの	人名	人名	人名	upstream			
えれこ	えれ子	人名	人名	人名	upstream			
てんしんらん	天心らん	人名	人名	人名	upstream			
らん	天心らん	人名	人名	人名	upstream			
こいろ	こいろ	人名	人名	人名	upstream			
おうせふらち	桜彗ふらち	人名	人名	人名	upstream			
ふらち	桜彗ふらち	人名	人名	人名	upstream			
いちのせとおる	一ノ瀬とおる	人名	人名	人名	upstream			
とおる	一ノ瀬とおる	人名	人名	人名	upstream			
えーすきめら	エースキメラ	人名	人名	人名	upstream			
きめら	エースキメラ	人名	人名	人名	upstream			
じょい	joei	人名	人名	人名	upstream			
しんでぃ	シンディ	人名	人名	人名	upstream			
るるらっそー	ルル・ラッソー	人名	人名	人名	upstream			
るる	ルル・ラッソー	人名	人名	人名	upstream			
ふくらいえま	福来エマ	人名	人名	人名	upstream			
えま	福来エマ	人名	人名	人名	upstream			
ぬけまるじー	ぬけまるG	人名	人名	人名	upstream			
ぬけまる	ぬけまるG	人名	人名	人名	upstream			
らくしゃーな	ラクシャーナ	人名	人名	人名	upstream			
らくはらさなこ	楽原さな子	人名	人名	人名	upstream			
さなこ	楽原さな子	人名	人名	人名	upstream			
ひなこ	妃那子	人名	人名	人名	upstream			
ゆうぎりれい	夕霧レイ	人名	人名	人名	upstream			
れい	夕霧レイ	人名	人名	人名	upstream			
しきそうかな	色想かな	人名	人名	人名	upstream			
かな	色想かな	人名	人名	人名	upstream			
しらくさ	シラクサ	人名	人名	人名	upstream			
もちづきえりす	望月エリス	人名	人名	人名	upstream			
えりす	望月エリス	人名	人名	人名	upstream			
ぴーこ	ぴーこ	人名	人名	人名	upstream			
うちふぃふぃ	羽芝扉扉	人名	人名	人名	upstream			
ふぃふぃ	羽芝扉扉	人名	人名	人名	upstream			
ゆみゆみやみい	ゆみゆみやみい	人名	人名	人名	upstream			
でんせつのみろ	伝説のミロ	人名	人名	人名	upstream			
みろ	伝説のミロ	人名	人名	人名	upstream			
すーぱーああちゅ	超ああちゅ	人名	人名	人名	upstream			
あくあそなた	水月歌	人名	人名	人名	upstream			
そなた	水月歌	人名	人名	人名	upstream			
じんぐうじとろろ	神宮寺匁トロロ	人名	人名	人名	upstream			
とろろ	神宮寺匁トロロ	人名	人名	人名	upstream			
いよりうと	季依うと	人名	人名	人名	upstream			
うと	季依うと	人名	人名	人名	upstream			
せし	セシ	人名	人名	人名	upstream			
あめみやえりー	雨宮エリー	人名	人名	人名	upstream			
えりー	雨宮エリー	人名	人名	人名	upstream			
わしみねりょう	鷲峰良	人名	人名	人名	upstream			
りょう	鷲峰良	人名	人名	人名	upstream			
やまのなかのおくら	山中おくら	人名	人名	人名	upstream			
おくら	山中おくら	人名	人名	人名	upstream			
さくらいもも	桜井桃	人名	人名	人名	upstream			
もも	桜井桃	人名	人名	人名	upstream			
ふぃーびーちゃん	フィービー・チャン	人名	人名	人名	upstream			
ふぃーびー	フィービー・チャン	人名	人名	人名	upstream			
かるぷまーがれっと	カルプ・マーガレット	人名	人名	人名	upstream			
かるぷ	カルプ・マーガレット	人名	人名	人名	upstream			
いぬずきれん	戌月れん	人名	人名	人名	upstream			
れん	戌月れん	人名	人名	人名	upstream			
かしわぎもも	柏木もも	人名	人名	人名	upstream			
もも	柏木もも	人名	人名	人名	upstream			
そらほしぱる	宙星ぱる	人名	人名	人名	upstream			
ぱる	宙星ぱる	人名	人名	人名	upstream			
まさるどっとこ	まさるドット子	人名	人名	人名	upstream			
どっとこ	まさるドット子	人名	人名	人名	upstream			
あさぎしき	浅木式	人名	人名	人名	upstream			
しき	浅木式	人名	人名	人名	upstream			
いち	唯一	人名	人名	人名	upstream			
ろご	洛狗	人名	人名	人名	upstream			
こちょうここあ	胡蝶ここあ	人名	人名	人名	upstream			
ここあ	胡蝶ここあ	人名	人名	人名	upstream			
ありすころも	有栖ころも	人名	人名	人名	upstream			
ころも	有栖ころも	人名	人名	人名	upstream			
しろくま	しろくま	人名	人名	人名	upstream			
はくしまつり	白紫茉莉	人名	人名	人名	upstream			
まつり	白紫茉莉	人名	人名	人名	upstream			
べりる	貝莉莓	人名	人名	人名	upstream			
かりのすがた	仮乃スガタ	人名	人名	人名	upstream			
すがた	仮乃スガタ	人名	人名	人名	upstream			
ふじみねまりあ	藤峰まりあ	人名	人名	人名	upstream			
まりあ	藤峰まりあ	人名	人名	人名	upstream			
しきがみやしろ	式神やしろ	人名	人名	人名	upstream			
やしろ	式神やしろ	人名	人名	人名	upstream			
むんもっしゅ	むんもっしゅ	人名	人名	人名	upstream			
みずかみそうた	水上蒼太	人名	人名	人名	upstream			
そうた	水上蒼太	人名	人名	人名	upstream			
あのみはる	杏乃みはる	人名	人名	人名	upstream			
みはる	杏乃みはる	人名	人名	人名	upstream			
はやまたいよう	羽山太洋	人名	人名	人名	upstream			
たいよう	羽山太洋	人名	人名	人名	upstream			
てんのさい	天希サイ	人名	人名	人名	upstream			
さい	天希サイ	人名	人名	人名	upstream			
ゆうらくてんごす	遊楽天GOTH	人名	人名	人名	upstream			
ごす	遊楽天GOTH	人名	人名	人名	upstream			
やしろあい	やしろあい	人名	人名	人名	upstream			
あい	やしろあい	人名	人名	人名	upstream			
あまがみにこ	天上にこ	人名	人名	人名	upstream			
にこ	天上にこ	人名	人名	人名	upstream			
にこらいぼるこふ	ニコライ・ボルコフ	人名	人名	人名	upstream			
にこらい	ニコライ・ボルコフ	人名	人名	人名	upstream			
まつおか	松岡	人名	人名	人名	upstream			
あずませれん	東雪蓮	人名	人名	人名	upstream			
せれん	東雪蓮	人名	人名	人名	upstream			
つぼあらい	壷洗	人名	人名	人名	upstream			
ゆめびえむ	夢寐愛姆	人名	人名	人名	upstream			
えむ	夢寐愛姆	人名	人名	人名	upstream			
けばぶ	けばぶ!!	人名	人名	人名	upstream			
ふくのかみぽろ	福乃神ぽろ	人名	人名	人名	upstream			
ぽろ	福乃神ぽろ	人名	人名	人名	upstream			
ゆきみおねえちゃん	ユキミお姉ちゃん	人名	人名	人名	upstream			
ゆきみ	ユキミお姉ちゃん	人名	人名	人名	upstream			
らぴすちぇろ	天瑠璃ちぇろ	人名	人名	人名	upstream			
ちぇろ	天瑠璃ちぇろ	人名	人名	人名	upstream			
こころばせゆうと	心馳優音	人名	人名	人名	upstream			
ゆうと	心馳優音	人名	人名	人名	upstream			
いぬかみふうこ	犬神ふうこ	人名	人名	人名	upstream			
ふうこ	犬神ふうこ	人名	人名	人名	upstream			
かがみまりな	輝海まりな	人名	人名	人名	upstream			
まりな	輝海まりな	人名	人名	人名	upstream			
あまわうる	天和うる	人名	人名	人名	upstream			
うる	天和うる	人名	人名	人名	upstream			
とりはらしう	鳥原しう	人名	人名	人名	upstream			
しう	鳥原しう	人名	人名	人名	upstream			
あおばりあ	碧葉リア	人名	人名	人名	upstream			
りあ	碧葉リア	人名	人名	人名	upstream			
こんのみや	紺乃宮	人名	人名	人名	upstream			
らっかみだり	落花みだり	人名	人名	人名	upstream			
みだり	落花みだり	人名	人名	人名	upstream			
みはなだそまる	水縹そまる	人名	人名	人名	upstream			
そまる	水縹そまる	人名	人名	人名	upstream			
ねむがきあまね	合歓垣あまね	人名	人名	人名	upstream			
あまね	合歓垣あまね	人名	人名	人名	upstream			
すらいむむ	透来むむ	人名	人名	人名	upstream			
むむ	透来むむ	人名	人名	人名	upstream			
あまがみるい	天雅深ルイ	人名	人名	人名	upstream			
るい	天雅深ルイ	人名	人名	人名	upstream			
あまのあけみ	天野朱美	人名	人名	人名	upstream			
あけみ	天野朱美	人名	人名	人名	upstream			
なわつむぐ	那和ツムグ	人名	人名	人名	upstream			
つむぐ	那和ツムグ	人名	人名	人名	upstream			
はつどまりねね	八都宿ねね	人名	人名	人名	upstream			
ねね	八都宿ねね	人名	人名	人名	upstream			
しのみやいおり	四宮伊織	人名	人名	人名	upstream			
いおり	四宮伊織	人名	人名	人名	upstream			
ほしくずゆにぞん	星芥ユニゾン	人名	人名	人名	upstream			
しらはせそる	白波瀬ソル	人名	人名	人名	upstream			
そる	白波瀬ソル	人名	人名	人名	upstream			
おにがしまぴぃち	鬼ヶ島ぴぃち	人名	人名	人名	upstream			
おにがしまぴいち	鬼ヶ島ぴぃち	人名	人名	人名	upstream			
ぴぃち	鬼ヶ島ぴぃち	人名	人名	人名	upstream			
ぴいち	鬼ヶ島ぴぃち	人名	人名	人名	upstream			
はれちうてん	晴地うてん	人名	人名	人名	upstream			
うてん	晴地うてん	人名	人名	人名	upstream			
すぎさくしいたろう	彬作Ciii太郎	人名	人名	人名	upstream			
しいたろう	彬作Ciii太郎	人名	人名	人名	upstream			
せしりあ	せしりあ	人名	人名	人名	upstream			
たそくん	たそくん	人名	人名	人名	upstream			
どどめきあくる	百々目鬼あくる	人名	人名	人名	upstream			
あくる	百々目鬼あくる	人名	人名	人名	upstream			
りねっときゃんでぃー	リネット・キャンディー	人名	人名	人名	upstream			
りねっと	リネット・キャンディー	人名	人名	人名	upstream			
あやしい	妖しい	人名	人名	人名	upstream			
のん	のん	人名	人名	人名	upstream			
まーるいわっか	マールいわっか	人名	人名	人名	upstream			
まーる	マールいわっか	人名	人名	人名	upstream			
ほしくもえむ	星雲えむ	人名	人名	人名	upstream			
えむ	星雲えむ	人名	人名	人名	upstream			
ゆめりあるぷ	夢栞あるぷ	人名	人名	人名	upstream			
あるぷ	夢栞あるぷ	人名	人名	人名	upstream			
あいだりかこ	逢田梨香子	人名	人名	人名	upstream			
りかこ	逢田梨香子	人名	人名	人名	upstream			
ももせにな	桃瀬にな	人名	人名	人名	upstream			
にな	桃瀬にな	人名	人名	人名	upstream			
うてんひより	羽天ひより	人名	人名	人名	upstream			
ひより	羽天ひより	人名	人名	人名	upstream			
るかわねぎ	瑠川ねぎ	人名	人名	人名	upstream			
ねぎ	瑠川ねぎ	人名	人名	人名	upstream			
いくさねちゃすけ	軍画茶助	人名	人名	人名	upstream			
ちゃすけ	軍画茶助	人名	人名	人名	upstream			
べねふぃす	ベネフィス	人名	人名	人名	upstream			
ちあえいる	千空えいる	人名	人名	人名	upstream			
えいる	千空えいる	人名	人名	人名	upstream			
あかねたいさ	あかね大佐	人名	人名	人名	upstream			
あかね	あかね大佐	人名	人名	人名	upstream			
まおうちろるにあ	魔王チロルニア	人名	人名	人名	upstream			
ちろるにあ	魔王チロルニア	人名	人名	人名	upstream			
ちろる	魔王チロルニア	人名	人名	人名	upstream			
きょんしーのしぃちゃん	キョンシーのCiちゃん	人名	人名	人名	upstream			
きょんしーのしいちゃん	キョンシーのCiちゃん	人名	人名	人名	upstream			
しぃ	キョンシーのCiちゃん	人名	人名	人名	upstream			
しい	キョンシーのCiちゃん	人名	人名	人名	upstream			
つきやどくど	月宿クド	人名	人名	人名	upstream			
くど	月宿クド	人名	人名	人名	upstream			
ちゃままっち	茶帽瑪緹	人名	人名	人名	upstream			
しぐまの	しぐまの	人名	人名	人名	upstream			
さくらのみやれい	桜ノ宮レイ	人名	人名	人名	upstream			
れい	桜ノ宮レイ	人名	人名	人名	upstream			
おおあえぬる	大饗ぬる	人名	人名	人名	upstream			
ぬる	大饗ぬる	人名	人名	人名	upstream			
しゅんすいれい	春水レイ	人名	人名	人名	upstream			
れい	春水レイ	人名	人名	人名	upstream			
るめる	ルメル	人名	人名	人名	upstream			
ななすけ	ななすけ	人名	人名	人名	upstream			
うのはなしうね	卯ノ花しうね	人名	人名	人名	upstream			
しうね	卯ノ花しうね	人名	人名	人名	upstream			
こんのけんご	紺野賢護	人名	人名	人名	upstream			
けんご	紺野賢護	人名	人名	人名	upstream			
すこーしうごくくま	すこーし動くクマ	人名	人名	人名	upstream			
おぎやみるく	小城夜みるく	人名	人名	人名	upstream			
みるく	小城夜みるく	人名	人名	人名	upstream			
ぺけこ	ペケこ	人名	人名	人名	upstream			
あくあく	アクアク	人名	人名	人名	upstream			
ほしくずぷらね	星屑ぷらね	人名	人名	人名	upstream			
ぷらね	星屑ぷらね	人名	人名	人名	upstream			
ほしみまどか	星見まどか	人名	人名	人名	upstream			
まどか	星見まどか	人名	人名	人名	upstream			
ほえーるふぉーる	鯨諾	人名	人名	人名	upstream			
なかまちあられ	仲町あられ	人名	人名	人名	upstream			
あられ	仲町あられ	人名	人名	人名	upstream			
かれん	角蓮	人名	人名	人名	upstream			
かすていらよりこ	かすていらヨリコ	人名	人名	人名	upstream			
よりこ	かすていらヨリコ	人名	人名	人名	upstream			
ゆうばるあい	遊原あい	人名	人名	人名	upstream			
あい	遊原あい	人名	人名	人名	upstream			
ましろもえ	真白もえ	人名	人名	人名	upstream			
もえ	真白もえ	人名	人名	人名	upstream			
ぜろろぺ	ぜろろぺ	人名	人名	人名	upstream			
ありみえ	ありみえ	人名	人名	人名	upstream			
きりつきりる	霧月リル	人名	人名	人名	upstream			
りる	霧月リル	人名	人名	人名	upstream			
よいち	与一	人名	人名	人名	upstream			
ないみつひつみ	勿蜜ひつみ	人名	人名	人名	upstream			
ひつみ	勿蜜ひつみ	人名	人名	人名	upstream			
ゆうきこるね	ゆうきこるね	人名	人名	人名	upstream			
こるね	ゆうきこるね	人名	人名	人名	upstream			
きらめきいゔ	煌イヴ	人名	人名	人名	upstream			
いゔ	煌イヴ	人名	人名	人名	upstream			
おいよ	おいよ	人名	人名	人名	upstream			
かためのぷでぃんぐ	かためのプディング	人名	人名	人名	upstream			
ぷでぃんぐ	かためのプディング	人名	人名	人名	upstream			
よの	ヨノ	人名	人名	人名	upstream			
ぷーすといちにの	ぷーすと・イチニノ	人名	人名	人名	upstream			
いちにの	ぷーすと・イチニノ	人名	人名	人名	upstream			
ねこつかまいまい	猫派まいまい	人名	人名	人名	upstream			
まいまい	猫派まいまい	人名	人名	人名	upstream			
きつねうどん	輝常うどん	人名	人名	人名	upstream			
うどん	輝常うどん	人名	人名	人名	upstream			
かおすちゃん	かおすちゃん	人名	人名	人名	upstream			
こずやなの	小鳥谷なの	人名	人名	人名	upstream			
なの	小鳥谷なの	人名	人名	人名	upstream			
ですとろいやーあーるろいろ	デストロイヤー・R・ロイロ	人名	人名	人名	upstream			
ろいろ	デストロイヤー・R・ロイロ	人名	人名	人名	upstream			
てんしょういんひめの	天璋院ひめの	人名	人名	人名	upstream			
ひめの	天璋院ひめの	人名	人名	人名	upstream			
はっち	ハッチ	人名	人名	人名	upstream			
くまのべあとりーちぇ	熊乃ベアトリーチェ	人名	人名	人名	upstream			
べあとりーちぇ	熊乃ベアトリーチェ	人名	人名	人名	upstream			
あきかぜりんご	秋風林檎	人名	人名	人名	upstream			
りんご	秋風林檎	人名	人名	人名	upstream			
つきしまごう	月島ごう	人名	人名	人名	upstream			
ごう	月島ごう	人名	人名	人名	upstream			
ひめようせいいちか	姫妖精いちか	人名	人名	人名	upstream			
いちか	姫妖精いちか	人名	人名	人名	upstream			
たなぼたもなか	棚牡丹モナカ	人名	人名	人名	upstream			
もなか	棚牡丹モナカ	人名	人名	人名	upstream			
やくもれん	八雲れん	人名	人名	人名	upstream			
れん	八雲れん	人名	人名	人名	upstream			
ふらっふぃ	芙洛菲	人名	人名	人名	upstream			
つきむられん	月村レン	人名	人名	人名	upstream			
れん	月村レン	人名	人名	人名	upstream			
よきゅあける	宵吸あけル	人名	人名	人名	upstream			
あける	宵吸あけル	人名	人名	人名	upstream			
ほしみやるる	星宮るる	人名	人名	人名	upstream			
るる	星宮るる	人名	人名	人名	upstream			
しーえ	シーエ	人名	人名	人名	upstream			
きゅういよな	九衣よな	人名	人名	人名	upstream			
よな	九衣よな	人名	人名	人名	upstream			
かみしろななせ	神白ななせ	人名	人名	人名	upstream			
ななせ	神白ななせ	人名	人名	人名	upstream			
しおんいゆせ	志音いゆせ	人名	人名	人名	upstream			
いゆせ	志音いゆせ	人名	人名	人名	upstream			
えんゔぃじょん	預見娛樂	人名	人名	人名	upstream			
ゔぃじょん	預見娛樂	人名	人名	人名	upstream			
おわりのむくろ	終末むくろ	人名	人名	人名	upstream			
むくろ	終末むくろ	人名	人名	人名	upstream			
むらさきがわきぬ	紫川金雨	人名	人名	人名	upstream			
きぬ	紫川金雨	人名	人名	人名	upstream			
はなよりよるは	花依よるは	人名	人名	人名	upstream			
よるは	花依よるは	人名	人名	人名	upstream			
ゆめさきひぽぽ	夢咲ひぽぽ	人名	人名	人名	upstream			
ひぽぽ	夢咲ひぽぽ	人名	人名	人名	upstream			
うすいゆら	碓氷ゆら	人名	人名	人名	upstream			
ゆら	碓氷ゆら	人名	人名	人名	upstream			
ゆにあるしあ	ユニ・アルシア	人名	人名	人名	upstream			
ゆに	ユニ・アルシア	人名	人名	人名	upstream			
かみばらあむ	神薔薇あむ	人名	人名	人名	upstream			
あむ	神薔薇あむ	人名	人名	人名	upstream			
だくろむ	ダクロム	人名	人名	人名	upstream			
くまのりんご	くまのりんご	人名	人名	人名	upstream			
りんご	くまのりんご	人名	人名	人名	upstream			
かがみしゅくり	鏡愛しゅくり	人名	人名	人名	upstream			
しゅくり	鏡愛しゅくり	人名	人名	人名	upstream			
しきゅうまこ	四弓まこ	人名	人名	人名	upstream			
まこ	四弓まこ	人名	人名	人名	upstream			
しゃいる	しゃいる	人名	人名	人名	upstream			
あるたいる	アルタ=イル	人名	人名	人名	upstream			
いる	アルタ=イル	人名	人名	人名	upstream			
めいでん	めいでん	人名	人名	人名	upstream			
さくらみぞれ	桜みぞれ	人名	人名	人名	upstream			
みぞれ	桜みぞれ	人名	人名	人名	upstream			
ねこかみ	ねこかみ	人名	人名	人名	upstream			
すでい	すでい	人名	人名	人名	upstream			
さくらねえりか	桜音エリカ	人名	人名	人名	upstream			
えりか	桜音エリカ	人名	人名	人名	upstream			
かみやねこ	神谷ねこ	人名	人名	人名	upstream			
ねこ	神谷ねこ	人名	人名	人名	upstream			
れれ	れれ	人名	人名	人名	upstream			
おるそなー	おるそなー	人名	人名	人名	upstream			
さいきょうなまこくん	最強なまこくん	人名	人名	人名	upstream			
なまこくん	最強なまこくん	人名	人名	人名	upstream			
ねこるんる	ネコるんる	人名	人名	人名	upstream			
りんくろー	りんくろー	人名	人名	人名	upstream			
ときわあいの	時羽あいの	人名	人名	人名	upstream			
あいの	時羽あいの	人名	人名	人名	upstream			
おのののいもこ	おののの妹子	人名	人名	人名	upstream			
いもこ	おののの妹子	人名	人名	人名	upstream			
ゆえしゃんしゃんゆうふぁん	月下香幽芳	人名	人名	人名	upstream			
ゆうふぁん	月下香幽芳	人名	人名	人名	upstream			
ゆのみはなだ	ユノ・ミハナダ	人名	人名	人名	upstream			
ゆの	ユノ・ミハナダ	人名	人名	人名	upstream			
ひいなひな	柊鳴ヒナ	人名	人名	人名	upstream			
ひな	柊鳴ヒナ	人名	人名	人名	upstream			
もえるみみん	萌留みみん	人名	人名	人名	upstream			
みん	萌留みみん	人名	人名	人名	upstream			
みつき	みつき	人名	人名	人名	upstream			
さいやみかん	サイヤみかん	人名	人名	人名	upstream			
みかん	サイヤみかん	人名	人名	人名	upstream			
ふじのくま	藤乃熊	人名	人名	人名	upstream			
くま	藤乃熊	人名	人名	人名	upstream			
こなつあおは	小夏蒼羽	人名	人名	人名	upstream			
はね	小夏蒼羽	人名	人名	人名	upstream			
きじょうある	鬼城ある	人名	人名	人名	upstream			
ある	鬼城ある	人名	人名	人名	upstream			
にごんご	にごんご	人名	人名	人名	upstream			
ぱんのみみみ	パン野実々美	人名	人名	人名	upstream			
みみみ	パン野実々美	人名	人名	人名	upstream			
やなせろと	柳瀬ろと	人名	人名	人名	upstream			
ろと	柳瀬ろと	人名	人名	人名	upstream			
ぽてぃー	ぽてぃー	人名	人名	人名	upstream			
ほしずきるんな	星月ルンナ	人名	人名	人名	upstream			
るんな	星月ルンナ	人名	人名	人名	upstream			
さかくらたむ	酒咋たむ	人名	人名	人名	upstream			
たむ	酒咋たむ	人名	人名	人名	upstream			
しゃらら	蝦拉拉	人名	人名	人名	upstream			
れいやー	蕾兒	人名	人名	人名	upstream			
にじゅな	にじゅな	人名	人名	人名	upstream			
すてらまくだうぇる	ステラ・マクダウェル	人名	人名	人名	upstream			
すてら	ステラ・マクダウェル	人名	人名	人名	upstream			
はちあ	はちあ	人名	人名	人名	upstream			
きゅうけつみるきぃ	吸穴みるきぃ	人名	人名	人名	upstream			
きゅうけつみるきい	吸穴みるきぃ	人名	人名	人名	upstream			
みるきぃ	吸穴みるきぃ	人名	人名	人名	upstream			
みるきい	吸穴みるきぃ	人名	人名	人名	upstream			
おしゅ	おしゅ	人名	人名	人名	upstream			
にゃまくもふわり	若魔雲ふわり	人名	人名	人名	upstream			
ふわり	若魔雲ふわり	人名	人名	人名	upstream			
おずわるどえゔぁーのくす	オズワルドエヴァーノクス	人名	人名	人名	upstream			
おずわるど	オズワルドエヴァーノクス	人名	人名	人名	upstream			
りすずあお	リスズアオ	人名	人名	人名	upstream			
あお	リスズアオ	人名	人名	人名	upstream			
さくらゆの	咲良ゆの	人名	人名	人名	upstream			
ゆの	咲良ゆの	人名	人名	人名	upstream			
うるみや	うるみや	人名	人名	人名	upstream			
かがりやれんま	火狩夜れんま	人名	人名	人名	upstream			
れんま	火狩夜れんま	人名	人名	人名	upstream			
すきやばしれんげ	数寄屋橋れんげ	人名	人名	人名	upstream			
れんげ	数寄屋橋れんげ	人名	人名	人名	upstream			
ぺとるぺとりこーる	ペトル・ペトリコール	人名	人名	人名	upstream			
ぺとる	ペトル・ペトリコール	人名	人名	人名	upstream			
なぐも	ナグモ	人名	人名	人名	upstream			
しのつきるぴ	紫月るぴ	人名	人名	人名	upstream			
るぴ	紫月るぴ	人名	人名	人名	upstream			
きやしきぞんぞん	奇屋敷ゾンゾン	人名	人名	人名	upstream			
ぞんぞん	奇屋敷ゾンゾン	人名	人名	人名	upstream			
おがわなおみ	小川尚未	人名	人名	人名	upstream			
ざしきわらび	座敷わらび	人名	人名	人名	upstream			
わらび	座敷わらび	人名	人名	人名	upstream			
せんごくゆの	千石ユノ	人名	人名	人名	upstream			
ゆの	千石ユノ	人名	人名	人名	upstream			
ようさぎくろね	夜羽咲クロネ	人名	人名	人名	upstream			
くろね	夜羽咲クロネ	人名	人名	人名	upstream			
ゆうざきゆうり	結崎有理	人名	人名	人名	upstream			
ゆうり	結崎有理	人名	人名	人名	upstream			
しらみねりっか	白嶺六花	人名	人名	人名	upstream			
りっか	白嶺六花	人名	人名	人名	upstream			
ゆうなぎよすが	夕凪季縁	人名	人名	人名	upstream			
よすが	夕凪季縁	人名	人名	人名	upstream			
いほうななね	異朋ナナネ	人名	人名	人名	upstream			
ななね	異朋ナナネ	人名	人名	人名	upstream			
もこたんがいんしたお	もこたんがinしたお!	人名	人名	人名	upstream			
もこたん	もこたんがinしたお!	人名	人名	人名	upstream			
きららくらら	雲母くらら	人名	人名	人名	upstream			
くらら	雲母くらら	人名	人名	人名	upstream			
ひずきひの	緋月ひの	人名	人名	人名	upstream			
ひの	緋月ひの	人名	人名	人名	upstream			
しかばねなぬ	詩花羽なぬ	人名	人名	人名	upstream			
なぬ	詩花羽なぬ	人名	人名	人名	upstream			
うさむ	兎寒	人名	人名	人名	upstream			
かずきりゅか	花月リュカ	人名	人名	人名	upstream			
りゅか	花月リュカ	人名	人名	人名	upstream			
まくはりことは	幕張ことは	人名	人名	人名	upstream			
ことは	幕張ことは	人名	人名	人名	upstream			
あめざりひらい	アメザリひらい	人名	人名	人名	upstream			
ひらい	アメザリひらい	人名	人名	人名	upstream			
きおなち	木緒なち	人名	人名	人名	upstream			
なち	木緒なち	人名	人名	人名	upstream			
おとかぎめろ	音鍵めろ	人名	人名	人名	upstream			
めろ	音鍵めろ	人名	人名	人名	upstream			
やまだてゅてゅる	山田テュテュル	人名	人名	人名	upstream			
やまだつつる	山田テュテュル	人名	人名	人名	upstream			
てゅてゅる	山田テュテュル	人名	人名	人名	upstream			
つつる	山田テュテュル	人名	人名	人名	upstream			
みなもはる	水面ハル	人名	人名	人名	upstream			
はる	水面ハル	人名	人名	人名	upstream			
すぴねるくらんゔぁいす	スピネル・クランヴァイス	人名	人名	人名	upstream			
すぴねる	スピネル・クランヴァイス	人名	人名	人名	upstream			
ちぇーんばーんかとう	チェーンバーン加藤	人名	人名	人名	upstream			
かとう	チェーンバーン加藤	人名	人名	人名	upstream			
あけちみつき	明智光月	人名	人名	人名	upstream			
みつき	明智光月	人名	人名	人名	upstream			
まくらやみ	魔暗ヤミ	人名	人名	人名	upstream			
やみ	魔暗ヤミ	人名	人名	人名	upstream			
あまねせかい	普世界	人名	人名	人名	upstream			
せかい	普世界	人名	人名	人名	upstream			
あまつかたま	天使珠	人名	人名	人名	upstream			
たま	天使珠	人名	人名	人名	upstream			
ぴーちゃん	ぴーちゃん	人名	人名	人名	upstream			
ふやろくや	不夜ロクヤ	人名	人名	人名	upstream			
ろくや	不夜ロクヤ	人名	人名	人名	upstream			
はすみさひろ	羽澄さひろ	人名	人名	人名	upstream			
さひろ	羽澄さひろ	人名	人名	人名	upstream			
にゃましろそーだ	若魔白ソーダ	人名	人名	人名	upstream			
そーだ	若魔白ソーダ	人名	人名	人名	upstream			
えん	neG	人名	人名	人名	upstream			
ゆうゆうゆら	幽々ゆら	人名	人名	人名	upstream			
ゆら	幽々ゆら	人名	人名	人名	upstream			
くろさきゆりあ	黒咲ユリア	人名	人名	人名	upstream			
ゆりあ	黒咲ユリア	人名	人名	人名	upstream			
こばやしあいす	小林冰	人名	人名	人名	upstream			
あいす	小林冰	人名	人名	人名	upstream			
もみじびーむ	もみじビーム	人名	人名	人名	upstream			
びーむ	もみじビーム	人名	人名	人名	upstream			
まさきかのん	柾花音	人名	人名	人名	upstream			
かのん	柾花音	人名	人名	人名	upstream			
よるの	ヨルノ	人名	人名	人名	upstream			
かんとりあげは	神取ageha.	人名	人名	人名	upstream			
あげは	神取ageha.	人名	人名	人名	upstream			
ささめゆき	細雪	人名	人名	人名	upstream			
うらないしくれい	占い師クレイ	人名	人名	人名	upstream			
くれい	占い師クレイ	人名	人名	人名	upstream			
みるきー	みるきー	人名	人名	人名	upstream			
こうさかまゆ	香坂まゆ	人名	人名	人名	upstream			
まゆ	香坂まゆ	人名	人名	人名	upstream			
がらすまてこ	硝子磨テコ	人名	人名	人名	upstream			
てこ	硝子磨テコ	人名	人名	人名	upstream			
ほえなきわーぐ	吠鳴ワーグ	人名	人名	人名	upstream			
わーぐ	吠鳴ワーグ	人名	人名	人名	upstream			
げんすけ	源助	人名	人名	人名	upstream			
よむ	詠梦	人名	人名	人名	upstream			
ねこねらむ	猫音らむ	人名	人名	人名	upstream			
らむ	猫音らむ	人名	人名	人名	upstream			
うらさかひくめ	裏坂ひくめ	人名	人名	人名	upstream			
ひくめ	裏坂ひくめ	人名	人名	人名	upstream			
えいごべんきょうにんじゃ	英語勉強忍者	人名	人名	人名	upstream			
わんこわんわん	わんこわんわん	人名	人名	人名	upstream			
ひびきめもりー	響絵想	人名	人名	人名	upstream			
めもりー	響絵想	人名	人名	人名	upstream			
あいさかなるみ	逢坂成美	人名	人名	人名	upstream			
なるみ	逢坂成美	人名	人名	人名	upstream			
ぽっぴーうぉーりー	波比烏哩	人名	人名	人名	upstream			
うぉーりー	波比烏哩	人名	人名	人名	upstream			
こんこんたましぃ	魂〃たましぃ	人名	人名	人名	upstream			
こんこんたましい	魂〃たましぃ	人名	人名	人名	upstream			
たましぃ	魂〃たましぃ	人名	人名	人名	upstream			
たましい	魂〃たましぃ	人名	人名	人名	upstream			
なにものにもなれないちゃん	何者にもなれないちゃん	人名	人名	人名	upstream			
やまだけつまる	山茸つまる	人名	人名	人名	upstream			
つまる	山茸つまる	人名	人名	人名	upstream			
はるがすみみぃな	春霞みぃな	人名	人名	人名	upstream			
はるがすみみいな	春霞みぃな	人名	人名	人名	upstream			
みぃな	春霞みぃな	人名	人名	人名	upstream			
みいな	春霞みぃな	人名	人名	人名	upstream			
たんぽぽちゃん	たんぽぽちゃん	人名	人名	人名	upstream			
こごめあり	こごめ有	人名	人名	人名	upstream			
あり	こごめ有	人名	人名	人名	upstream			
きらやまりん	綺羅山りん	人名	人名	人名	upstream			
りん	綺羅山りん	人名	人名	人名	upstream			
こえ	心咲	人名	人名	人名	upstream			
ぺんぎんぺんいち	筆銀ぺんいち	人名	人名	人名	upstream			
ぺんいち	筆銀ぺんいち	人名	人名	人名	upstream			
さとうまや	佐藤マヤ	人名	人名	人名	upstream			
まや	佐藤マヤ	人名	人名	人名	upstream			
てんじょうひこ	天上被子	人名	人名	人名	upstream			
ひこ	天上被子	人名	人名	人名	upstream			
りゅうぜんにこみ	龍涎にこみ	人名	人名	人名	upstream			
にこみ	龍涎にこみ	人名	人名	人名	upstream			
ごまふろこちゃ	ごまふろこちゃ	人名	人名	人名	upstream			
ろこちゃ	ごまふろこちゃ	人名	人名	人名	upstream			
しずきりん	紫月リン	人名	人名	人名	upstream			
りん	紫月リン	人名	人名	人名	upstream			
べにじゃけ	紅シャケ	人名	人名	人名	upstream			
さきねる	さきねる	人名	人名	人名	upstream			
ごぶりんかかりちょう	ゴブリン係長	人名	人名	人名	upstream			
ごぶりん	ゴブリン係長	人名	人名	人名	upstream			
くなしきりん	久那式リン	人名	人名	人名	upstream			
りん	久那式リン	人名	人名	人名	upstream			
くじらかわりょう	鯨川リョウ	人名	人名	人名	upstream			
りょう	鯨川リョウ	人名	人名	人名	upstream			
ちーしゅからめる	チーシュ・カラメル	人名	人名	人名	upstream			
ちーしゅ	チーシュ・カラメル	人名	人名	人名	upstream			
じょいすて	ジョイステ	人名	人名	人名	upstream			
ももせひばな	百瀬ヒバナ	人名	人名	人名	upstream			
ひばな	百瀬ヒバナ	人名	人名	人名	upstream			
わたぬきべれと	四月一日べレト	人名	人名	人名	upstream			
べれと	四月一日べレト	人名	人名	人名	upstream			
ふわとろたいい	ふわとろ大尉	人名	人名	人名	upstream			
さとうぽて	さとうぽて	人名	人名	人名	upstream			
ぽて	さとうぽて	人名	人名	人名	upstream			
ゆきめるみ	雪芽るみ	人名	人名	人名	upstream			
るみ	雪芽るみ	人名	人名	人名	upstream			
すずりれん	鈴莉れん	人名	人名	人名	upstream			
れん	鈴莉れん	人名	人名	人名	upstream			
かやみなぎ	花夜みなぎ	人名	人名	人名	upstream			
みなぎ	花夜みなぎ	人名	人名	人名	upstream			
きらり	惑莉	人名	人名	人名	upstream			
あも	阿魔	人名	人名	人名	upstream			
うのらび	卯埜らび	人名	人名	人名	upstream			
らび	卯埜らび	人名	人名	人名	upstream			
かんづきあま	神月天	人名	人名	人名	upstream			
あま	神月天	人名	人名	人名	upstream			
ゆきゅ	ゆきゅ	人名	人名	人名	upstream			
さとうかい	佐藤カイ	人名	人名	人名	upstream			
かい	佐藤カイ	人名	人名	人名	upstream			
いぬさとぽてと	犬里ぽてと	人名	人名	人名	upstream			
ぽてと	犬里ぽてと	人名	人名	人名	upstream			
どくしんきぞくりんね	独身貴族リンネ	人名	人名	人名	upstream			
りんね	独身貴族リンネ	人名	人名	人名	upstream			
あとりえしぃえる	あとりえしぃえる	人名	人名	人名	upstream			
しぃえる	あとりえしぃえる	人名	人名	人名	upstream			
しいえる	あとりえしぃえる	人名	人名	人名	upstream			
りあんあにまりあつばき	リアン・アニマリア・椿	人名	人名	人名	upstream			
りあん	リアン・アニマリア・椿	人名	人名	人名	upstream			
きゃとるあまりりす	キャトル・アマリリス	人名	人名	人名	upstream			
きゃとる	キャトル・アマリリス	人名	人名	人名	upstream			
うたはしう	詩羽しう	人名	人名	人名	upstream			
しう	詩羽しう	人名	人名	人名	upstream			
ふゆはらその	冬原その	人名	人名	人名	upstream			
その	冬原その	人名	人名	人名	upstream			
まぐねてぃっくてんねんぷりん	マグネティック天然プリン	人名	人名	人名	upstream			
てんねんぷりん	マグネティック天然プリン	人名	人名	人名	upstream			
まぐてん	マグネティック天然プリン	人名	人名	人名	upstream			
みやのにはり	みやのニハリ	人名	人名	人名	upstream			
にはり	みやのニハリ	人名	人名	人名	upstream			
わかるま	わかるま	人名	人名	人名	upstream			
でんぶくろ	電袋	人名	人名	人名	upstream			
じみん	紫茗	人名	人名	人名	upstream			
ぽるりん	ポルリン	人名	人名	人名	upstream			
うきまる	うきまる	人名	人名	人名	upstream			
ひとり	火取	人名	人名	人名	upstream			
さんもとのぶり	山ン本のぶり	人名	人名	人名	upstream			
のぶり	山ン本のぶり	人名	人名	人名	upstream			
あおかわおそれ	碧川ヲソレ	人名	人名	人名	upstream			
あおかわをそれ	碧川ヲソレ	人名	人名	人名	upstream			
おそれ	碧川ヲソレ	人名	人名	人名	upstream			
をそれ	碧川ヲソレ	人名	人名	人名	upstream			
ちいろにあ	千色にあ	人名	人名	人名	upstream			
にあ	千色にあ	人名	人名	人名	upstream			
ちいろいちる	千色いちる	人名	人名	人名	upstream			
いちる	千色いちる	人名	人名	人名	upstream			
りゅうがはまゅぇ	龍ヶ浜ゅぇ	人名	人名	人名	upstream			
りゅうがはまゆえ	龍ヶ浜ゅぇ	人名	人名	人名	upstream			
ゅぇ	龍ヶ浜ゅぇ	人名	人名	人名	upstream			
ゆえ	龍ヶ浜ゅぇ	人名	人名	人名	upstream			
しらきりあま	白切鴒	人名	人名	人名	upstream			
あま	白切鴒	人名	人名	人名	upstream			
ねじまきくしな	螺巻クシナ	人名	人名	人名	upstream			
くしな	螺巻クシナ	人名	人名	人名	upstream			
おにのこ	オニノコ	人名	人名	人名	upstream			
じんのりこ	神野莉子	人名	人名	人名	upstream			
りこ	神野莉子	人名	人名	人名	upstream			
せいるなてぃあ	聖ルナティア	人名	人名	人名	upstream			
るなてぃあ	聖ルナティア	人名	人名	人名	upstream			
いなもりさくや	稲守サクヤ	人名	人名	人名	upstream			
さくや	稲守サクヤ	人名	人名	人名	upstream			
ほしとりともり	星鳳ともり	人名	人名	人名	upstream			
ともり	星鳳ともり	人名	人名	人名	upstream			
あまずらすもあ	甘葛すもあ	人名	人名	人名	upstream			
すもあ	甘葛すもあ	人名	人名	人名	upstream			
ごうほうばつこちゃん	合法‼バツ子ﾁｬﾝ	人名	人名	人名	upstream			
ばつこちゃん	合法‼バツ子ﾁｬﾝ	人名	人名	人名	upstream			
あべい	阿北	人名	人名	人名	upstream			
あおなぎぱらん	蒼凪ぱらん	人名	人名	人名	upstream			
ぱらん	蒼凪ぱらん	人名	人名	人名	upstream			
あるべいる	あるべいる	人名	人名	人名	upstream			
かいがみすいらん	海神水蘭	人名	人名	人名	upstream			
うぉーりー	海神水蘭	人名	人名	人名	upstream			
かいな	加伊那	人名	人名	人名	upstream			
りりぃしんふぉにあ	リリィ・シンフォニア	人名	人名	人名	upstream			
りりぃ	リリィ・シンフォニア	人名	人名	人名	upstream			
りりい	リリィ・シンフォニア	人名	人名	人名	upstream			
ぴかくろす	ピカクロス	人名	人名	人名	upstream			
あおずみあすか	蒼澄あすか	人名	人名	人名	upstream			
あすか	蒼澄あすか	人名	人名	人名	upstream			
さるとびしあん	猿飛シアン	人名	人名	人名	upstream			
しあん	猿飛シアン	人名	人名	人名	upstream			
あかさたぬ	赤佐たぬ	人名	人名	人名	upstream			
たぬ	赤佐たぬ	人名	人名	人名	upstream			
たんげことえ	丹下琴絵	人名	人名	人名	upstream			
ことえ	丹下琴絵	人名	人名	人名	upstream			
あるとろーじー	アルト・ロージー	人名	人名	人名	upstream			
あると	アルト・ロージー	人名	人名	人名	upstream			
かぜりるあ	風莉ルア	人名	人名	人名	upstream			
るあ	風莉ルア	人名	人名	人名	upstream			
こんのとき	紺乃トキ	人名	人名	人名	upstream			
とき	紺乃トキ	人名	人名	人名	upstream			
あねま	あねま	人名	人名	人名	upstream			
くるのとなり	くるのとなり	人名	人名	人名	upstream			
ひなたのあ	日向希空	人名	人名	人名	upstream			
のあ	日向希空	人名	人名	人名	upstream			
ふじみゆるる	永久不滅ゆるる	人名	人名	人名	upstream			
ゆるる	永久不滅ゆるる	人名	人名	人名	upstream			
みみこいなか	耳恋なか	人名	人名	人名	upstream			
なか	耳恋なか	人名	人名	人名	upstream			
へびおんなちゃん	蛇女ちゃん	人名	人名	人名	upstream			
みあみあ	瀰婭ミア	人名	人名	人名	upstream			
みあ	瀰婭ミア	人名	人名	人名	upstream			
はなざわなこ	華澤なこ	人名	人名	人名	upstream			
なこ	華澤なこ	人名	人名	人名	upstream			
なぅた	なぅた	人名	人名	人名	upstream			
なうた	なぅた	人名	人名	人名	upstream			
はずきるい	彗月るい	人名	人名	人名	upstream			
るい	彗月るい	人名	人名	人名	upstream			
かむいはると	神威榛斗	人名	人名	人名	upstream			
はると	神威榛斗	人名	人名	人名	upstream			
ほしみやしお	星宮汐	人名	人名	人名	upstream			
しお	星宮汐	人名	人名	人名	upstream			
あおみのん	藍海のん	人名	人名	人名	upstream			
のん	藍海のん	人名	人名	人名	upstream			
いたのめりーめう	痛野メリーメウ	人名	人名	人名	upstream			
めりーめう	痛野メリーメウ	人名	人名	人名	upstream			
まどろみいち	微睡いち	人名	人名	人名	upstream			
いち	微睡いち	人名	人名	人名	upstream			
けりる	可莉露	人名	人名	人名	upstream			
しおみわか	汐海ワカ	人名	人名	人名	upstream			
わか	汐海ワカ	人名	人名	人名	upstream			
つきのわのあ	月ノ輪乃愛	人名	人名	人名	upstream			
のあ	月ノ輪乃愛	人名	人名	人名	upstream			
あおとはな	蒼研華	人名	人名	人名	upstream			
はな	蒼研華	人名	人名	人名	upstream			
ほしづきべーる	星月べーる	人名	人名	人名	upstream			
べーる	星月べーる	人名	人名	人名	upstream			
つずらおり	葛籠おり	人名	人名	人名	upstream			
おり	葛籠おり	人名	人名	人名	upstream			
ゆえゆほしぞら	玥語ほしぞら	人名	人名	人名	upstream			
ほしぞら	玥語ほしぞら	人名	人名	人名	upstream			
なっふぃ	なっふぃ	人名	人名	人名	upstream			
こもら	コモラ	人名	人名	人名	upstream			
こりゅうほたね	小竜ほたね	人名	人名	人名	upstream			
ほたね	小竜ほたね	人名	人名	人名	upstream			
あるびのわる	或日のわる	人名	人名	人名	upstream			
のわる	或日のわる	人名	人名	人名	upstream			
ねろうびび	音狼ビビ	人名	人名	人名	upstream			
びび	音狼ビビ	人名	人名	人名	upstream			
ひめみやほのか	姫雅夜花香	人名	人名	人名	upstream			
ほのか	姫雅夜花香	人名	人名	人名	upstream			
あまめりあ	愛魔めりあ	人名	人名	人名	upstream			
めりあ	愛魔めりあ	人名	人名	人名	upstream			
ぺぺろん	ぺぺろん	人名	人名	人名	upstream			
げっぱくるい	月白累	人名	人名	人名	upstream			
るい	月白累	人名	人名	人名	upstream			
とかずあまね	十一空弥	人名	人名	人名	upstream			
あまね	十一空弥	人名	人名	人名	upstream			
みつのじる	蜜乃木ジル	人名	人名	人名	upstream			
じる	蜜乃木ジル	人名	人名	人名	upstream			
あまやつむ	雨夜つむ	人名	人名	人名	upstream			
つむ	雨夜つむ	人名	人名	人名	upstream			
ももるびー	ももルビー	人名	人名	人名	upstream			
るびー	ももルビー	人名	人名	人名	upstream			
よしづきさんぼう	ヨシヅキ参謀	人名	人名	人名	upstream			
よしづき	ヨシヅキ参謀	人名	人名	人名	upstream			
あおいかーめん	アオイカーメン	人名	人名	人名	upstream			
あおい	アオイカーメン	人名	人名	人名	upstream			
びかきんげーむぢゅ	微課金げーむぢゅ	人名	人名	人名	upstream			
たてだだん	館田ダン	人名	人名	人名	upstream			
だん	館田ダン	人名	人名	人名	upstream			
ひそらぎみかげ	日暮水影	人名	人名	人名	upstream			
みかげ	日暮水影	人名	人名	人名	upstream			
おうまゆう	おうまゆう	人名	人名	人名	upstream			
ゆう	おうまゆう	人名	人名	人名	upstream			
しらかわみゆ	白川みゆ	人名	人名	人名	upstream			
みゆ	白川みゆ	人名	人名	人名	upstream			
やごのはなびし	山羊乃花菱	人名	人名	人名	upstream			
はなびし	山羊乃花菱	人名	人名	人名	upstream			
かたやりにあ	かたや・りにあ	人名	人名	人名	upstream			
りにあ	かたや・りにあ	人名	人名	人名	upstream			
あおやまうらは	青山裏葉	人名	人名	人名	upstream			
うらは	青山裏葉	人名	人名	人名	upstream			
あおぞらはんも	青空はんも	人名	人名	人名	upstream			
はんも	青空はんも	人名	人名	人名	upstream			
あまぐまにるる	甘熊にるる	人名	人名	人名	upstream			
にるる	甘熊にるる	人名	人名	人名	upstream			
わんにゃーどる	わんにゃードル	人名	人名	人名	upstream			
あまやどりなげき	天宿なげき	人名	人名	人名	upstream			
なげき	天宿なげき	人名	人名	人名	upstream			
さわ	沙羽	人名	人名	人名	upstream			
たくみけい	巧兄	人名	人名	人名	upstream			
けい	巧兄	人名	人名	人名	upstream			
りゅうせー	りゅうせー	人名	人名	人名	upstream			
たかむらしゅり	篁朱莉	人名	人名	人名	upstream			
しゅり	篁朱莉	人名	人名	人名	upstream			
すずきしょうへい	鈴木翔平	人名	人名	人名	upstream			
しょうへい	鈴木翔平	人名	人名	人名	upstream			
はがまちつまみ	羽ヶ町つまみ	人名	人名	人名	upstream			
つまみ	羽ヶ町つまみ	人名	人名	人名	upstream			
ねこのきゃら	猫野伽羅	人名	人名	人名	upstream			
きゃら	猫野伽羅	人名	人名	人名	upstream			
こいとあむの	小愛あむの	人名	人名	人名	upstream			
あむの	小愛あむの	人名	人名	人名	upstream			
くべり	くべり	人名	人名	人名	upstream			
みねつきりつ	峰月律	人名	人名	人名	upstream			
りつ	峰月律	人名	人名	人名	upstream			
るちあらえてぃてぃあ	ルチア・ラエティティア	人名	人名	人名	upstream			
るちあ	ルチア・ラエティティア	人名	人名	人名	upstream			
あおのゆうき	アオノユウキ	人名	人名	人名	upstream			
ゆうき	アオノユウキ	人名	人名	人名	upstream			
ももちはる	百地波瑠	人名	人名	人名	upstream			
はる	百地波瑠	人名	人名	人名	upstream			
ゆに	ユニ	人名	人名	人名	upstream			
まかふしぎ	魔花ふしぎ	人名	人名	人名	upstream			
ふしぎ	魔花ふしぎ	人名	人名	人名	upstream			
いずほおみ	出穂おみ	人名	人名	人名	upstream			
おみ	出穂おみ	人名	人名	人名	upstream			
あまおとうたた	雨音うたた	人名	人名	人名	upstream			
うたた	雨音うたた	人名	人名	人名	upstream			
めいどがはらさらさ	冥途ヶ原さらさ	人名	人名	人名	upstream			
さらさ	冥途ヶ原さらさ	人名	人名	人名	upstream			
えまにこり	笑門にこり	人名	人名	人名	upstream			
にこり	笑門にこり	人名	人名	人名	upstream			
りぃあびすこってぃ	リィア・ビスコッティ	人名	人名	人名	upstream			
りぃあ	リィア・ビスコッティ	人名	人名	人名	upstream			
みやながののか	宮永ののか	人名	人名	人名	upstream			
ののか	宮永ののか	人名	人名	人名	upstream			
そうだこすも	爽田こすも	人名	人名	人名	upstream			
こすも	爽田こすも	人名	人名	人名	upstream			
しろやれいと	白夜零兎	人名	人名	人名	upstream			
れいと	白夜零兎	人名	人名	人名	upstream			
あおのすぴのさうるす	青之スピノサウルス	人名	人名	人名	upstream			
すぴのさうるす	青之スピノサウルス	人名	人名	人名	upstream			
こだかなだれ	琥貴なだれ	人名	人名	人名	upstream			
なだれ	琥貴なだれ	人名	人名	人名	upstream			
きゃぷ	きゃぷ	人名	人名	人名	upstream			
あまねみな	甘姉ミナ	人名	人名	人名	upstream			
みな	甘姉ミナ	人名	人名	人名	upstream			
いおきののしる	五百鬼ノノシル	人名	人名	人名	upstream			
ののしる	五百鬼ノノシル	人名	人名	人名	upstream			
かんなちゃろ	かんなちゃろ	人名	人名	人名	upstream			
ちゃろ	かんなちゃろ	人名	人名	人名	upstream			
ひいらぎしきみ	柊しきみ	人名	人名	人名	upstream			
しきみ	柊しきみ	人名	人名	人名	upstream			
たんばりん	丹花リン	人名	人名	人名	upstream			
りん	丹花リン	人名	人名	人名	upstream			
あかつきほたる	暁月ホタル	人名	人名	人名	upstream			
ほたる	暁月ホタル	人名	人名	人名	upstream			
くろふくやんぞ	黒服やんぞ	人名	人名	人名	upstream			
やんぞ	黒服やんぞ	人名	人名	人名	upstream			
すずみしろ	すずみしろ	人名	人名	人名	upstream			
しろ	すずみしろ	人名	人名	人名	upstream			
あかねつきしっぽ	茜月しっぽ	人名	人名	人名	upstream			
しっぽ	茜月しっぽ	人名	人名	人名	upstream			
まらくりさりす	マラクリサリス	人名	人名	人名	upstream			
まら	マラクリサリス	人名	人名	人名	upstream			
ありすがわいおり	有栖川いをり	人名	人名	人名	upstream			
ありすがわいをり	有栖川いをり	人名	人名	人名	upstream			
いおり	有栖川いをり	人名	人名	人名	upstream			
いをり	有栖川いをり	人名	人名	人名	upstream			
べるふぁ	ベルファ	人名	人名	人名	upstream			
はお	羽緒	人名	人名	人名	upstream			
みすたーだいなそー	みすたーだいなそー	人名	人名	人名	upstream			
だいなそー	みすたーだいなそー	人名	人名	人名	upstream			
かげのぞう	影野ゾウ	人名	人名	人名	upstream			
ぞう	影野ゾウ	人名	人名	人名	upstream			
とがみてとら	咎神テトラ	人名	人名	人名	upstream			
てとら	咎神テトラ	人名	人名	人名	upstream			
かみたばねるこ	紙束ねるこ	人名	人名	人名	upstream			
ねるこ	紙束ねるこ	人名	人名	人名	upstream			
ばーちゃるあかおに	バーチャルあかおに	人名	人名	人名	upstream			
あかおに	バーチャルあかおに	人名	人名	人名	upstream			
ぱんだてんちょう	パンダ店長	人名	人名	人名	upstream			
ばいとささだ	バイト笹田	人名	人名	人名	upstream			
ささだ	バイト笹田	人名	人名	人名	upstream			
あまなりじゅい	甘成じゅい	人名	人名	人名	upstream			
じゅい	甘成じゅい	人名	人名	人名	upstream			
てるてるぼうず	てるてるぼうず	人名	人名	人名	upstream			
ひなりよ	樋凪理世	人名	人名	人名	upstream			
りよ	樋凪理世	人名	人名	人名	upstream			
せをはやみ	セヲハヤミ	人名	人名	人名	upstream			
はやみ	セヲハヤミ	人名	人名	人名	upstream			
しなん	至難	人名	人名	人名	upstream			
うちえらいよな	内江良いよな	人名	人名	人名	upstream			
いよな	内江良いよな	人名	人名	人名	upstream			
あんじょうやりあ	安条屋りあ	人名	人名	人名	upstream			
りあ	安条屋りあ	人名	人名	人名	upstream			
あませもも	天瀬モモ	人名	人名	人名	upstream			
もも	天瀬モモ	人名	人名	人名	upstream			
かみゆえおでん	神故おでん	人名	人名	人名	upstream			
おでん	神故おでん	人名	人名	人名	upstream			
むらさきとうべえ	紫籐兵衛	人名	人名	人名	upstream			
とうべえ	紫籐兵衛	人名	人名	人名	upstream			
おんだれいお	恩田玲生	人名	人名	人名	upstream			
れいお	恩田玲生	人名	人名	人名	upstream			
あわばみはわこ	泡喰はわこ	人名	人名	人名	upstream			
はわこ	泡喰はわこ	人名	人名	人名	upstream			
てんまゆづき	天魔ゆづき	人名	人名	人名	upstream			
ゆづき	天魔ゆづき	人名	人名	人名	upstream			
ふじさきうさ	藤咲ウサ	人名	人名	人名	upstream			
うさ	藤咲ウサ	人名	人名	人名	upstream			
うさふじさき	兎藤サキ	人名	人名	人名	upstream			
さき	兎藤サキ	人名	人名	人名	upstream			
いもやまくりこ	芋山くりこ	人名	人名	人名	upstream			
くりこ	芋山くりこ	人名	人名	人名	upstream			
くぐつまき	傀儡まき	人名	人名	人名	upstream			
まき	傀儡まき	人名	人名	人名	upstream			
のうがみはじめ	農上元	人名	人名	人名	upstream			
はじめ	農上元	人名	人名	人名	upstream			
わここわこ	輪子湖わこ	人名	人名	人名	upstream			
わこ	輪子湖わこ	人名	人名	人名	upstream			
しゃしゃみに	小小ミニ	人名	人名	人名	upstream			
みに	小小ミニ	人名	人名	人名	upstream			
いおりぼん	衣織梵	人名	人名	人名	upstream			
ぼん	衣織梵	人名	人名	人名	upstream			
あけましておめでとうざむらい	あけましておめでとう侍	人名	人名	人名	upstream			
あけおめざむらい	あけましておめでとう侍	人名	人名	人名	upstream			
すみかわかど	隅川かど	人名	人名	人名	upstream			
かど	隅川かど	人名	人名	人名	upstream			
いろはすずり	彩華すゞり	人名	人名	人名	upstream			
すずり	彩華すゞり	人名	人名	人名	upstream			
ななおさくや	七狼さくや	人名	人名	人名	upstream			
さくや	七狼さくや	人名	人名	人名	upstream			
あひるなっつ	あひるナッツ	人名	人名	人名	upstream			
なっつ	あひるナッツ	人名	人名	人名	upstream			
おとなりもか	音成モカ	人名	人名	人名	upstream			
もか	音成モカ	人名	人名	人名	upstream			
ずましぃ	ずましぃ	人名	人名	人名	upstream			
ねこねみる	猫音みる	人名	人名	人名	upstream			
みる	猫音みる	人名	人名	人名	upstream			
いのりきりか	いのりきりか	人名	人名	人名	upstream			
きりか	いのりきりか	人名	人名	人名	upstream			
ひなななの	ひなななの	人名	人名	人名	upstream			
なの	ひなななの	人名	人名	人名	upstream			
つむぎめい	月紡めい	人名	人名	人名	upstream			
めい	月紡めい	人名	人名	人名	upstream			
めめもりあん	芽々守あん	人名	人名	人名	upstream			
あん	芽々守あん	人名	人名	人名	upstream			
ほしわたりゆまる	星渡ゆまる	人名	人名	人名	upstream			
ゆまる	星渡ゆまる	人名	人名	人名	upstream			
さくらおりこ	佐倉おりこ	人名	人名	人名	upstream			
おりこ	佐倉おりこ	人名	人名	人名	upstream			
ふじみやこ	藤都子	人名	人名	人名	upstream			
みやこ	藤都子	人名	人名	人名	upstream			
ざんか	惨華	人名	人名	人名	upstream			
みなみふう	南海ふう	人名	人名	人名	upstream			
ふう	南海ふう	人名	人名	人名	upstream			
らんきんぐきゃっと	ランキングキャット	人名	人名	人名	upstream			
ざざざうる	ざざ・ざうる	人名	人名	人名	upstream			
ざうる	ざざ・ざうる	人名	人名	人名	upstream			
ねこたろう	ネコ太郎	人名	人名	人名	upstream			
かぐらまい	神楽まい	人名	人名	人名	upstream			
まい	神楽まい	人名	人名	人名	upstream			
ぐれんばつまる	紅蓮罰まる	人名	人名	人名	upstream			
まる	紅蓮罰まる	人名	人名	人名	upstream			
しらかみめいと	白神芽音	人名	人名	人名	upstream			
めいと	白神芽音	人名	人名	人名	upstream			
くろさきるしあ	黒咲ルシア	人名	人名	人名	upstream			
るしあ	黒咲ルシア	人名	人名	人名	upstream			
はるせまっちゃ	春瀬抹茶	人名	人名	人名	upstream			
まっちゃ	春瀬抹茶	人名	人名	人名	upstream			
はるかぜのふぃる	はるかぜのフィル	人名	人名	人名	upstream			
はるふぃる	はるかぜのフィル	人名	人名	人名	upstream			
ふぃる	はるかぜのフィル	人名	人名	人名	upstream			
みとめえるさ	三留エルサ	人名	人名	人名	upstream			
えるさ	三留エルサ	人名	人名	人名	upstream			
みはこたるた	翠匣タルタ	人名	人名	人名	upstream			
たるた	翠匣タルタ	人名	人名	人名	upstream			
いぬのはる	犬野はる	人名	人名	人名	upstream			
はる	犬野はる	人名	人名	人名	upstream			
ますみせんの	真澄せんの	人名	人名	人名	upstream			
せんの	真澄せんの	人名	人名	人名	upstream			
おしつかみゅな	推使みゅな	人名	人名	人名	upstream			
みゅな	推使みゅな	人名	人名	人名	upstream			
うわん	ウワン	人名	人名	人名	upstream			
ねこのおと	ねこのおと	人名	人名	人名	upstream			
おと	ねこのおと	人名	人名	人名	upstream			
はなもえぎすいは	花萌葱スイハ	人名	人名	人名	upstream			
すいは	花萌葱スイハ	人名	人名	人名	upstream			
きらぼしふわり	綺羅星ふわり	人名	人名	人名	upstream			
ふわり	綺羅星ふわり	人名	人名	人名	upstream			
あかいぬまっち	赤戌マッチ	人名	人名	人名	upstream			
まっち	赤戌マッチ	人名	人名	人名	upstream			
ぽにょい	ぽにょい	人名	人名	人名	upstream			
ほうしょうえれなざんぐれ	鳳翔・エレナ・ザングレ	人名	人名	人名	upstream			
ほうしょう	鳳翔・エレナ・ザングレ	人名	人名	人名	upstream			
わざわざわ	和澤ざわ	人名	人名	人名	upstream			
ざわ	和澤ざわ	人名	人名	人名	upstream			
わすれなうた	勿忘うた	人名	人名	人名	upstream			
うた	勿忘うた	人名	人名	人名	upstream			
かなででで	かなででで	人名	人名	人名	upstream			
でで	かなででで	人名	人名	人名	upstream			
ねう	寧雨	人名	人名	人名	upstream			
こまごめとおる	駒米トオル	人名	人名	人名	upstream			
とおる	駒米トオル	人名	人名	人名	upstream			
こせっと	珂賽特	人名	人名	人名	upstream			
ふくもとさや	福本さや	人名	人名	人名	upstream			
さや	福本さや	人名	人名	人名	upstream			
れくしお	凌潮	人名	人名	人名	upstream			
しゃおま	小舞	人名	人名	人名	upstream			
ねこちゃんです	ねこちゃんです	人名	人名	人名	upstream			
わかむらさきまい	若紫まい	人名	人名	人名	upstream			
まい	若紫まい	人名	人名	人名	upstream			
みりみらー	ミリ･ミラー	人名	人名	人名	upstream			
みり	ミリ･ミラー	人名	人名	人名	upstream			
ももがこよい	百々牙こよい	人名	人名	人名	upstream			
こよい	百々牙こよい	人名	人名	人名	upstream			
みくるみりこ	未来美りこ	人名	人名	人名	upstream			
りこ	未来美りこ	人名	人名	人名	upstream			
じちょうしのあ	慈鳥しのあ	人名	人名	人名	upstream			
しのあ	慈鳥しのあ	人名	人名	人名	upstream			
つきなしめとあ	月无メトア	人名	人名	人名	upstream			
めとあ	月无メトア	人名	人名	人名	upstream			
くがつゆね	玖珂ツユネ	人名	人名	人名	upstream			
つゆね	玖珂ツユネ	人名	人名	人名	upstream			
みかげつき	御景ツキ	人名	人名	人名	upstream			
つき	御景ツキ	人名	人名	人名	upstream			
うるしまる	漆丸	人名	人名	人名	upstream			
やしろみあ	夜城ミア	人名	人名	人名	upstream			
みあ	夜城ミア	人名	人名	人名	upstream			
おいもりうに	狼森うに	人名	人名	人名	upstream			
うに	狼森うに	人名	人名	人名	upstream			
ろくりしゃお	緑李しゃお	人名	人名	人名	upstream			
しゃお	緑李しゃお	人名	人名	人名	upstream			
ましろるちか	真白るちか	人名	人名	人名	upstream			
るちか	真白るちか	人名	人名	人名	upstream			
ねずみやくりた	鼠屋栗太	人名	人名	人名	upstream			
くりた	鼠屋栗太	人名	人名	人名	upstream			
ねこやまだこばん	猫山田コバン	人名	人名	人名	upstream			
こばん	猫山田コバン	人名	人名	人名	upstream			
すきにしろ	透にしろ	人名	人名	人名	upstream			
にしろ	透にしろ	人名	人名	人名	upstream			
ひもりつづ	紐守つづ	人名	人名	人名	upstream			
つづ	紐守つづ	人名	人名	人名	upstream			
ろくめいりあ	鹿鳴りあ	人名	人名	人名	upstream			
りあ	鹿鳴りあ	人名	人名	人名	upstream			
きらななせ	輝七瀬	人名	人名	人名	upstream			
ななせ	輝七瀬	人名	人名	人名	upstream			
ほしつぐいゔ	星継いゔ	人名	人名	人名	upstream			
いゔ	星継いゔ	人名	人名	人名	upstream			
ちゃちゃばるちゃる	茶々陽ちゃる	人名	人名	人名	upstream			
ちゃる	茶々陽ちゃる	人名	人名	人名	upstream			
ほねぶちふぁんぐ	骨淵ファング	人名	人名	人名	upstream			
ふぁんぐ	骨淵ファング	人名	人名	人名	upstream			
ふじさなえ	富士さなえ	人名	人名	人名	upstream			
さなえ	富士さなえ	人名	人名	人名	upstream			
ゆえんなぎ	悠遠ナギ	人名	人名	人名	upstream			
なぎ	悠遠ナギ	人名	人名	人名	upstream			
かんざきりりか	神咲リリカ	人名	人名	人名	upstream			
りりか	神咲リリカ	人名	人名	人名	upstream			
てんきゅうざくろ	天泣ざくろ	人名	人名	人名	upstream			
ざくろ	天泣ざくろ	人名	人名	人名	upstream			
はかせゆう	博士ゆう	人名	人名	人名	upstream			
ゆう	博士ゆう	人名	人名	人名	upstream			
なつかわひのり	夏河ひのり	人名	人名	人名	upstream			
ひのり	夏河ひのり	人名	人名	人名	upstream			
しのんゆむ	紫音ゆむ	人名	人名	人名	upstream			
ゆむ	紫音ゆむ	人名	人名	人名	upstream			
うしだちぎゅ	牛田ちぎゅ	人名	人名	人名	upstream			
ちぎゅ	牛田ちぎゅ	人名	人名	人名	upstream			
ほうちょうちょえり	宝蝶々えり	人名	人名	人名	upstream			
えり	宝蝶々えり	人名	人名	人名	upstream			
こねこみう	氷猫みう	人名	人名	人名	upstream			
みう	氷猫みう	人名	人名	人名	upstream			
ちゅうどくへら	中毒へら	人名	人名	人名	upstream			
へら	中毒へら	人名	人名	人名	upstream			
せいさいらいむ	星彩らいむ☆	人名	人名	人名	upstream			
らいむ	星彩らいむ☆	人名	人名	人名	upstream			
とどろきゆいと	轟ゆいと	人名	人名	人名	upstream			
ゆいと	轟ゆいと	人名	人名	人名	upstream			
みやぎなぎ	宮城凪	人名	人名	人名	upstream			
なぎ	宮城凪	人名	人名	人名	upstream			
こぞらくお	狐宙くお	人名	人名	人名	upstream			
くお	狐宙くお	人名	人名	人名	upstream			
きさら	稀紗蘿	人名	人名	人名	upstream			
かふねるき	花舟ルキ	人名	人名	人名	upstream			
るき	花舟ルキ	人名	人名	人名	upstream			
あまなつみかん	甘夏みかん	人名	人名	人名	upstream			
みかん	甘夏みかん	人名	人名	人名	upstream			
いなずましぃ	稲妻しぃ	人名	人名	人名	upstream			
いなずましい	稲妻しぃ	人名	人名	人名	upstream			
しぃ	稲妻しぃ	人名	人名	人名	upstream			
しい	稲妻しぃ	人名	人名	人名	upstream			
いとしいこい	糸詩いこい	人名	人名	人名	upstream			
いこい	糸詩いこい	人名	人名	人名	upstream			
わすれなりい	勿忘リイ	人名	人名	人名	upstream			
りい	勿忘リイ	人名	人名	人名	upstream			
ときはしう	時羽しう	人名	人名	人名	upstream			
しう	時羽しう	人名	人名	人名	upstream			
おもちたむ	王猛ちたむ	人名	人名	人名	upstream			
ちたむ	王猛ちたむ	人名	人名	人名	upstream			
こちょうつくも	胡蝶つくも	人名	人名	人名	upstream			
つくも	胡蝶つくも	人名	人名	人名	upstream			
ひのゆに	緋乃ゆに	人名	人名	人名	upstream			
ゆに	緋乃ゆに	人名	人名	人名	upstream			
ふたばいよ	双葉いよ	人名	人名	人名	upstream			
いよ	双葉いよ	人名	人名	人名	upstream			
きりしまはるき	霧島遥希	人名	人名	人名	upstream			
はるき	霧島遥希	人名	人名	人名	upstream			
いわいせんじゅ	祝千寿	人名	人名	人名	upstream			
せんじゅ	祝千寿	人名	人名	人名	upstream			
にゃまかげねおん	若魔影ネオン	人名	人名	人名	upstream			
ねおん	若魔影ネオン	人名	人名	人名	upstream			
ひのぴよの	陽乃ぴよの	人名	人名	人名	upstream			
ぴよの	陽乃ぴよの	人名	人名	人名	upstream			
ゆうきるちる	結奇ルチル	人名	人名	人名	upstream			
るちる	結奇ルチル	人名	人名	人名	upstream			
おとなりれな	御隣れな	人名	人名	人名	upstream			
れな	御隣れな	人名	人名	人名	upstream			
あさかえにゃ	朝神えにゃ	人名	人名	人名	upstream			
えにゃ	朝神えにゃ	人名	人名	人名	upstream			
ゆゆのせゆゆせ	癒々ノ声ゆゆせ	人名	人名	人名	upstream			
ゆゆせ	癒々ノ声ゆゆせ	人名	人名	人名	upstream			
つつみぱお	包味ぱお	人名	人名	人名	upstream			
ぱお	包味ぱお	人名	人名	人名	upstream			
ありすがわもも	有栖川モモ	人名	人名	人名	upstream			
もも	有栖川モモ	人名	人名	人名	upstream			
きたのきわみ	北野極	人名	人名	人名	upstream			
きわみ	北野極	人名	人名	人名	upstream			
せんりょうじりあ	千両路りあ	人名	人名	人名	upstream			
りあ	千両路りあ	人名	人名	人名	upstream			
はくろうるふ	白狼ルフ	人名	人名	人名	upstream			
るふ	白狼ルフ	人名	人名	人名	upstream			
かんざきめいさ	神崎メイサ	人名	人名	人名	upstream			
めいさ	神崎メイサ	人名	人名	人名	upstream			
ほうおうれいな	鳳凰レイナ	人名	人名	人名	upstream			
れいな	鳳凰レイナ	人名	人名	人名	upstream			
あららぎつつみ	蘭つつみ	人名	人名	人名	upstream			
つつみ	蘭つつみ	人名	人名	人名	upstream			
こめおおか	米多花	人名	人名	人名	upstream			
おおか	米多花	人名	人名	人名	upstream			
こはくがお	虎珀ガオ	人名	人名	人名	upstream			
がお	虎珀ガオ	人名	人名	人名	upstream			
まごもりまごも	孫守まごも	人名	人名	人名	upstream			
まごも	孫守まごも	人名	人名	人名	upstream			
おおとりひらり	鳳蝶	人名	人名	人名	upstream			
ひらり	鳳蝶	人名	人名	人名	upstream			
いすみるはね	泉巫るはね	人名	人名	人名	upstream			
るはね	泉巫るはね	人名	人名	人名	upstream			
せいもんてんさく	青門天雀	人名	人名	人名	upstream			
さく	青門天雀	人名	人名	人名	upstream			
しらのべのわ	白述ノワ	人名	人名	人名	upstream			
のわ	白述ノワ	人名	人名	人名	upstream			
あぐろ	悪喰	人名	人名	人名	upstream			
いぬぶし	血滴	人名	人名	人名	upstream			
さく	サク	人名	人名	人名	upstream			
わたはなあめ	棉花あめ	人名	人名	人名	upstream			
あめ	棉花あめ	人名	人名	人名	upstream			
ほしぞのゆい	星園ゆい	人名	人名	人名	upstream			
ゆい	星園ゆい	人名	人名	人名	upstream			
つきのすてら	月乃すてら	人名	人名	人名	upstream			
すてら	月乃すてら	人名	人名	人名	upstream			
さかもとこん	坂本こん	人名	人名	人名	upstream			
こん	坂本こん	人名	人名	人名	upstream			
えんじゅひよ	園壽ひよ	人名	人名	人名	upstream			
ひよ	園壽ひよ	人名	人名	人名	upstream			
しのざきしゃのん	篠崎シャノン	人名	人名	人名	upstream			
しゃのん	篠崎シャノン	人名	人名	人名	upstream			
いまりなつみ	伊鞠七ツ海	人名	人名	人名	upstream			
なつみ	伊鞠七ツ海	人名	人名	人名	upstream			
わんないわく	湾内わく	人名	人名	人名	upstream			
わく	湾内わく	人名	人名	人名	upstream			
かみつきいお	狼月イオ	人名	人名	人名	upstream			
いお	狼月イオ	人名	人名	人名	upstream			
にゃんおうまお	猫王まお	人名	人名	人名	upstream			
まお	猫王まお	人名	人名	人名	upstream			
えらいあまえ	偉雷アマエ	人名	人名	人名	upstream			
あまえ	偉雷アマエ	人名	人名	人名	upstream			
みきりおん	御霧音	人名	人名	人名	upstream			
しろな	城那	人名	人名	人名	upstream			
あまみやろめ	甘宮ろめ	人名	人名	人名	upstream			
ろめ	甘宮ろめ	人名	人名	人名	upstream			
あまえるちぃ	天Lちぃ	人名	人名	人名	upstream			
あまえるちい	天Lちぃ	人名	人名	人名	upstream			
ちぃ	天Lちぃ	人名	人名	人名	upstream			
ちい	天Lちぃ	人名	人名	人名	upstream			
あかつきほのか	暁星乃花	人名	人名	人名	upstream			
ほのか	暁星乃花	人名	人名	人名	upstream			
おうかみがない	王神ガナイ	人名	人名	人名	upstream			
がない	王神ガナイ	人名	人名	人名	upstream			
ほのめのほ	火売のほ	人名	人名	人名	upstream			
のほ	火売のほ	人名	人名	人名	upstream			
ひいらぎえる	柊エル	人名	人名	人名	upstream			
える	柊エル	人名	人名	人名	upstream			
ねこみやぽむ	音子宮ぽむ	人名	人名	人名	upstream			
ぽむ	音子宮ぽむ	人名	人名	人名	upstream			
あかのしおり	赤野栞	人名	人名	人名	upstream			
あかのしおり	赤野詩織	人名	人名	人名	upstream			
しおり	赤野詩織	人名	人名	人名	upstream			
あかつききのこ	暁きのこ	人名	人名	人名	upstream			
きのこ	暁きのこ	人名	人名	人名	upstream			
はねしろなぎ	羽白凪	人名	人名	人名	upstream			
なぎ	羽白凪	人名	人名	人名	upstream			
みわおん	神々オン	人名	人名	人名	upstream			
おん	神々オン	人名	人名	人名	upstream			
しらほしみづき	白星みづき	人名	人名	人名	upstream			
みづき	白星みづき	人名	人名	人名	upstream			
ゆなみといろ	憂涙といろ	人名	人名	人名	upstream			
といろ	憂涙といろ	人名	人名	人名	upstream			
いろねこりか	色猫リカ	人名	人名	人名	upstream			
りか	色猫リカ	人名	人名	人名	upstream			
はじかみえれめ	椒エレメ	人名	人名	人名	upstream			
えれめ	椒エレメ	人名	人名	人名	upstream			
はいどんてんごん	灰曇天ごん	人名	人名	人名	upstream			
ごん	灰曇天ごん	人名	人名	人名	upstream			
かざなみはやて	風波ハヤテ	人名	人名	人名	upstream			
はやて	風波ハヤテ	人名	人名	人名	upstream			
ほうしょうりお	宝生理央	人名	人名	人名	upstream			
りえ	宝生理央	人名	人名	人名	upstream			
くろばろくさーな	黒羽ロクサーナ	人名	人名	人名	upstream			
ろくさーな	黒羽ロクサーナ	人名	人名	人名	upstream			
つきみとく	月海とく	人名	人名	人名	upstream			
とく	月海とく	人名	人名	人名	upstream			
とんでぴょこら	飛出ぴょこら	人名	人名	人名	upstream			
ぴょこら	飛出ぴょこら	人名	人名	人名	upstream			
こがねねおん	虎鐘ねおん	人名	人名	人名	upstream			
ねおん	虎鐘ねおん	人名	人名	人名	upstream			
くろさきゆみ	黒崎ゆみ	人名	人名	人名	upstream			
ゆみ	黒崎ゆみ	人名	人名	人名	upstream			
うつしよみれん	現世ミレン	人名	人名	人名	upstream			
みれん	現世ミレン	人名	人名	人名	upstream			
ととれい	都兔零	人名	人名	人名	upstream			
あまうさるな	甘兎るな	人名	人名	人名	upstream			
るな	甘兎るな	人名	人名	人名	upstream			
しじょうやえか	四條八重華	人名	人名	人名	upstream			
やえか	四條八重華	人名	人名	人名	upstream			
こいろちか	恋色知花	人名	人名	人名	upstream			
ちか	恋色知花	人名	人名	人名	upstream			
がろがろり	ガロガロリ	人名	人名	人名	upstream			
しらゆきぽむ	白雪ぽむ	人名	人名	人名	upstream			
ぽむ	白雪ぽむ	人名	人名	人名	upstream			
ますみりち	真澄りち	人名	人名	人名	upstream			
りち	真澄りち	人名	人名	人名	upstream			
えびはらいずみ	海老原いずみ	人名	人名	人名	upstream			
いずみ	海老原いずみ	人名	人名	人名	upstream			
さきうらべる	咲麗ベル	人名	人名	人名	upstream			
べる	咲麗ベル	人名	人名	人名	upstream			
つゆりつゆ	栗花落ツユ	人名	人名	人名	upstream			
さなだゆきは	真田幸葉	人名	人名	人名	upstream			
ゆきは	真田幸葉	人名	人名	人名	upstream			
すずのみやりん	鈴ノ宮凛	人名	人名	人名	upstream			
りん	鈴ノ宮凛	人名	人名	人名	upstream			
はなえみもも	華笑もも	人名	人名	人名	upstream			
もも	華笑もも	人名	人名	人名	upstream			
すいぼしあすと	翠星アスト	人名	人名	人名	upstream			
あすと	翠星アスト	人名	人名	人名	upstream			
じゃこうちまき	麝香ちまき	人名	人名	人名	upstream			
ちまき	麝香ちまき	人名	人名	人名	upstream			
ななせひかげ	奈々瀬ひかげ	人名	人名	人名	upstream			
ひかげ	奈々瀬ひかげ	人名	人名	人名	upstream			
ましろゆう	真白優	人名	人名	人名	upstream			
ゆう	真白優	人名	人名	人名	upstream			
くれはやうるく	榑颯うるく	人名	人名	人名	upstream			
うるく	榑颯うるく	人名	人名	人名	upstream			
えざきゆぺ	笑咲ゆぺ	人名	人名	人名	upstream			
ゆぺ	笑咲ゆぺ	人名	人名	人名	upstream			
ゆばみらせつ	遊喰らせつ	人名	人名	人名	upstream			
せつ	遊喰らせつ	人名	人名	人名	upstream			
まひるゆめ	真昼ゆめ	人名	人名	人名	upstream			
ゆめ	真昼ゆめ	人名	人名	人名	upstream			
そとがいいぬぬ	外飼イヌヌ	人名	人名	人名	upstream			
いぬぬ	外飼イヌヌ	人名	人名	人名	upstream			
せつなめい	刹那瞑	人名	人名	人名	upstream			
めい	刹那瞑	人名	人名	人名	upstream			
しろましき	白魔シキ	人名	人名	人名	upstream			
しき	白魔シキ	人名	人名	人名	upstream			
あまゆくあ	天癒くあ	人名	人名	人名	upstream			
くあ	天癒くあ	人名	人名	人名	upstream			
めいでんめうる	猫電めうる	人名	人名	人名	upstream			
めうる	猫電めうる	人名	人名	人名	upstream			
あみりあ	艾美麗	人名	人名	人名	upstream			
めじぇどさま	メヂェド様	人名	人名	人名	upstream			
めぢぇどさま	メヂェド様	人名	人名	人名	upstream			
あおまひすみ	青馬ひすみ	人名	人名	人名	upstream			
ひすみ	青馬ひすみ	人名	人名	人名	upstream			
うららまいな	占藍まいな	人名	人名	人名	upstream			
まいな	占藍まいな	人名	人名	人名	upstream			
ひいらぎなぎ	柊なぎ	人名	人名	人名	upstream			
なぎ	柊なぎ	人名	人名	人名	upstream			
めいせんみりす	冥川ミリス	人名	人名	人名	upstream			
みりす	冥川ミリス	人名	人名	人名	upstream			
ひのかみとあ	緋之神とあ	人名	人名	人名	upstream			
とあ	緋之神とあ	人名	人名	人名	upstream			
ゆうび	遊美	人名	人名	人名	upstream			
ねむいさつき	眠井さつき	人名	人名	人名	upstream			
さつき	眠井さつき	人名	人名	人名	upstream			
くまはちえま	熊蜂えま	人名	人名	人名	upstream			
えま	熊蜂えま	人名	人名	人名	upstream			
もちしろぬい	望白ぬい	人名	人名	人名	upstream			
ぬい	望白ぬい	人名	人名	人名	upstream			
せざきれい	瀬崎澪	人名	人名	人名	upstream			
れい	瀬崎澪	人名	人名	人名	upstream			
つきしろみゆき	月城美雪	人名	人名	人名	upstream			
みゆき	月城美雪	人名	人名	人名	upstream			
すいうしの	翠雨しの	人名	人名	人名	upstream			
しの	翠雨しの	人名	人名	人名	upstream			
あすか	あすか	人名	人名	人名	upstream			
さくらうと	桜儚うと	人名	人名	人名	upstream			
うと	桜儚うと	人名	人名	人名	upstream			
あしかがふじな	足利ふじな	人名	人名	人名	upstream			
ふじな	足利ふじな	人名	人名	人名	upstream			
いったんねる	壱端ねる	人名	人名	人名	upstream			
ねる	壱端ねる	人名	人名	人名	upstream			
ひいらぎのん	柊木のん	人名	人名	人名	upstream			
のん	柊木のん	人名	人名	人名	upstream			
うゆゆ	烏有游	人名	人名	人名	upstream			
すみおるり	澄音琉璃	人名	人名	人名	upstream			
るり	澄音琉璃	人名	人名	人名	upstream			
くもやはち	雲八はち	人名	人名	人名	upstream			
はち	雲八はち	人名	人名	人名	upstream			
ねむのねむ	合歓乃ねむ	人名	人名	人名	upstream			
ねむ	合歓乃ねむ	人名	人名	人名	upstream			
よとぎねむ	夜伽ネム	人名	人名	人名	upstream			
ねむ	夜伽ネム	人名	人名	人名	upstream			
くろくもろうと	黒雲ろうと	人名	人名	人名	upstream			
ろうと	黒雲ろうと	人名	人名	人名	upstream			
はなかいふりる	花開ふりる	人名	人名	人名	upstream			
ふりる	花開ふりる	人名	人名	人名	upstream			
めぢからえど	眼力えど	人名	人名	人名	upstream			
めぢぇど	眼力えど	人名	人名	人名	upstream			
えど	眼力えど	人名	人名	人名	upstream			
いぬがみりーず	戌神りーず	人名	人名	人名	upstream			
りーず	戌神りーず	人名	人名	人名	upstream			
かんざきかるちーな	神崎カルチーナ	人名	人名	人名	upstream			
かるちーな	神崎カルチーナ	人名	人名	人名	upstream			
おおかみりん	大狼リン	人名	人名	人名	upstream			
りん	大狼リン	人名	人名	人名	upstream			
みやきりりりい	宮霧りりい	人名	人名	人名	upstream			
りりい	宮霧りりい	人名	人名	人名	upstream			
せいやのゆき	聖夜ノ雪	人名	人名	人名	upstream			
ゆき	聖夜ノ雪	人名	人名	人名	upstream			
しゅう	柊羽	人名	人名	人名	upstream			
ひしがきゆり	菱垣ゆり	人名	人名	人名	upstream			
ゆり	菱垣ゆり	人名	人名	人名	upstream			
ざしきのわらく	座敷乃笑ク	人名	人名	人名	upstream			
わらく	座敷乃笑ク	人名	人名	人名	upstream			
くぜぬぬ	久世ぬぬ	人名	人名	人名	upstream			
ぬぬ	久世ぬぬ	人名	人名	人名	upstream			
めみやのん	苺宮のん	人名	人名	人名	upstream			
のん	苺宮のん	人名	人名	人名	upstream			
ちあももこ	千愛ももこ	人名	人名	人名	upstream			
ももこ	千愛ももこ	人名	人名	人名	upstream			
えんにちや	渕丹ちや	人名	人名	人名	upstream			
ちや	渕丹ちや	人名	人名	人名	upstream			
うづきろな	卯月ロナ	人名	人名	人名	upstream			
ろな	卯月ロナ	人名	人名	人名	upstream			
みさぎろっと	美鷺ロット	人名	人名	人名	upstream			
ろっと	美鷺ロット	人名	人名	人名	upstream			
いべりこしょん	伊縁こしょん	人名	人名	人名	upstream			
こしょん	伊縁こしょん	人名	人名	人名	upstream			
うしおなゆた	羽汐なゆた	人名	人名	人名	upstream			
なゆた	羽汐なゆた	人名	人名	人名	upstream			
こがみえな	小雷エナ	人名	人名	人名	upstream			
えな	小雷エナ	人名	人名	人名	upstream			
うものもの	遊者モノ	人名	人名	人名	upstream			
もの	遊者モノ	人名	人名	人名	upstream			
みいろせあ	海色せあ	人名	人名	人名	upstream			
せあ	海色せあ	人名	人名	人名	upstream			
やこうみつき	夜光満月	人名	人名	人名	upstream			
みつき	夜光満月	人名	人名	人名	upstream			
はねとびいずな	羽飛ゐづな	人名	人名	人名	upstream			
はねとびゐづな	羽飛ゐづな	人名	人名	人名	upstream			
いずな	羽飛ゐづな	人名	人名	人名	upstream			
ゐづな	羽飛ゐづな	人名	人名	人名	upstream			
いのり	祷	人名	人名	人名	upstream			
しょうか	韶花	人名	人名	人名	upstream			
ひるわねるこ	昼羽ねるこ	人名	人名	人名	upstream			
ねるこ	昼羽ねるこ	人名	人名	人名	upstream			
ふかうみんがゔゔ	深海眠がゔゔ	人名	人名	人名	upstream			
がぶぶ	深海眠がゔゔ	人名	人名	人名	upstream			
がゔゔ	深海眠がゔゔ	人名	人名	人名	upstream			
とうのうと	塔乃うと	人名	人名	人名	upstream			
うと	塔乃うと	人名	人名	人名	upstream			
ここなみこ	心奏みこ	人名	人名	人名	upstream			
みこ	心奏みこ	人名	人名	人名	upstream			
りんどうよだか	燐堂よだか	人名	人名	人名	upstream			
よだか	燐堂よだか	人名	人名	人名	upstream			
げんまいちゃすきのすけ	玄米茶好ノ助	人名	人名	人名	upstream			
すきのすけ	玄米茶好ノ助	人名	人名	人名	upstream			
きりみめかぶ	桐海めかぶ	人名	人名	人名	upstream			
めかぶ	桐海めかぶ	人名	人名	人名	upstream			
もふちゅたいさ	もふちゅ大佐	人名	人名	人名	upstream			
あまえるな	天江るな	人名	人名	人名	upstream			
るな	天江るな	人名	人名	人名	upstream			
なごみはお	和はお	人名	人名	人名	upstream			
はお	和はお	人名	人名	人名	upstream			
こがりひと	虎牙リヒト	人名	人名	人名	upstream			
りひと	虎牙リヒト	人名	人名	人名	upstream			
きみのぽち	公乃ポチ	人名	人名	人名	upstream			
ぽち	公乃ポチ	人名	人名	人名	upstream			
こいとるら	恋兎るら	人名	人名	人名	upstream			
るら	恋兎るら	人名	人名	人名	upstream			
りゅうぐうたまて	竜宮たまて	人名	人名	人名	upstream			
たまて	竜宮たまて	人名	人名	人名	upstream			
あつきのあ	愛月星桜	人名	人名	人名	upstream			
のあ	愛月星桜	人名	人名	人名	upstream			
ひたんやまぶき	火蛋やまぶき	人名	人名	人名	upstream			
やまぶき	火蛋やまぶき	人名	人名	人名	upstream			
さけのこいくらちゃん	鮭の子いくらちゃん	人名	人名	人名	upstream			
いくらちゃん	鮭の子いくらちゃん	人名	人名	人名	upstream			
そうせいむくろ	葬星むくろ	人名	人名	人名	upstream			
むくろ	葬星むくろ	人名	人名	人名	upstream			
しゃおろんうる	小狼ウル	人名	人名	人名	upstream			
うる	小狼ウル	人名	人名	人名	upstream			
じゅうりりん	十璃凛	人名	人名	人名	upstream			
りん	十璃凛	人名	人名	人名	upstream			
うにたいさ	うに大佐	人名	人名	人名	upstream			
うに	うに大佐	人名	人名	人名	upstream			
ひえいみや	飛影海夜	人名	人名	人名	upstream			
みや	飛影海夜	人名	人名	人名	upstream			
まようぃなち	真夜ヰなち	人名	人名	人名	upstream			
まよいなち	真夜ヰなち	人名	人名	人名	upstream			
まよゐなち	真夜ヰなち	人名	人名	人名	upstream			
なち	真夜ヰなち	人名	人名	人名	upstream			
ましろうどん	眞白うどん	人名	人名	人名	upstream			
うどん	眞白うどん	人名	人名	人名	upstream			
あさめしさーもん	朝召サーモン	人名	人名	人名	upstream			
さーもん	朝召サーモン	人名	人名	人名	upstream			
やみつききうり	八三月きうり	人名	人名	人名	upstream			
きうり	八三月きうり	人名	人名	人名	upstream			
ほらいいぶき	蜂來威歩姫	人名	人名	人名	upstream			
いぶき	蜂來威歩姫	人名	人名	人名	upstream			
くろにじきき	黒虹キキ	人名	人名	人名	upstream			
きき	黒虹キキ	人名	人名	人名	upstream			
やみつきりりむ	闇月リリム	人名	人名	人名	upstream			
りりむ	闇月リリム	人名	人名	人名	upstream			
まちやじゅり	待夜じゅり	人名	人名	人名	upstream			
じゅり	待夜じゅり	人名	人名	人名	upstream			
めてお	梅迪歐	人名	人名	人名	upstream			
そうどうのくろーでぃあ	蒼瞳のクローディア	人名	人名	人名	upstream			
くろーでぃあ	蒼瞳のクローディア	人名	人名	人名	upstream			
もちずきうとと	望月うとと	人名	人名	人名	upstream			
うとと	望月うとと	人名	人名	人名	upstream			
うるうせいら	潤星空	人名	人名	人名	upstream			
せいら	潤星空	人名	人名	人名	upstream			
よいやみはるか	宵闇桜歌	人名	人名	人名	upstream			
はるか	宵闇桜歌	人名	人名	人名	upstream			
にるぎりてあ	煮霧てあ	人名	人名	人名	upstream			
てあ	煮霧てあ	人名	人名	人名	upstream			
えるえぬへるぷどっとえぐぜ	LN_へるぷ.exe	人名	人名	人名	upstream			
へるぷ	LN_へるぷ.exe	人名	人名	人名	upstream			
こううんうむ	光雲うむ	人名	人名	人名	upstream			
うむ	光雲うむ	人名	人名	人名	upstream			
あおといゆ	青砥いゆ	人名	人名	人名	upstream			
いゆ	青砥いゆ	人名	人名	人名	upstream			
うさぎのもも	兎姫乃もも	人名	人名	人名	upstream			
もも	兎姫乃もも	人名	人名	人名	upstream			
たいざいあくまぎるてぃちゃん	大罪悪魔ぎるてぃちゃん	人名	人名	人名	upstream			
ぎるてぃちゃん	大罪悪魔ぎるてぃちゃん	人名	人名	人名	upstream			
かぐらたか	神楽タカ	人名	人名	人名	upstream			
たか	神楽タカ	人名	人名	人名	upstream			
みづきるな	眠月ルナ	人名	人名	人名	upstream			
るな	眠月ルナ	人名	人名	人名	upstream			
みずほしくじら	水星くじら	人名	人名	人名	upstream			
くじら	水星くじら	人名	人名	人名	upstream			
てんむより	天夢ヨリ	人名	人名	人名	upstream			
より	天夢ヨリ	人名	人名	人名	upstream			
ななみやあずさ	七宮梓	人名	人名	人名	upstream			
あずさ	七宮梓	人名	人名	人名	upstream			
りょうはん	梁伴	人名	人名	人名	upstream			
おおうなばらつつむ	大海原つつむ	人名	人名	人名	upstream			
つつむ	大海原つつむ	人名	人名	人名	upstream			
ゆきひらえりな	雪平エリナ	人名	人名	人名	upstream			
えりな	雪平エリナ	人名	人名	人名	upstream			
しおばなるい	汐華るい	人名	人名	人名	upstream			
るい	汐華るい	人名	人名	人名	upstream			
あかりしゅう	明狸柊	人名	人名	人名	upstream			
しゅう	明狸柊	人名	人名	人名	upstream			
ともりゆに	兎守ゆに	人名	人名	人名	upstream			
ゆに	兎守ゆに	人名	人名	人名	upstream			
ぴのきお	日乃きお	人名	人名	人名	upstream			
きお	日乃きお	人名	人名	人名	upstream			
ももさきたろ	百咲たろ	人名	人名	人名	upstream			
たろ	百咲たろ	人名	人名	人名	upstream			
あいかぎくるな	逢鍵くるな	人名	人名	人名	upstream			
くるな	逢鍵くるな	人名	人名	人名	upstream			
みのかみゆえ	巳ノ神ユヱ	人名	人名	人名	upstream			
みのかみゆゑ	巳ノ神ユヱ	人名	人名	人名	upstream			
ゆえ	巳ノ神ユヱ	人名	人名	人名	upstream			
ゆゑ	巳ノ神ユヱ	人名	人名	人名	upstream			
てんにょゆい	天女ゆい	人名	人名	人名	upstream			
ゆい	天女ゆい	人名	人名	人名	upstream			
おろゆな	おろユナ	人名	人名	人名	upstream			
おはなすず	小花スズ	人名	人名	人名	upstream			
すず	小花スズ	人名	人名	人名	upstream			
そらしどれみ	空詩戸れみ	人名	人名	人名	upstream			
れみ	空詩戸れみ	人名	人名	人名	upstream			
しろこい	白恋	人名	人名	人名	upstream			
ぽんみちゅせんせい	ぽんみちゅ先生	人名	人名	人名	upstream			
ぽんみちゅ	ぽんみちゅ先生	人名	人名	人名	upstream			
おとなぎけると	音凪ケルト	人名	人名	人名	upstream			
けると	音凪ケルト	人名	人名	人名	upstream			
ゆめみここあ	夢未ここあ	人名	人名	人名	upstream			
ここあ	夢未ここあ	人名	人名	人名	upstream			
いちのはりぼん	苺ノ葉りぼん	人名	人名	人名	upstream			
りぼん	苺ノ葉りぼん	人名	人名	人名	upstream			
しどうふくしあ	紫杜フクシア	人名	人名	人名	upstream			
ふくしあ	紫杜フクシア	人名	人名	人名	upstream			
くちなしあさぎ	梔子アサギ	人名	人名	人名	upstream			
あさぎ	梔子アサギ	人名	人名	人名	upstream			
いぬもりいたる	戌杜いたる	人名	人名	人名	upstream			
いたる	戌杜いたる	人名	人名	人名	upstream			
えむこまる	えむ子まる	人名	人名	人名	upstream			
ここあもか	心愛もか	人名	人名	人名	upstream			
もか	心愛もか	人名	人名	人名	upstream			
くくりくるせ	括狂世	人名	人名	人名	upstream			
くるせ	括狂世	人名	人名	人名	upstream			
あかねそら	紅音ソラ	人名	人名	人名	upstream			
そら	紅音ソラ	人名	人名	人名	upstream			
ながれぼしみーしゅ	永レ星みーしゅ	人名	人名	人名	upstream			
みーしゅ	永レ星みーしゅ	人名	人名	人名	upstream			
あかばくろあ	赤場黒亜	人名	人名	人名	upstream			
くろあ	赤場黒亜	人名	人名	人名	upstream			
きゅうもじまちね	救文字まちね	人名	人名	人名	upstream			
まちね	救文字まちね	人名	人名	人名	upstream			
ふじはくれい	藤白澪	人名	人名	人名	upstream			
はくれい	藤白澪	人名	人名	人名	upstream			
つきしばこばと	月柴こばと	人名	人名	人名	upstream			
こばと	月柴こばと	人名	人名	人名	upstream			
このやみねこ	恋ノ病ねこ	人名	人名	人名	upstream			
ねこ	恋ノ病ねこ	人名	人名	人名	upstream			
つくよみこん	月詠命こん	人名	人名	人名	upstream			
こん	月詠命こん	人名	人名	人名	upstream			
らいせかえ	来世カエ	人名	人名	人名	upstream			
かえ	来世カエ	人名	人名	人名	upstream			
しりゅうなの	紫龍なの	人名	人名	人名	upstream			
なの	紫龍なの	人名	人名	人名	upstream			
かぜゆめふろる	風夢ふろる	人名	人名	人名	upstream			
ふろる	風夢ふろる	人名	人名	人名	upstream			
もちぐまころ	望熊コロ	人名	人名	人名	upstream			
ころ	望熊コロ	人名	人名	人名	upstream			
はなむらなぎさ	花邑渚	人名	人名	人名	upstream			
なぎさ	花邑渚	人名	人名	人名	upstream			
ゆきのめん	雪乃綿	人名	人名	人名	upstream			
あいばなな	愛葉なな	人名	人名	人名	upstream			
なな	愛葉なな	人名	人名	人名	upstream			
はなはれりら	花晴りら	人名	人名	人名	upstream			
りら	花晴りら	人名	人名	人名	upstream			
すーぱーあぶそりゅーとですこ	スーパー・アブソリュート・デス子	人名	人名	人名	upstream			
ですこ	スーパー・アブソリュート・デス子	人名	人名	人名	upstream			
ねこみあおい	猫海葵	人名	人名	人名	upstream			
あおい	猫海葵	人名	人名	人名	upstream			
こよりせいな	心寄せいな	人名	人名	人名	upstream			
せいな	心寄せいな	人名	人名	人名	upstream			
ほしまるほりん	星丸歩凛	人名	人名	人名	upstream			
ほりん	星丸歩凛	人名	人名	人名	upstream			
ねこやしきうた	猫屋敷詩	人名	人名	人名	upstream			
うた	猫屋敷詩	人名	人名	人名	upstream			
しらあいりんね	白藍凛音	人名	人名	人名	upstream			
りんね	白藍凛音	人名	人名	人名	upstream			
ねこまれえいむ	猫稀エイム	人名	人名	人名	upstream			
えいむ	猫稀エイム	人名	人名	人名	upstream			
はりやまろん	針山ロン	人名	人名	人名	upstream			
ろん	針山ロン	人名	人名	人名	upstream			
やひさねむ	夜久ネム	人名	人名	人名	upstream			
ねむ	夜久ネム	人名	人名	人名	upstream			
きじょういんどりる	騎乗院ドリル	人名	人名	人名	upstream			
どりる	騎乗院ドリル	人名	人名	人名	upstream			
やがみあい	八噛あい	人名	人名	人名	upstream			
あい	八噛あい	人名	人名	人名	upstream			
でんかぎぬるぽ	電鍵ぬるぽ	人名	人名	人名	upstream			
ぬるぽ	電鍵ぬるぽ	人名	人名	人名	upstream			
うたかたしいら	泡沫しいら	人名	人名	人名	upstream			
しいら	泡沫しいら	人名	人名	人名	upstream			
うたのすぴか	詩乃すぴか	人名	人名	人名	upstream			
すぴか	詩乃すぴか	人名	人名	人名	upstream			
ぺったん	ぺったん	人名	人名	人名	upstream			
じゃのめやぶ	蛇ノ召ヤブ	人名	人名	人名	upstream			
やぶ	蛇ノ召ヤブ	人名	人名	人名	upstream			
てんろうみづき	貂狼みづき	人名	人名	人名	upstream			
みづき	貂狼みづき	人名	人名	人名	upstream			
こねこまるちゅる	小猫丸ちゅる	人名	人名	人名	upstream			
ちゅる	小猫丸ちゅる	人名	人名	人名	upstream			
なぎな	凪名	人名	人名	人名	upstream			
まるねねね	まるねねね	人名	人名	人名	upstream			
ねね	まるねねね	人名	人名	人名	upstream			
ありすのみやくおん	有栖ノ宮くおん	人名	人名	人名	upstream			
くおん	有栖ノ宮くおん	人名	人名	人名	upstream			
るづきあさは	琉月あさは	人名	人名	人名	upstream			
あさは	琉月あさは	人名	人名	人名	upstream			
はかなうるる	儚羽るる	人名	人名	人名	upstream			
るる	儚羽るる	人名	人名	人名	upstream			
そうめいみやほ	蒼溟みやほ	人名	人名	人名	upstream			
みやほ	蒼溟みやほ	人名	人名	人名	upstream			
もーすぐごじちゃん	もーすぐ誤字ちゃん	人名	人名	人名	upstream			
ごじちゃん	もーすぐ誤字ちゃん	人名	人名	人名	upstream			
かがるがろら	加々流がろら	人名	人名	人名	upstream			
がろら	加々流がろら	人名	人名	人名	upstream			
そめたにれいな	染谷レイナ	人名	人名	人名	upstream			
れいな	染谷レイナ	人名	人名	人名	upstream			
りゅがさきひなた	龍ヶ崎ひなた	人名	人名	人名	upstream			
ひなた	龍ヶ崎ひなた	人名	人名	人名	upstream			
たかなしのの	高梨のの	人名	人名	人名	upstream			
のの	高梨のの	人名	人名	人名	upstream			
つきまとい	憑纏	人名	人名	人名	upstream			
まとい	憑纏	人名	人名	人名	upstream			
れあめたる	玲亜金属	人名	人名	人名	upstream			
めたる	玲亜金属	人名	人名	人名	upstream			
ぱらどっくす	五律悖反	人名	人名	人名	upstream			
じたくにと	治巧弐斗	人名	人名	人名	upstream			
にと	治巧弐斗	人名	人名	人名	upstream			
たおめい	台灣淘米	人名	人名	人名	upstream			
ほしのももんが	星野ももんが	人名	人名	人名	upstream			
ももんが	星野ももんが	人名	人名	人名	upstream			
よつばよにゃー	四葉妤ニャー	人名	人名	人名	upstream			
にゃー	四葉妤ニャー	人名	人名	人名	upstream			
あままりりた	天々莉りた	人名	人名	人名	upstream			
りた	天々莉りた	人名	人名	人名	upstream			
くろすてん	玄寿十	人名	人名	人名	upstream			
てん	玄寿十	人名	人名	人名	upstream			
たまきそる	環ソル	人名	人名	人名	upstream			
そる	環ソル	人名	人名	人名	upstream			
ゆめみらい	夢見らい	人名	人名	人名	upstream			
らい	夢見らい	人名	人名	人名	upstream			
ゆめつぐそいね	夢紬そいね	人名	人名	人名	upstream			
そいね	夢紬そいね	人名	人名	人名	upstream			
あくまひいず	曖熊禾	人名	人名	人名	upstream			
ひいず	曖熊禾	人名	人名	人名	upstream			
あいじょうことみ	愛城ことみ	人名	人名	人名	upstream			
ことみ	愛城ことみ	人名	人名	人名	upstream			
りゅうひょうりおね	流氷リオネ	人名	人名	人名	upstream			
りおね	流氷リオネ	人名	人名	人名	upstream			
ひののりず	緋ノ音リズ	人名	人名	人名	upstream			
りず	緋ノ音リズ	人名	人名	人名	upstream			
かなりでんこ	金成電狐	人名	人名	人名	upstream			
でんこ	金成電狐	人名	人名	人名	upstream			
しまくらすず	島倉すず	人名	人名	人名	upstream			
すず	島倉すず	人名	人名	人名	upstream			
にじかるんるん	虹歌るんるん	人名	人名	人名	upstream			
るんるん	虹歌るんるん	人名	人名	人名	upstream			
しるかもるにか	紫堂モルニカ	人名	人名	人名	upstream			
もるにか	紫堂モルニカ	人名	人名	人名	upstream			
ねこすいちう	猫吸ちう	人名	人名	人名	upstream			
ちう	猫吸ちう	人名	人名	人名	upstream			
うさきらぱん	卯咲らぱん	人名	人名	人名	upstream			
らぱん	卯咲らぱん	人名	人名	人名	upstream			
ねこねぱう	猫寝ぱう	人名	人名	人名	upstream			
ぱう	猫寝ぱう	人名	人名	人名	upstream			
ろくまれう	緑魔れう	人名	人名	人名	upstream			
れう	緑魔れう	人名	人名	人名	upstream			
おしらもす	御白もす	人名	人名	人名	upstream			
もす	御白もす	人名	人名	人名	upstream			
まほうようじょえう	魔法幼女えう	人名	人名	人名	upstream			
えう	魔法幼女えう	人名	人名	人名	upstream			
ほしるりめろう	星瑠璃メロウ	人名	人名	人名	upstream			
めろう	星瑠璃メロウ	人名	人名	人名	upstream			
しののめおのれ	東雲己	人名	人名	人名	upstream			
おのれ	東雲己	人名	人名	人名	upstream			
やまだたり	山田タリ	人名	人名	人名	upstream			
たり	山田タリ	人名	人名	人名	upstream			
はねくらみい	羽夢みい	人名	人名	人名	upstream			
みい	羽夢みい	人名	人名	人名	upstream			
あがないとが	贖罪	人名	人名	人名	upstream			
とが	贖罪	人名	人名	人名	upstream			
みすみみあ	水澄みあ	人名	人名	人名	upstream			
みあ	水澄みあ	人名	人名	人名	upstream			
ゆきしろのい	雪白ノイ	人名	人名	人名	upstream			
のい	雪白ノイ	人名	人名	人名	upstream			
たまのりおんぷ	魂ノ莉おんぷ	人名	人名	人名	upstream			
おんぷ	魂ノ莉おんぷ	人名	人名	人名	upstream			
とどろきがはらみたま	轟鬼原みたま	人名	人名	人名	upstream			
みたま	轟鬼原みたま	人名	人名	人名	upstream			
あかみやまこと	赤宮真	人名	人名	人名	upstream			
まこと	赤宮真	人名	人名	人名	upstream			
はなしきこか	葉梨きこか	人名	人名	人名	upstream			
きこか	葉梨きこか	人名	人名	人名	upstream			
さんさぽけ	三叉ぽけ	人名	人名	人名	upstream			
ぽけ	三叉ぽけ	人名	人名	人名	upstream			
あまのめことび	天生目コトビ	人名	人名	人名	upstream			
ことび	天生目コトビ	人名	人名	人名	upstream			
きつずりぴすま	奇綴ピスマ	人名	人名	人名	upstream			
ぴすま	奇綴ピスマ	人名	人名	人名	upstream			
あさくまわか	朝熊わか	人名	人名	人名	upstream			
わか	朝熊わか	人名	人名	人名	upstream			
あまねにゃしろ	天猫にゃしろ	人名	人名	人名	upstream			
にゃしろ	天猫にゃしろ	人名	人名	人名	upstream			
すいすいあうら	水翠あうら	人名	人名	人名	upstream			
あうら	水翠あうら	人名	人名	人名	upstream			
あまがみねこ	天上寧呼	人名	人名	人名	upstream			
ねこ	天上寧呼	人名	人名	人名	upstream			
あまつかめあ	天使メア	人名	人名	人名	upstream			
めあ	天使メア	人名	人名	人名	upstream			
ういけいと	宇依ケイト	人名	人名	人名	upstream			
けいと	宇依ケイト	人名	人名	人名	upstream			
ゆずきらな	結月らな	人名	人名	人名	upstream			
らな	結月らな	人名	人名	人名	upstream			
くろねここあ	黒音ここあ	人名	人名	人名	upstream			
ここあ	黒音ここあ	人名	人名	人名	upstream			
まおうえな	魔桜エナ	人名	人名	人名	upstream			
えな	魔桜エナ	人名	人名	人名	upstream			
いこみき	已己巳己	人名	人名	人名	upstream			
みき	已己巳己	人名	人名	人名	upstream			
かんごぬこ	甘子ぬこ	人名	人名	人名	upstream			
ぬこ	甘子ぬこ	人名	人名	人名	upstream			
げんきやや	幻鬼ヤヤ	人名	人名	人名	upstream			
やや	幻鬼ヤヤ	人名	人名	人名	upstream			
うみねこみら	海猫みら	人名	人名	人名	upstream			
みら	海猫みら	人名	人名	人名	upstream			
すきがきよる	透垣よる	人名	人名	人名	upstream			
よる	透垣よる	人名	人名	人名	upstream			
ありするりは	亜里好るりは	人名	人名	人名	upstream			
るりは	亜里好るりは	人名	人名	人名	upstream			
ふみさとやちよ	文里ヤチヨ	人名	人名	人名	upstream			
やちよ	文里ヤチヨ	人名	人名	人名	upstream			
みいろにわ	海色にわ	人名	人名	人名	upstream			
にわ	海色にわ	人名	人名	人名	upstream			
いりひはじめ	入日初	人名	人名	人名	upstream			
はじめ	入日初	人名	人名	人名	upstream			
ららあらーねあ	ララ・アラーネア	人名	人名	人名	upstream			
らら	ララ・アラーネア	人名	人名	人名	upstream			
みずなるうあ	瑞奈るうあ	人名	人名	人名	upstream			
るうあ	瑞奈るうあ	人名	人名	人名	upstream			
おおばささみ	大葉ささみ	人名	人名	人名	upstream			
ささみ	大葉ささみ	人名	人名	人名	upstream			
しまはいえな	縞牙イエナ	人名	人名	人名	upstream			
いえな	縞牙イエナ	人名	人名	人名	upstream			
ゆらのあまちゅーる	ユラノ=アマチュール	人名	人名	人名	upstream			
ゆらの	ユラノ=アマチュール	人名	人名	人名	upstream			
あまうつめの	天虚メノ	人名	人名	人名	upstream			
めの	天虚メノ	人名	人名	人名	upstream			
いちせいふわ	壱星ふわ	人名	人名	人名	upstream			
ふわ	壱星ふわ	人名	人名	人名	upstream			
ゆめつきらぴす	夢月らぴす	人名	人名	人名	upstream			
らぴす	夢月らぴす	人名	人名	人名	upstream			
さちのはらねるふぁ	幸ノ原ねるふぁ	人名	人名	人名	upstream			
ねるふぁ	幸ノ原ねるふぁ	人名	人名	人名	upstream			
ねこさかりお	猫坂りお	人名	人名	人名	upstream			
りお	猫坂りお	人名	人名	人名	upstream			
かいとうあんさー	怪盗アンサー	人名	人名	人名	upstream			
あんさー	怪盗アンサー	人名	人名	人名	upstream			
おじょさまってよべ	お嬢様って呼べ?	人名	人名	人名	upstream			
おじょうさま	お嬢様って呼べ?	人名	人名	人名	upstream			
きくみやみゃご	菊宮みゃご	人名	人名	人名	upstream			
みゃご	菊宮みゃご	人名	人名	人名	upstream			
かんけつおと	甘結おと	人名	人名	人名	upstream			
おと	甘結おと	人名	人名	人名	upstream			
みやび	みやび	人名	人名	人名	upstream			
びぜんはく	毘前白	人名	人名	人名	upstream			
はく	毘前白	人名	人名	人名	upstream			
ろろみやろろこ	琅々宮ろろこ	人名	人名	人名	upstream			
ろろこ	琅々宮ろろこ	人名	人名	人名	upstream			
よいとめむ	宵十めむ	人名	人名	人名	upstream			
めむ	宵十めむ	人名	人名	人名	upstream			
ゆめよりまむ	夢縁まむ	人名	人名	人名	upstream			
まむ	夢縁まむ	人名	人名	人名	upstream			
ゆめろうねね	夢狼ねね	人名	人名	人名	upstream			
ねね	夢狼ねね	人名	人名	人名	upstream			
にゃしろがみしの	猫白神しの	人名	人名	人名	upstream			
しの	猫白神しの	人名	人名	人名	upstream			
ゆすらせれね	梅桃瀬れね	人名	人名	人名	upstream			
れね	梅桃瀬れね	人名	人名	人名	upstream			
しだれさき	枝垂咲祈	人名	人名	人名	upstream			
さき	枝垂咲祈	人名	人名	人名	upstream			
かずみん	かずみん	人名	人名	人名	upstream			
にのまえはじめ	一一	人名	人名	人名	upstream			
はじめ	一一	人名	人名	人名	upstream			
つちなかもぐ	土中もぐ	人名	人名	人名	upstream			
もぐ	土中もぐ	人名	人名	人名	upstream			
こゆきたい	小幸たい	人名	人名	人名	upstream			
たい	小幸たい	人名	人名	人名	upstream			
ぶんぶくありさ	分福ありさ	人名	人名	人名	upstream			
ありさ	分福ありさ	人名	人名	人名	upstream			
いんりぇん	銀蓮	人名	人名	人名	upstream			
はじめくぉ	一くぉ	人名	人名	人名	upstream			
はじめくお	一くぉ	人名	人名	人名	upstream			
くぉ	一くぉ	人名	人名	人名	upstream			
くお	一くぉ	人名	人名	人名	upstream			
こまいむぎ	狛井むぎ	人名	人名	人名	upstream			
むぎ	狛井むぎ	人名	人名	人名	upstream			
かんなろろぴ	神奈ろろぴ	人名	人名	人名	upstream			
ろろぴ	神奈ろろぴ	人名	人名	人名	upstream			
かみすぎはざこ	神杉はざこ	人名	人名	人名	upstream			
はざこ	神杉はざこ	人名	人名	人名	upstream			
あまみてな	天海てな	人名	人名	人名	upstream			
てな	天海てな	人名	人名	人名	upstream			
あまがさげぱい	雨傘ゲパイ	人名	人名	人名	upstream			
げぱい	雨傘ゲパイ	人名	人名	人名	upstream			
しんじゅうにこ	神獣にこ	人名	人名	人名	upstream			
にこ	神獣にこ	人名	人名	人名	upstream			
あるるそみ	阿路路索米	人名	人名	人名	upstream			
そみ	阿路路索米	人名	人名	人名	upstream			
あいんりす	艾茵莉思	人名	人名	人名	upstream			
ひすみ	緋墨	人名	人名	人名	upstream			
なぎさたまき	凪咲環	人名	人名	人名	upstream			
たまき	凪咲環	人名	人名	人名	upstream			
このみめる	木乃実める	人名	人名	人名	upstream			
める	木乃実める	人名	人名	人名	upstream			
はこにわことは	箱庭言羽	人名	人名	人名	upstream			
ことは	箱庭言羽	人名	人名	人名	upstream			
たちばなびゃくや	橘白夜	人名	人名	人名	upstream			
びゃくや	橘白夜	人名	人名	人名	upstream			
あまがみれちぇ	天神れちぇ	人名	人名	人名	upstream			
れちぇ	天神れちぇ	人名	人名	人名	upstream			
れいこ	蕾可	人名	人名	人名	upstream			
ゆめいりいりむ	夢入イリム	人名	人名	人名	upstream			
いりむ	夢入イリム	人名	人名	人名	upstream			
ほのか	仄幽	人名	人名	人名	upstream			
ほしくすゆと	星薬ゆと	人名	人名	人名	upstream			
ゆと	星薬ゆと	人名	人名	人名	upstream			
ぼくのよわね	雹ノよわね	人名	人名	人名	upstream			
よわね	雹ノよわね	人名	人名	人名	upstream			
かねしろぱとら	金城羽虎	人名	人名	人名	upstream			
ぱとら	金城羽虎	人名	人名	人名	upstream			
つきかげくろは	月影クロハ	人名	人名	人名	upstream			
くろは	月影クロハ	人名	人名	人名	upstream			
つくおきしゃるあ	月熾しゃるあ	人名	人名	人名	upstream			
しゃるあ	月熾しゃるあ	人名	人名	人名	upstream			
いちやらぶ	一夜らぶ	人名	人名	人名	upstream			
らぶ	一夜らぶ	人名	人名	人名	upstream			
うししろめうか	丑城めうか	人名	人名	人名	upstream			
めうか	丑城めうか	人名	人名	人名	upstream			
こくうよあ	黒雨夜明	人名	人名	人名	upstream			
よあ	黒雨夜明	人名	人名	人名	upstream			
それがしあわせ	それが氏あわせ	人名	人名	人名	upstream			
あわせ	それが氏あわせ	人名	人名	人名	upstream			
もちのゆえ	望乃月	人名	人名	人名	upstream			
ゆえ	望乃月	人名	人名	人名	upstream			
ひなのちの	雛呑ちの	人名	人名	人名	upstream			
ちの	雛呑ちの	人名	人名	人名	upstream			
ここのえあき	九重あき	人名	人名	人名	upstream			
あき	九重あき	人名	人名	人名	upstream			
ううるしぃぷ	卯々瑠しぃぷ	人名	人名	人名	upstream			
ううるしいぷ	卯々瑠しぃぷ	人名	人名	人名	upstream			
うーるしぃぷ	卯々瑠しぃぷ	人名	人名	人名	upstream			
うーるしいぷ	卯々瑠しぃぷ	人名	人名	人名	upstream			
しぃぷ	卯々瑠しぃぷ	人名	人名	人名	upstream			
しいぷ	卯々瑠しぃぷ	人名	人名	人名	upstream			
しおばなでぃし	潮華でぃし	人名	人名	人名	upstream			
でぃし	潮華でぃし	人名	人名	人名	upstream			
はいせらむた	灰灑らむ汰	人名	人名	人名	upstream			
らむた	灰灑らむ汰	人名	人名	人名	upstream			
そらいろきのこ	宇宙色きのこ	人名	人名	人名	upstream			
きのこ	宇宙色きのこ	人名	人名	人名	upstream			
ゆうとうむちこ	幽灯むち子	人名	人名	人名	upstream			
むちこ	幽灯むち子	人名	人名	人名	upstream			
さくまるい	佐久間ルイ	人名	人名	人名	upstream			
るい	佐久間ルイ	人名	人名	人名	upstream			
きゅうせいゆずく	九彁ユズク	人名	人名	人名	upstream			
ゆずく	九彁ユズク	人名	人名	人名	upstream			
げんそうしょうじょらぶぱにっ	現想少女らぶぱにっ	人名	人名	人名	upstream			
くらけぺる	冥怪ぺる	人名	人名	人名	upstream			
ぺる	冥怪ぺる	人名	人名	人名	upstream			
つきみみみ	月見みみ	人名	人名	人名	upstream			
みみ	月見みみ	人名	人名	人名	upstream			
ねむりいぬらうら	眠犬らうら	人名	人名	人名	upstream			
らうら	眠犬らうら	人名	人名	人名	upstream			
しらほしさつき	白星殺希	人名	人名	人名	upstream			
さつき	白星殺希	人名	人名	人名	upstream			
ねねみやだら	寧々宮ダラ	人名	人名	人名	upstream			
だら	寧々宮ダラ	人名	人名	人名	upstream			
たき	濛瀧	人名	人名	人名	upstream			
はなのあい	花野愛	人名	人名	人名	upstream			
あい	花野愛	人名	人名	人名	upstream			
かみきもる	狼鬼モル	人名	人名	人名	upstream			
もる	狼鬼モル	人名	人名	人名	upstream			
かしもなつめ	花紫雲なつめ	人名	人名	人名	upstream			
なつめ	花紫雲なつめ	人名	人名	人名	upstream			
あまえはんぷ	天絵はんぷ	人名	人名	人名	upstream			
はんぷ	天絵はんぷ	人名	人名	人名	upstream			
とううらな	橙雨ラナ	人名	人名	人名	upstream			
らな	橙雨ラナ	人名	人名	人名	upstream			
きたしらかわせれか	北白川せれか	人名	人名	人名	upstream			
せれか	北白川せれか	人名	人名	人名	upstream			
かんののあ	菅野ノア	人名	人名	人名	upstream			
のあ	菅野ノア	人名	人名	人名	upstream			
つみれゆづ	月玲ゆづ	人名	人名	人名	upstream			
ゆづ	月玲ゆづ	人名	人名	人名	upstream			
もるもるい	藻瑠もるい	人名	人名	人名	upstream			
もるい	藻瑠もるい	人名	人名	人名	upstream			
なだやりの	涙夜リノ	人名	人名	人名	upstream			
りの	涙夜リノ	人名	人名	人名	upstream			
あめしょのえ	雨処ノエ	人名	人名	人名	upstream			
のえ	雨処ノエ	人名	人名	人名	upstream			
みやこひよ	華戀ひよ	人名	人名	人名	upstream			
ひよ	華戀ひよ	人名	人名	人名	upstream			
こはねぷてぃ	小羽プティ	人名	人名	人名	upstream			
ぷてぃ	小羽プティ	人名	人名	人名	upstream			
とらいしろ	虎威シロ	人名	人名	人名	upstream			
しろ	虎威シロ	人名	人名	人名	upstream			
むーらん	むーらん	人名	人名	人名	upstream			
かいおんぺぐ	壊音ペグ	人名	人名	人名	upstream			
ぺぐ	壊音ペグ	人名	人名	人名	upstream			
しらゆきすう	白雪すう	人名	人名	人名	upstream			
すう	白雪すう	人名	人名	人名	upstream			
くろすみせる	黒角せる	人名	人名	人名	upstream			
せる	黒角せる	人名	人名	人名	upstream			
あまぞらゆみ	雨空ゆみ	人名	人名	人名	upstream			
ゆみ	雨空ゆみ	人名	人名	人名	upstream			
ひびきえりか	響生エリカ	人名	人名	人名	upstream			
えりか	響生エリカ	人名	人名	人名	upstream			
ひなたまめ	向葵まめ	人名	人名	人名	upstream			
まめ	向葵まめ	人名	人名	人名	upstream			
ゆずきこはね	憂月こはね	人名	人名	人名	upstream			
こはね	憂月こはね	人名	人名	人名	upstream			
ゆづきるな	結月るな	人名	人名	人名	upstream			
るな	結月るな	人名	人名	人名	upstream			
しらいしかな	白石可菜	人名	人名	人名	upstream			
かな	白石可菜	人名	人名	人名	upstream			
くさかみはーぶ	草神ハーブ	人名	人名	人名	upstream			
はーぶ	草神ハーブ	人名	人名	人名	upstream			
よいやみしろは	宵闇しろは	人名	人名	人名	upstream			
しろは	宵闇しろは	人名	人名	人名	upstream			
くろばらもも	黒薔薇モモ	人名	人名	人名	upstream			
もも	黒薔薇モモ	人名	人名	人名	upstream			
しずきかなで	紫月かなで	人名	人名	人名	upstream			
かなで	紫月かなで	人名	人名	人名	upstream			
こや	虎爺	人名	人名	人名	upstream			
あきずきくろね	秋月黒音	人名	人名	人名	upstream			
くろね	秋月黒音	人名	人名	人名	upstream			
はつかちゆう	初花ちゆう	人名	人名	人名	upstream			
ちゆう	初花ちゆう	人名	人名	人名	upstream			
ひつじぐもくるむ	羊雲クルム	人名	人名	人名	upstream			
くるむ	羊雲クルム	人名	人名	人名	upstream			
ぎみなくくる	疑皆くくる	人名	人名	人名	upstream			
くくる	疑皆くくる	人名	人名	人名	upstream			
すずのねみけにー	鈴音みけにー	人名	人名	人名	upstream			
みけにー	鈴音みけにー	人名	人名	人名	upstream			
あわめ	あわめ	人名	人名	人名	upstream			
みさきなぎ	海咲なぎ	人名	人名	人名	upstream			
なぎ	海咲なぎ	人名	人名	人名	upstream			
ものくろばく	喪ノ黒バク	人名	人名	人名	upstream			
ばく	喪ノ黒バク	人名	人名	人名	upstream			
ちょうのきら	蝶野きら	人名	人名	人名	upstream			
きら	蝶野きら	人名	人名	人名	upstream			
あきまゆめこ	秋間ゆめこ	人名	人名	人名	upstream			
ゆめこ	秋間ゆめこ	人名	人名	人名	upstream			
あいさきゆか	愛咲遊歌	人名	人名	人名	upstream			
ゆか	愛咲遊歌	人名	人名	人名	upstream			
さくらりら	咲良りら	人名	人名	人名	upstream			
りら	咲良りら	人名	人名	人名	upstream			
へち	鶴祁	人名	人名	人名	upstream			
あもうせら	天羽生せら	人名	人名	人名	upstream			
せら	天羽生せら	人名	人名	人名	upstream			
ゆめみてて	夢魅てて	人名	人名	人名	upstream			
てて	夢魅てて	人名	人名	人名	upstream			
このまちみやこ	狐ノ町みやこ	人名	人名	人名	upstream			
みやこ	狐ノ町みやこ	人名	人名	人名	upstream			
かたことひめ	片琴姫	人名	人名	人名	upstream			
ぱこぱみ	片琴姫	人名	人名	人名	upstream			
ぱみ	片琴姫	人名	人名	人名	upstream			
きせきはむ	黄瀬きはむ	人名	人名	人名	upstream			
きはむ	黄瀬きはむ	人名	人名	人名	upstream			
せいきまつしすたー	世紀末Sister	人名	人名	人名	upstream			
もえみやめぅ	萌宮めぅ	人名	人名	人名	upstream			
もえみやめう	萌宮めぅ	人名	人名	人名	upstream			
めぅ	萌宮めぅ	人名	人名	人名	upstream			
めう	萌宮めぅ	人名	人名	人名	upstream			
すめらぎはく	皇ハク	人名	人名	人名	upstream			
はく	皇ハク	人名	人名	人名	upstream			
あさぎゆあ	浅葱ゆあ	人名	人名	人名	upstream			
ゆあ	浅葱ゆあ	人名	人名	人名	upstream			
おにまろ	鬼麿	人名	人名	人名	upstream			
くろうるふ	久狼るふ	人名	人名	人名	upstream			
るふ	久狼るふ	人名	人名	人名	upstream			
うさみぱお	うさみぱお	人名	人名	人名	upstream			
ぱお	うさみぱお	人名	人名	人名	upstream			
ここねるる	恋々音るる	人名	人名	人名	upstream			
るる	恋々音るる	人名	人名	人名	upstream			
なむる	なむる	人名	人名	人名	upstream			
あまねそら	天羽空桜	人名	人名	人名	upstream			
そら	天羽空桜	人名	人名	人名	upstream			
あいくらう	愛喰ラウ	人名	人名	人名	upstream			
らう	愛喰ラウ	人名	人名	人名	upstream			
よみじめい	黄泉路めい	人名	人名	人名	upstream			
めい	黄泉路めい	人名	人名	人名	upstream			
ゆら	癒良	人名	人名	人名	upstream			
しろたえしづき	白妙しづき	人名	人名	人名	upstream			
しづき	白妙しづき	人名	人名	人名	upstream			
すいせいすぴな	穂星スピナ	人名	人名	人名	upstream			
すぴな	穂星スピナ	人名	人名	人名	upstream			
とがりょーじ	兎鹿リョージ	人名	人名	人名	upstream			
りょーじ	兎鹿リョージ	人名	人名	人名	upstream			
つむぎほいる	紬來ほいる	人名	人名	人名	upstream			
ほいる	紬來ほいる	人名	人名	人名	upstream			
ざくろがぁね	柘榴がぁね	人名	人名	人名	upstream			
ざくろがあね	柘榴がぁね	人名	人名	人名	upstream			
がぁね	柘榴がぁね	人名	人名	人名	upstream			
があね	柘榴がぁね	人名	人名	人名	upstream			
くうあなんな	食愛なんな	人名	人名	人名	upstream			
なんな	食愛なんな	人名	人名	人名	upstream			
りんかいせきあぱ	燐灰石アパ	人名	人名	人名	upstream			
あぱ	燐灰石アパ	人名	人名	人名	upstream			
こだいむらさき	古代紫	人名	人名	人名	upstream			
ねこくろそら	猫黒ソラ	人名	人名	人名	upstream			
そら	猫黒ソラ	人名	人名	人名	upstream			
ねこきらいみ	猫崎ライミ	人名	人名	人名	upstream			
らいみ	猫崎ライミ	人名	人名	人名	upstream			
こよいゆら	狐酔ゆら	人名	人名	人名	upstream			
ゆら	狐酔ゆら	人名	人名	人名	upstream			
きさらぎふみ	如月ふみ	人名	人名	人名	upstream			
ふみ	如月ふみ	人名	人名	人名	upstream			
ともよせぽの	友寄ぽの	人名	人名	人名	upstream			
ぽの	友寄ぽの	人名	人名	人名	upstream			
とうびょうさくは	闘病さくは	人名	人名	人名	upstream			
さくは	闘病さくは	人名	人名	人名	upstream			
あざらしるば	亜更しるば	人名	人名	人名	upstream			
しるば	亜更しるば	人名	人名	人名	upstream			
くちなしはるひ	梔子はるひ	人名	人名	人名	upstream			
はるひ	梔子はるひ	人名	人名	人名	upstream			
むとうあまい	無糖あまゐ	人名	人名	人名	upstream			
むとうあまゐ	無糖あまゐ	人名	人名	人名	upstream			
あまい	無糖あまゐ	人名	人名	人名	upstream			
あまゐ	無糖あまゐ	人名	人名	人名	upstream			
ゆめもりゆる	夢守ゆる	人名	人名	人名	upstream			
ゆる	夢守ゆる	人名	人名	人名	upstream			
やなぎゆい	矢凪ゆい	人名	人名	人名	upstream			
ゆい	矢凪ゆい	人名	人名	人名	upstream			
くらもちりの	倉望りの	人名	人名	人名	upstream			
りの	倉望りの	人名	人名	人名	upstream			
しちのみやみそ	七ノ宮みそ	人名	人名	人名	upstream			
みそ	七ノ宮みそ	人名	人名	人名	upstream			
すお	透央	人名	人名	人名	upstream			
てんますずめ	天麻雀	人名	人名	人名	upstream			
すずめ	天麻雀	人名	人名	人名	upstream			
そらさきびっと	宙咲びっと	人名	人名	人名	upstream			
やくしじめちる	薬師司めちる	人名	人名	人名	upstream			
めちる	薬師司めちる	人名	人名	人名	upstream			
ゆめいちしのあ	夢苺しのあ	人名	人名	人名	upstream			
しのあ	夢苺しのあ	人名	人名	人名	upstream			
おたるたお	小樽たお	人名	人名	人名	upstream			
たお	小樽たお	人名	人名	人名	upstream			
おとぎあず	乙伽あず	人名	人名	人名	upstream			
あず	乙伽あず	人名	人名	人名	upstream			
ほしのせなの	星ノ瀬なの	人名	人名	人名	upstream			
なの	星ノ瀬なの	人名	人名	人名	upstream			
こうけつやみ	紅結ヤミ	人名	人名	人名	upstream			
やみ	紅結ヤミ	人名	人名	人名	upstream			
りーぐれん	李紅蓮	人名	人名	人名	upstream			
ぐれん	李紅蓮	人名	人名	人名	upstream			
こもりるなーる	狐森るなーる	人名	人名	人名	upstream			
るなーる	狐森るなーる	人名	人名	人名	upstream			
うさかわゆな	宇佐川ゆな	人名	人名	人名	upstream			
ゆな	宇佐川ゆな	人名	人名	人名	upstream			
ゆめのばく	夢ノばく	人名	人名	人名	upstream			
ばく	夢ノばく	人名	人名	人名	upstream			
とわえ	永久依	人名	人名	人名	upstream			
うえうえびびみ	上上ビビ巳	人名	人名	人名	upstream			
びびみ	上上ビビ巳	人名	人名	人名	upstream			
いとおかし	い兎をかし	人名	人名	人名	upstream			
たんばおみ	丹波おみ	人名	人名	人名	upstream			
おみ	丹波おみ	人名	人名	人名	upstream			
くらきつむぎ	椋木紬	人名	人名	人名	upstream			
つむぎ	椋木紬	人名	人名	人名	upstream			
こいしゆの	小石夕乃	人名	人名	人名	upstream			
ゆの	小石夕乃	人名	人名	人名	upstream			
しおからつまむ	塩辛つまむ	人名	人名	人名	upstream			
つまむ	塩辛つまむ	人名	人名	人名	upstream			
うたねがと	詠音ガト	人名	人名	人名	upstream			
がと	詠音ガト	人名	人名	人名	upstream			
りななし	李名無	人名	人名	人名	upstream			
ななし	李名無	人名	人名	人名	upstream			
とあけくろえ	十朱クロエ	人名	人名	人名	upstream			
くろえ	十朱クロエ	人名	人名	人名	upstream			
つきかげきょーこ	月影キョーコ	人名	人名	人名	upstream			
きょうこ	月影キョーコ	人名	人名	人名	upstream			
きょーこ	月影キョーコ	人名	人名	人名	upstream			
くわばらかむな	桑原かむな	人名	人名	人名	upstream			
かむな	桑原かむな	人名	人名	人名	upstream			
あまつきぷるも	雨月ぷるも	人名	人名	人名	upstream			
ぷるも	雨月ぷるも	人名	人名	人名	upstream			
にとうへんひづき	二等辺陽月	人名	人名	人名	upstream			
ひづき	二等辺陽月	人名	人名	人名	upstream			
ひなもりひまめ	雛森ひまめ	人名	人名	人名	upstream			
ひまめ	雛森ひまめ	人名	人名	人名	upstream			
とべにこおり	兎紅こおり	人名	人名	人名	upstream			
こおり	兎紅こおり	人名	人名	人名	upstream			
ごえんのおつり	ゴエンノオツリ	人名	人名	人名	upstream			
おつり	ゴエンノオツリ	人名	人名	人名	upstream			
ももくりにに	桃栗にに	人名	人名	人名	upstream			
にに	桃栗にに	人名	人名	人名	upstream			
ひぎりかい	緋桐カイ	人名	人名	人名	upstream			
かい	緋桐カイ	人名	人名	人名	upstream			
ももくらおおつきのかみ	桃蔵大月神	人名	人名	人名	upstream			
ももくら	桃蔵大月神	人名	人名	人名	upstream			
むげんあき	夢限アキ	人名	人名	人名	upstream			
あき	夢限アキ	人名	人名	人名	upstream			
みなせほのか	水瀬ほのか	人名	人名	人名	upstream			
ほのか	水瀬ほのか	人名	人名	人名	upstream			
みなせもこ	湊瀬もこ	人名	人名	人名	upstream			
もこ	湊瀬もこ	人名	人名	人名	upstream			
なんせいすらる	軟生スラル	人名	人名	人名	upstream			
すらる	軟生スラル	人名	人名	人名	upstream			
しろさきみおん	白咲光音	人名	人名	人名	upstream			
みおん	白咲光音	人名	人名	人名	upstream			
ししおうさつき	獅子王サツキ	人名	人名	人名	upstream			
かいとうさふぃーる	怪盗サフィール	人名	人名	人名	upstream			
さふぃーる	怪盗サフィール	人名	人名	人名	upstream			
しろみやしろみ	城宮しろみ	人名	人名	人名	upstream			
しろみ	城宮しろみ	人名	人名	人名	upstream			
ほしるべうしお	星導うしお	人名	人名	人名	upstream			
うしお	星導うしお	人名	人名	人名	upstream			
のじまりま	乃嶋りま	人名	人名	人名	upstream			
りま	乃嶋りま	人名	人名	人名	upstream			
あがさらんぽ	あがさ乱歩	人名	人名	人名	upstream			
らんぽ	あがさ乱歩	人名	人名	人名	upstream			
さくらみか	佐倉みか	人名	人名	人名	upstream			
みか	佐倉みか	人名	人名	人名	upstream			
もーまんたいめいすぅ	没問題めいすぅ	人名	人名	人名	upstream			
もーまんたいめいすう	没問題めいすぅ	人名	人名	人名	upstream			
めいすぅ	没問題めいすぅ	人名	人名	人名	upstream			
めいすう	没問題めいすぅ	人名	人名	人名	upstream			
ひさねありすねこ	雛幸音ｱﾘｽﾈｺ	人名	人名	人名	upstream			
ありすねこ	雛幸音ｱﾘｽﾈｺ	人名	人名	人名	upstream			
ゆずはなしゆ	柚花しゆ	人名	人名	人名	upstream			
しゆ	柚花しゆ	人名	人名	人名	upstream			
うづきみう	羽月みう	人名	人名	人名	upstream			
みう	羽月みう	人名	人名	人名	upstream			
はにゅうじる	羽生じる	人名	人名	人名	upstream			
じる	羽生じる	人名	人名	人名	upstream			
ねこめみるく	猫目ミルク	人名	人名	人名	upstream			
みるく	猫目ミルク	人名	人名	人名	upstream			
こにじれみあ	小虹れみあ	人名	人名	人名	upstream			
れみあ	小虹れみあ	人名	人名	人名	upstream			
ちあきあき	千秋あき	人名	人名	人名	upstream			
あき	千秋あき	人名	人名	人名	upstream			
くずりゅうたては	九頭龍タテハ	人名	人名	人名	upstream			
たては	九頭龍タテハ	人名	人名	人名	upstream			
おにだんらい	鬼檀らい	人名	人名	人名	upstream			
らい	鬼檀らい	人名	人名	人名	upstream			
しゅてんけんぴ	酒呑けんぴ	人名	人名	人名	upstream			
けんぴ	酒呑けんぴ	人名	人名	人名	upstream			
うじゅきち	うじゅ吉	人名	人名	人名	upstream			
あるじっけんたい	アル実験体	人名	人名	人名	upstream			
ある	アル実験体	人名	人名	人名	upstream			
かぜくさなる	風草なる	人名	人名	人名	upstream			
なる	風草なる	人名	人名	人名	upstream			
せらないる	瀬羅ナイル	人名	人名	人名	upstream			
ないる	瀬羅ナイル	人名	人名	人名	upstream			
るあけある	流明ある	人名	人名	人名	upstream			
ある	流明ある	人名	人名	人名	upstream			
かみしろあめは	神代雨葉	人名	人名	人名	upstream			
あめは	神代雨葉	人名	人名	人名	upstream			
くすみやのき	楠宮のき	人名	人名	人名	upstream			
のき	楠宮のき	人名	人名	人名	upstream			
さの	さの	人名	人名	人名	upstream			
いるかねむ	入夏ねむ	人名	人名	人名	upstream			
ねむ	入夏ねむ	人名	人名	人名	upstream			
ねこざねりょう	猫実りょう	人名	人名	人名	upstream			
りょう	猫実りょう	人名	人名	人名	upstream			
ゆずきまひろ	結月マヒロ	人名	人名	人名	upstream			
まひろ	結月マヒロ	人名	人名	人名	upstream			
あかほしすいか	赤星すい花	人名	人名	人名	upstream			
すいか	赤星すい花	人名	人名	人名	upstream			
ひもつばめ	空慕ツバメ	人名	人名	人名	upstream			
つばめ	空慕ツバメ	人名	人名	人名	upstream			
るき	琉希	人名	人名	人名	upstream			
のうはかいゆるす	脳破戒ゆるす	人名	人名	人名	upstream			
ゆるす	脳破戒ゆるす	人名	人名	人名	upstream			
わためなの	綿芽なの	人名	人名	人名	upstream			
なの	綿芽なの	人名	人名	人名	upstream			
おとなしくじら	音零くじら	人名	人名	人名	upstream			
くじら	音零くじら	人名	人名	人名	upstream			
すずかめる	鈴鹿梅瑠	人名	人名	人名	upstream			
める	鈴鹿梅瑠	人名	人名	人名	upstream			
あさなぎゆの	朝凪ゆの	人名	人名	人名	upstream			
ゆの	朝凪ゆの	人名	人名	人名	upstream			
きゆせふぃあ	希夢星ふぃあ	人名	人名	人名	upstream			
ふぃあ	希夢星ふぃあ	人名	人名	人名	upstream			
ななほしななや	七星七八	人名	人名	人名	upstream			
ななや	七星七八	人名	人名	人名	upstream			
ゆめかわゆに	夢川ゆに	人名	人名	人名	upstream			
ゆに	夢川ゆに	人名	人名	人名	upstream			
だいてんしちくわ	大天使ちくわ	人名	人名	人名	upstream			
ちくわ	大天使ちくわ	人名	人名	人名	upstream			
もちがせなゆり	望ヶ瀬なゆり	人名	人名	人名	upstream			
なゆり	望ヶ瀬なゆり	人名	人名	人名	upstream			
よすずよな	夜鈴ヨナ	人名	人名	人名	upstream			
よな	夜鈴ヨナ	人名	人名	人名	upstream			
まふゆ	舞冬	人名	人名	人名	upstream			
しらやきうな	白焼うな	人名	人名	人名	upstream			
うな	白焼うな	人名	人名	人名	upstream			
しんどうきゅう	新道きゅう	人名	人名	人名	upstream			
きゅう	新道きゅう	人名	人名	人名	upstream			
ゆずきりりな	柚木りりな	人名	人名	人名	upstream			
りりな	柚木りりな	人名	人名	人名	upstream			
あおいうた	蒼以ウタ	人名	人名	人名	upstream			
うた	蒼以ウタ	人名	人名	人名	upstream			
せんどうくるわな	千燈可露娜	人名	人名	人名	upstream			
くるわな	千燈可露娜	人名	人名	人名	upstream			
はくもちいづき	珀餅いづき	人名	人名	人名	upstream			
いづき	珀餅いづき	人名	人名	人名	upstream			
まんりききぃ	満力きぃ	人名	人名	人名	upstream			
まんりききい	満力きぃ	人名	人名	人名	upstream			
きぃ	満力きぃ	人名	人名	人名	upstream			
きい	満力きぃ	人名	人名	人名	upstream			
すまいる	進間イル	人名	人名	人名	upstream			
いる	進間イル	人名	人名	人名	upstream			
つきしろみお	月城ミオ	人名	人名	人名	upstream			
みお	月城ミオ	人名	人名	人名	upstream			
とうどうひじり	東堂ひじり	人名	人名	人名	upstream			
ひじり	東堂ひじり	人名	人名	人名	upstream			
ほしなせれね	星七セレネ	人名	人名	人名	upstream			
せれね	星七セレネ	人名	人名	人名	upstream			
けんざきあんな	剣先あんな	人名	人名	人名	upstream			
あんな	剣先あんな	人名	人名	人名	upstream			
くろいくろみ	黒井クロ美	人名	人名	人名	upstream			
くろみ	黒井クロ美	人名	人名	人名	upstream			
いおりじゅん	伊織潤	人名	人名	人名	upstream			
じゅん	伊織潤	人名	人名	人名	upstream			
くぬぎまな	功刀愛菜	人名	人名	人名	upstream			
まな	功刀愛菜	人名	人名	人名	upstream			
きねしまとと	きね島とと	人名	人名	人名	upstream			
とと	きね島とと	人名	人名	人名	upstream			
ほしみやまるす	星宮マルス	人名	人名	人名	upstream			
まるす	星宮マルス	人名	人名	人名	upstream			
ざんげきのしゅわわ	斬撃ノしゅわわ	人名	人名	人名	upstream			
しゅわわ	斬撃ノしゅわわ	人名	人名	人名	upstream			
かねがすみれい	鐘霞れい	人名	人名	人名	upstream			
れい	鐘霞れい	人名	人名	人名	upstream			
ひばないゆ	緋華いゆ	人名	人名	人名	upstream			
いゆ	緋華いゆ	人名	人名	人名	upstream			
しよいむあ	紫宵むあ	人名	人名	人名	upstream			
むあ	紫宵むあ	人名	人名	人名	upstream			
いずこえあ	何都エア	人名	人名	人名	upstream			
えあ	何都エア	人名	人名	人名	upstream			
いるなみるか	入琉浪るか	人名	人名	人名	upstream			
るか	入琉浪るか	人名	人名	人名	upstream			
よはなだはか	夜縹はか	人名	人名	人名	upstream			
はか	夜縹はか	人名	人名	人名	upstream			
でぃあゆあふーる	ディア・ユアフール	人名	人名	人名	upstream			
でぃあ	ディア・ユアフール	人名	人名	人名	upstream			
りこういりや	利巧いりや	人名	人名	人名	upstream			
りや	利巧いりや	人名	人名	人名	upstream			
ありまるぺる	有馬るぺる	人名	人名	人名	upstream			
るぺる	有馬るぺる	人名	人名	人名	upstream			
のめいちぇる	呑酩ちぇる	人名	人名	人名	upstream			
ちぇる	呑酩ちぇる	人名	人名	人名	upstream			
まがいあくま	魔骸あくま	人名	人名	人名	upstream			
あくま	魔骸あくま	人名	人名	人名	upstream			
ますいあめり	麻吹あめり	人名	人名	人名	upstream			
あめり	麻吹あめり	人名	人名	人名	upstream			
くそうかき	来荘かき	人名	人名	人名	upstream			
かき	来荘かき	人名	人名	人名	upstream			
えびせいしゅり	海老栖しゅり	人名	人名	人名	upstream			
しゅり	海老栖しゅり	人名	人名	人名	upstream			
そめいのよし	染猪野よし	人名	人名	人名	upstream			
よし	染猪野よし	人名	人名	人名	upstream			
ふかゆめれむ	深夢れむ	人名	人名	人名	upstream			
れむ	深夢れむ	人名	人名	人名	upstream			
よわうぃいのち	弱ゐ生命	人名	人名	人名	upstream			
ょわゐいのち	弱ゐ生命	人名	人名	人名	upstream			
よわいいのち	弱ゐ生命	人名	人名	人名	upstream			
よわゐいのち	弱ゐ生命	人名	人名	人名	upstream			
いのち	弱ゐ生命	人名	人名	人名	upstream			
あきらめるな	甘煌るな	人名	人名	人名	upstream			
るな	甘煌るな	人名	人名	人名	upstream			
まてんまてゅ	魔天まてゅ	人名	人名	人名	upstream			
まてゅ	魔天まてゅ	人名	人名	人名	upstream			
つたもりつづり	蔦森つづり	人名	人名	人名	upstream			
つづり	蔦森つづり	人名	人名	人名	upstream			
あんじょうみずき	暗条海月	人名	人名	人名	upstream			
みずき	暗条海月	人名	人名	人名	upstream			
ほなみやえ	穂波やえ	人名	人名	人名	upstream			
やえ	穂波やえ	人名	人名	人名	upstream			
いかすみせぴあ	烏賊墨せぴあ	人名	人名	人名	upstream			
せぴあ	烏賊墨せぴあ	人名	人名	人名	upstream			
いちょうぎん	銀杏銀	人名	人名	人名	upstream			
ぎん	銀杏銀	人名	人名	人名	upstream			
しいの	椎乃。	人名	人名	人名	upstream			
しらふじゆい	白藤由比	人名	人名	人名	upstream			
ゆい	白藤由比	人名	人名	人名	upstream			
とうろうさいと	灯籠サイト	人名	人名	人名	upstream			
さいと	灯籠サイト	人名	人名	人名	upstream			
うみねこほたて	海猫ほたて	人名	人名	人名	upstream			
ほたて	海猫ほたて	人名	人名	人名	upstream			
しおやうゆに	塩谷ウユニ	人名	人名	人名	upstream			
うゆに	塩谷ウユニ	人名	人名	人名	upstream			
ひなはねいのか	雛羽いのか	人名	人名	人名	upstream			
いのか	雛羽いのか	人名	人名	人名	upstream			
なゆめにあ	愛夢にあ	人名	人名	人名	upstream			
にあ	愛夢にあ	人名	人名	人名	upstream			
こまつらむ	黒茉らむ	人名	人名	人名	upstream			
らむ	黒茉らむ	人名	人名	人名	upstream			
くさびすふえ	楔すふえ	人名	人名	人名	upstream			
すふえ	楔すふえ	人名	人名	人名	upstream			
ゆえむちう	故夢ちう	人名	人名	人名	upstream			
ちう	故夢ちう	人名	人名	人名	upstream			
うたおりたわし	歌織たわし	人名	人名	人名	upstream			
たわし	歌織たわし	人名	人名	人名	upstream			
つきみあま	月見あま	人名	人名	人名	upstream			
あま	月見あま	人名	人名	人名	upstream			
うみのなおひと	海野ナオヒト	人名	人名	人名	upstream			
なおひと	海野ナオヒト	人名	人名	人名	upstream			
かの	椛乃	人名	人名	人名	upstream			
わらべこまめこ	童戸まめこ	人名	人名	人名	upstream			
まめこ	童戸まめこ	人名	人名	人名	upstream			
あめたまこうぎょう	天玉興業	人名	人名	人名	upstream			
ますこっとちゃん	マスコットちゃん	人名	人名	人名	upstream			
ようろうれもん	羊狼レモン	人名	人名	人名	upstream			
れもん	羊狼レモン	人名	人名	人名	upstream			
みうらこう	水卜コウ	人名	人名	人名	upstream			
こう	水卜コウ	人名	人名	人名	upstream			
あまやいっきゅう	雨矢一弓	人名	人名	人名	upstream			
いっきゅう	雨矢一弓	人名	人名	人名	upstream			
みうみうぃらに	深海ウィラニ	人名	人名	人名	upstream			
うぃらに	深海ウィラニ	人名	人名	人名	upstream			
つきしまぽむぽむ	月島ポムポム	人名	人名	人名	upstream			
ぽむぽむ	月島ポムポム	人名	人名	人名	upstream			
おしのりほろろ	忍ノ竜ほろろ	人名	人名	人名	upstream			
ほろろ	忍ノ竜ほろろ	人名	人名	人名	upstream			
ときしろらゔぃ	時白ラヴィ	人名	人名	人名	upstream			
らゔぃ	時白ラヴィ	人名	人名	人名	upstream			
ひなかわりあ	雛川りあ	人名	人名	人名	upstream			
りあ	雛川りあ	人名	人名	人名	upstream			
ゆうぎりいしゅ	夕霧いしゅ	人名	人名	人名	upstream			
いしゅ	夕霧いしゅ	人名	人名	人名	upstream			
わすれならるむ	勿忘らるむ	人名	人名	人名	upstream			
らるむ	勿忘らるむ	人名	人名	人名	upstream			
のもりるう	野森るう	人名	人名	人名	upstream			
るう	野森るう	人名	人名	人名	upstream			
いなかもん	田舎モン	人名	人名	人名	upstream			
もん	田舎モン	人名	人名	人名	upstream			
ときのはいのり	時ノ葉いのり	人名	人名	人名	upstream			
いのり	時ノ葉いのり	人名	人名	人名	upstream			
つきぎしりん	月岸りん	人名	人名	人名	upstream			
りん	月岸りん	人名	人名	人名	upstream			
なごりすみか	名残すみか	人名	人名	人名	upstream			
すみか	名残すみか	人名	人名	人名	upstream			
さちとうてみ	幸童てみ	人名	人名	人名	upstream			
てみ	幸童てみ	人名	人名	人名	upstream			
はるかわいちこ	春川いちこ	人名	人名	人名	upstream			
いちこ	春川いちこ	人名	人名	人名	upstream			
あけざくまち	暁櫻マチ	人名	人名	人名	upstream			
まち	暁櫻マチ	人名	人名	人名	upstream			
あまかぜのなりぃ	雨風ノナリィ	人名	人名	人名	upstream			
のなりぃ	雨風ノナリィ	人名	人名	人名	upstream			
ねむいのらり	眠ヰのらり	人名	人名	人名	upstream			
ねむゐのらり	眠ヰのらり	人名	人名	人名	upstream			
のらり	眠ヰのらり	人名	人名	人名	upstream			
みとらきら	未虎キラ	人名	人名	人名	upstream			
きら	未虎キラ	人名	人名	人名	upstream			
あめのうづめ	雨ノうづめ	人名	人名	人名	upstream			
うづめ	雨ノうづめ	人名	人名	人名	upstream			
まじないいひ	咒井イヒ	人名	人名	人名	upstream			
いひ	咒井イヒ	人名	人名	人名	upstream			
きれいばひなた	綺麗葉ひなた	人名	人名	人名	upstream			
ひなた	綺麗葉ひなた	人名	人名	人名	upstream			
ひすいれん	翡翠レン	人名	人名	人名	upstream			
れん	翡翠レン	人名	人名	人名	upstream			
はなやまでいじー	花山でいじー	人名	人名	人名	upstream			
でいじー	花山でいじー	人名	人名	人名	upstream			
みくるせはな	未来瀬花	人名	人名	人名	upstream			
はな	未来瀬花	人名	人名	人名	upstream			
こうめ	紅梅	人名	人名	人名	upstream			
あめしろなび	飴白なび	人名	人名	人名	upstream			
なび	飴白なび	人名	人名	人名	upstream			
しょうえんるな	蛸煙ルナ	人名	人名	人名	upstream			
るな	蛸煙ルナ	人名	人名	人名	upstream			
かたいねね	花袋ねね	人名	人名	人名	upstream			
ねね	花袋ねね	人名	人名	人名	upstream			
ねこねにこ	猫祢にこ	人名	人名	人名	upstream			
にこ	猫祢にこ	人名	人名	人名	upstream			
るりくろえ	瑠璃クロエ	人名	人名	人名	upstream			
くろえ	瑠璃クロエ	人名	人名	人名	upstream			
あめみつふぁるま	雨蜜ふぁるま	人名	人名	人名	upstream			
ふぁるま	雨蜜ふぁるま	人名	人名	人名	upstream			
はるな	晴虹	人名	人名	人名	upstream			
しんどうふぃん	進導フィン	人名	人名	人名	upstream			
ふぃん	進導フィン	人名	人名	人名	upstream			
みなみさえ	南紗英	人名	人名	人名	upstream			
さえ	南紗英	人名	人名	人名	upstream			
よざくらゆき	夜桜ゆき	人名	人名	人名	upstream			
ゆき	夜桜ゆき	人名	人名	人名	upstream			
あまじきそう	天喰そう	人名	人名	人名	upstream			
そう	天喰そう	人名	人名	人名	upstream			
こんせのあ	紺瀬のあ	人名	人名	人名	upstream			
のあ	紺瀬のあ	人名	人名	人名	upstream			
ひみつそのおとぎ	秘密園オトギ	人名	人名	人名	upstream			
おとぎ	秘密園オトギ	人名	人名	人名	upstream			
みーちゃそ	ミーチャソ	人名	人名	人名	upstream			
もちごま	もちゴマ	人名	人名	人名	upstream			
すい	すい	人名	人名	人名	upstream			
なるいかずちかい	鳴雷かい	人名	人名	人名	upstream			
かい	鳴雷かい	人名	人名	人名	upstream			
まりねりま	満莉音りま	人名	人名	人名	upstream			
りま	満莉音りま	人名	人名	人名	upstream			
かみじきあむ	神喰あむ	人名	人名	人名	upstream			
あむ	神喰あむ	人名	人名	人名	upstream			
きみかげすずね	君影鈴音	人名	人名	人名	upstream			
すずね	君影鈴音	人名	人名	人名	upstream			
しろせめいめい	白瀬冥々	人名	人名	人名	upstream			
めいめい	白瀬冥々	人名	人名	人名	upstream			
はすみぬい	羽澄ぬい	人名	人名	人名	upstream			
ぬい	羽澄ぬい	人名	人名	人名	upstream			
すずみやらん	鈴宮蘭	人名	人名	人名	upstream			
らん	鈴宮蘭	人名	人名	人名	upstream			
たなかなな	田中ナナ	人名	人名	人名	upstream			
なな	田中ナナ	人名	人名	人名	upstream			
かみしゃま	かみしゃま	人名	人名	人名	upstream			
わかくさことひめ	若草寿兎姫	人名	人名	人名	upstream			
ことひめ	若草寿兎姫	人名	人名	人名	upstream			
はなみこはね	花見こはね	人名	人名	人名	upstream			
こはね	花見こはね	人名	人名	人名	upstream			
はおういんきゃさりん	覇凰院キャサリン	人名	人名	人名	upstream			
きゃさりん	覇凰院キャサリン	人名	人名	人名	upstream			
はいめせら	琲夢せら	人名	人名	人名	upstream			
せら	琲夢せら	人名	人名	人名	upstream			
ほんどたぬき	本渡たぬき	人名	人名	人名	upstream			
たぬき	本渡たぬき	人名	人名	人名	upstream			
おきたあおい	沖田葵	人名	人名	人名	upstream			
あおい	沖田葵	人名	人名	人名	upstream			
とちごむめ	兎苺むめ	人名	人名	人名	upstream			
むめ	兎苺むめ	人名	人名	人名	upstream			
りずきゅうこんちぇった	リズ・Q・コンチェッタ	人名	人名	人名	upstream			
りずきゅーこんちぇった	リズ・Q・コンチェッタ	人名	人名	人名	upstream			
りず	リズ・Q・コンチェッタ	人名	人名	人名	upstream			
てんきゅう	天球	人名	人名	人名	upstream			
しろいとくくる	白糸くくる	人名	人名	人名	upstream			
くくる	白糸くくる	人名	人名	人名	upstream			
こうさかみもざ	香坂ミモザ	人名	人名	人名	upstream			
みもざ	香坂ミモザ	人名	人名	人名	upstream			
あましろありあ	甘城ありあ	人名	人名	人名	upstream			
ありあ	甘城ありあ	人名	人名	人名	upstream			
ふじのみやび	不死乃雅	人名	人名	人名	upstream			
みやび	不死乃雅	人名	人名	人名	upstream			
ふしのやす	不死乃安	人名	人名	人名	upstream			
やす	不死乃安	人名	人名	人名	upstream			
ふしのゆう	不死乃優	人名	人名	人名	upstream			
ゆう	不死乃優	人名	人名	人名	upstream			
にこあれいすたーめるきぜてくのーでん	ニコ・A・メルキゼテクノーデン	人名	人名	人名	upstream			
にこえーめるきぜてくのーでん	ニコ・A・メルキゼテクノーデン	人名	人名	人名	upstream			
にこ	ニコ・A・メルキゼテクノーデン	人名	人名	人名	upstream			
あまうたいのれ	天詩いのれ	人名	人名	人名	upstream			
いのれ	天詩いのれ	人名	人名	人名	upstream			
かさねさんきろへるつ	花彩音_3kHz	人名	人名	人名	upstream			
さんきろへるつ	花彩音_3kHz	人名	人名	人名	upstream			
かさね	花彩音_3kHz	人名	人名	人名	upstream			
さもんしゃな	左門しゃな	人名	人名	人名	upstream			
しゃな	左門しゃな	人名	人名	人名	upstream			
ゆめみるるの	夢観るるの	人名	人名	人名	upstream			
るるの	夢観るるの	人名	人名	人名	upstream			
ねこづきらびぃ	猫月らびぃ	人名	人名	人名	upstream			
らびぃ	猫月らびぃ	人名	人名	人名	upstream			
つきみゆきと	月光雪音	人名	人名	人名	upstream			
ゆきと	月光雪音	人名	人名	人名	upstream			
よつみえど	四海エド	人名	人名	人名	upstream			
えど	四海エド	人名	人名	人名	upstream			
すいぎょくえめら	翠玉エメラ	人名	人名	人名	upstream			
えめら	翠玉エメラ	人名	人名	人名	upstream			
ひまりいち	日毬いち	人名	人名	人名	upstream			
いち	日毬いち	人名	人名	人名	upstream			
かくよくりぃむ	赫翼リィム	人名	人名	人名	upstream			
かくよくりいむ	赫翼リィム	人名	人名	人名	upstream			
りぃむ	赫翼リィム	人名	人名	人名	upstream			
りいむ	赫翼リィム	人名	人名	人名	upstream			
りらあ	莉拉可	人名	人名	人名	upstream			
つじがはなりおう	辻ヶ花りおう	人名	人名	人名	upstream			
りおう	辻ヶ花りおう	人名	人名	人名	upstream			
はいひめるれ	灰姫るれ	人名	人名	人名	upstream			
るれ	灰姫るれ	人名	人名	人名	upstream			
あまねおゆ	甘音おゆ	人名	人名	人名	upstream			
おゆ	甘音おゆ	人名	人名	人名	upstream			
かわいばにい	河合ばにい	人名	人名	人名	upstream			
ばにい	河合ばにい	人名	人名	人名	upstream			
おきなみりゅう	沖波リュウ	人名	人名	人名	upstream			
りゅう	沖波リュウ	人名	人名	人名	upstream			
みけいぬさん	みけ犬さん	人名	人名	人名	upstream			
ほしぞらのきき	星空乃キキ	人名	人名	人名	upstream			
きき	星空乃キキ	人名	人名	人名	upstream			
まよいのれいあ	真宵乃レイア	人名	人名	人名	upstream			
れいあ	真宵乃レイア	人名	人名	人名	upstream			
こうぎょくるびぃ	紅玉るびぃ	人名	人名	人名	upstream			
こうぎょくるびい	紅玉るびぃ	人名	人名	人名	upstream			
るびぃ	紅玉るびぃ	人名	人名	人名	upstream			
るびい	紅玉るびぃ	人名	人名	人名	upstream			
いちじょうせな	一条せな	人名	人名	人名	upstream			
せな	一条せな	人名	人名	人名	upstream			
うか	兎花	人名	人名	人名	upstream			
すのはらすず	春原すず	人名	人名	人名	upstream			
すず	春原すず	人名	人名	人名	upstream			
あまなぎなぎ	天凪なぎ	人名	人名	人名	upstream			
なぎ	天凪なぎ	人名	人名	人名	upstream			
ふくながきたる	福永きたる	人名	人名	人名	upstream			
きたる	福永きたる	人名	人名	人名	upstream			
ほうりゅうまどろ	宝龍まどろ	人名	人名	人名	upstream			
まどろ	宝龍まどろ	人名	人名	人名	upstream			
ねこさきるる	猫崎ルル	人名	人名	人名	upstream			
るる	猫崎ルル	人名	人名	人名	upstream			
つばききんつば	椿きんつば	人名	人名	人名	upstream			
きんつば	椿きんつば	人名	人名	人名	upstream			
くらんはぴせ	玖蘭はぴせ	人名	人名	人名	upstream			
はぴせ	玖蘭はぴせ	人名	人名	人名	upstream			
けいこうせん	蛍光セン	人名	人名	人名	upstream			
せん	蛍光セン	人名	人名	人名	upstream			
ねこまよる	猫毬よる	人名	人名	人名	upstream			
よる	猫毬よる	人名	人名	人名	upstream			
とうわえりあ	灯羽えりあ	人名	人名	人名	upstream			
えりあ	灯羽えりあ	人名	人名	人名	upstream			
あまみやさか	天海やさか	人名	人名	人名	upstream			
やさか	天海やさか	人名	人名	人名	upstream			
あまそらこはね	天空こはね	人名	人名	人名	upstream			
こはね	天空こはね	人名	人名	人名	upstream			
ふっくらていおあげ	福良亭おあげ	人名	人名	人名	upstream			
おあげ	福良亭おあげ	人名	人名	人名	upstream			
なかひまるあ	中閑るあ	人名	人名	人名	upstream			
るあ	中閑るあ	人名	人名	人名	upstream			
あまねえと	天羽えと	人名	人名	人名	upstream			
えと	天羽えと	人名	人名	人名	upstream			
すみ	すみ	人名	人名	人名	upstream			
これえだあきら	此朶アキラ	人名	人名	人名	upstream			
あきら	此朶アキラ	人名	人名	人名	upstream			
ふありどめ	有留風	人名	人名	人名	upstream			
てんまるらき	天丸ラキ	人名	人名	人名	upstream			
らき	天丸ラキ	人名	人名	人名	upstream			
きりさきあきら	霧崎晶	人名	人名	人名	upstream			
あきら	霧崎晶	人名	人名	人名	upstream			
あこやぱぁる	阿古屋ぱぁる	人名	人名	人名	upstream			
ぱぁる	阿古屋ぱぁる	人名	人名	人名	upstream			
ぱーる	阿古屋ぱぁる	人名	人名	人名	upstream			
すずくれたき	涼呉多希	人名	人名	人名	upstream			
たき	涼呉多希	人名	人名	人名	upstream			
こひなたひよの	小日向ひよの	人名	人名	人名	upstream			
ひよの	小日向ひよの	人名	人名	人名	upstream			
ふるわめる	降羽める	人名	人名	人名	upstream			
める	降羽める	人名	人名	人名	upstream			
にしひばり	西雲雀	人名	人名	人名	upstream			
ひばり	西雲雀	人名	人名	人名	upstream			
ふわわちゎ	ふわわちゎ	人名	人名	人名	upstream			
こちょうかなで	虎蝶奏	人名	人名	人名	upstream			
かなで	虎蝶奏	人名	人名	人名	upstream			
おうどうねる	桜堂ねる	人名	人名	人名	upstream			
ねる	桜堂ねる	人名	人名	人名	upstream			
ありながゆう	有永優	人名	人名	人名	upstream			
ゆう	有永優	人名	人名	人名	upstream			
はれおんなあめこ	晴れ女雨子	人名	人名	人名	upstream			
あめこ	晴れ女雨子	人名	人名	人名	upstream			
いわながさくら	岩永桜	人名	人名	人名	upstream			
さくら	岩永桜	人名	人名	人名	upstream			
ねぎやままお	音來山マオ	人名	人名	人名	upstream			
まお	音來山マオ	人名	人名	人名	upstream			
はれのちてる	晴之千てる	人名	人名	人名	upstream			
てる	晴之千てる	人名	人名	人名	upstream			
さきゆき	先行き	人名	人名	人名	upstream			
いとやめる	糸矢める	人名	人名	人名	upstream			
める	糸矢める	人名	人名	人名	upstream			
うとうとと	憂冬とと	人名	人名	人名	upstream			
とと	憂冬とと	人名	人名	人名	upstream			
ひすいたゆ	緋翠たゆ	人名	人名	人名	upstream			
たゆ	緋翠たゆ	人名	人名	人名	upstream			
そらかぜそう	空風奏	人名	人名	人名	upstream			
そう	空風奏	人名	人名	人名	upstream			
きぼうある	希望ある	人名	人名	人名	upstream			
ある	希望ある	人名	人名	人名	upstream			
ていねんぴ	庭寝んぴ	人名	人名	人名	upstream			
んぴ	庭寝んぴ	人名	人名	人名	upstream			
かわいくろん	河ヰ偽	人名	人名	人名	upstream			
かわゐくろん	河ヰ偽	人名	人名	人名	upstream			
くろん	河ヰ偽	人名	人名	人名	upstream			
へたのあそび	下手乃あそび	人名	人名	人名	upstream			
あそび	下手乃あそび	人名	人名	人名	upstream			
ひめひめあんよ	姫々あんよ	人名	人名	人名	upstream			
あんよ	姫々あんよ	人名	人名	人名	upstream			
ゆずつ	夕星	人名	人名	人名	upstream			
ひすいみずな	緋翠みずな	人名	人名	人名	upstream			
みずな	緋翠みずな	人名	人名	人名	upstream			
あかさかあさ	朱坂あさ	人名	人名	人名	upstream			
あさ	朱坂あさ	人名	人名	人名	upstream			
おどろきのずんだもち	驚きのずんだ餅	人名	人名	人名	upstream			
ずんだもち	驚きのずんだ餅	人名	人名	人名	upstream			
はかばのなすこ	墓場乃なすこ	人名	人名	人名	upstream			
なすこ	墓場乃なすこ	人名	人名	人名	upstream			
あめはるみや	雨春みや	人名	人名	人名	upstream			
みや	雨春みや	人名	人名	人名	upstream			
くさはねむにゃ	草羽むにゃ	人名	人名	人名	upstream			
むにゃ	草羽むにゃ	人名	人名	人名	upstream			
あいぞらせりあ	藍空セリア	人名	人名	人名	upstream			
せりあ	藍空セリア	人名	人名	人名	upstream			
いかみみ	烏賊みみ	人名	人名	人名	upstream			
みみ	烏賊みみ	人名	人名	人名	upstream			
あまさきくろあ	甘崎くろあ	人名	人名	人名	upstream			
くろあ	甘崎くろあ	人名	人名	人名	upstream			
ゆめのえるる	夢音えるる	人名	人名	人名	upstream			
えるる	夢音えるる	人名	人名	人名	upstream			
みずきそういつ	水樹綜壱	人名	人名	人名	upstream			
そういつ	水樹綜壱	人名	人名	人名	upstream			
わたあめたま	綿雨タマ	人名	人名	人名	upstream			
たま	綿雨タマ	人名	人名	人名	upstream			
りょくえん	緑煙	人名	人名	人名	upstream			
ふきみやれい	不羈宮レイ	人名	人名	人名	upstream			
れい	不羈宮レイ	人名	人名	人名	upstream			
あおぞらつきみ	碧空月見	人名	人名	人名	upstream			
つきみ	碧空月見	人名	人名	人名	upstream			
あのねえと	亜ノ音えと	人名	人名	人名	upstream			
えと	亜ノ音えと	人名	人名	人名	upstream			
くうじょうえあら	空乗エアラ	人名	人名	人名	upstream			
えあら	空乗エアラ	人名	人名	人名	upstream			
しかのみやまゆこ	鹿乃宮マユコ	人名	人名	人名	upstream			
まゆこ	鹿乃宮マユコ	人名	人名	人名	upstream			
あめなぎにあ	飴凪にあ	人名	人名	人名	upstream			
にあ	飴凪にあ	人名	人名	人名	upstream			
あいぜんりすか	愛禅りすか	人名	人名	人名	upstream			
りすか	愛禅りすか	人名	人名	人名	upstream			
もちずきりぃね	望月りぃね	人名	人名	人名	upstream			
りぃね	望月りぃね	人名	人名	人名	upstream			
りいね	望月りぃね	人名	人名	人名	upstream			
みすみさんかっけい	三角△	人名	人名	人名	upstream			
きゅうすぎる	急須ぎる	人名	人名	人名	upstream			
ぎる	急須ぎる	人名	人名	人名	upstream			
しげんさいが	紫玄サイガ	人名	人名	人名	upstream			
さいが	紫玄サイガ	人名	人名	人名	upstream			
ねぐせりま	猫癖りま	人名	人名	人名	upstream			
りま	猫癖りま	人名	人名	人名	upstream			
すおうあおば	蘇芳あおば	人名	人名	人名	upstream			
あおば	蘇芳あおば	人名	人名	人名	upstream			
つじみねさくや	辻峰咲夜	人名	人名	人名	upstream			
さくや	辻峰咲夜	人名	人名	人名	upstream			
くずのいであ	屑野イデア	人名	人名	人名	upstream			
いであ	屑野イデア	人名	人名	人名	upstream			
ひなひなな	雛妃七	人名	人名	人名	upstream			
ひなな	雛妃七	人名	人名	人名	upstream			
ほしみすばる	星海昴	人名	人名	人名	upstream			
すばる	星海昴	人名	人名	人名	upstream			
かいねりん	快音りん	人名	人名	人名	upstream			
りん	快音りん	人名	人名	人名	upstream			
すめらぎあすか	皇朱鳥	人名	人名	人名	upstream			
あすか	皇朱鳥	人名	人名	人名	upstream			
あすたるえごせんにじゅっせい	アスタ・ルエゴMXX世	人名	人名	人名	upstream			
あすた	アスタ・ルエゴMXX世	人名	人名	人名	upstream			
ももみややよい	桃宮弥生	人名	人名	人名	upstream			
やよい	桃宮弥生	人名	人名	人名	upstream			
つむぎめい	紬絆めい	人名	人名	人名	upstream			
めい	紬絆めい	人名	人名	人名	upstream			
よやみあん	夜闇アン	人名	人名	人名	upstream			
あん	夜闇アン	人名	人名	人名	upstream			
はいばららるむ	灰棘らるむ	人名	人名	人名	upstream			
らるむ	灰棘らるむ	人名	人名	人名	upstream			
しらひさぎおれおー	白楸おれおー	人名	人名	人名	upstream			
おれおー	白楸おれおー	人名	人名	人名	upstream			
むつきいお	無月いお	人名	人名	人名	upstream			
いお	無月いお	人名	人名	人名	upstream			
せのはくと	青ノ白虎	人名	人名	人名	upstream			
はくと	青ノ白虎	人名	人名	人名	upstream			
あやせある	妖瀬アル	人名	人名	人名	upstream			
ある	妖瀬アル	人名	人名	人名	upstream			
はきりゆづる	葉桐ゆづる	人名	人名	人名	upstream			
はぎり	葉桐ゆづる	人名	人名	人名	upstream			
あまねこむに	甘猫むに	人名	人名	人名	upstream			
むに	甘猫むに	人名	人名	人名	upstream			
うすいしお	碓氷しお	人名	人名	人名	upstream			
しお	碓氷しお	人名	人名	人名	upstream			
よおご	憂憂果	人名	人名	人名	upstream			
ゆずきここあ	柚月ここあ	人名	人名	人名	upstream			
ここあ	柚月ここあ	人名	人名	人名	upstream			
ねこみやゆき	猫宮ゆき	人名	人名	人名	upstream			
ゆき	猫宮ゆき	人名	人名	人名	upstream			
あさのめざめ	朝乃めざめ。	人名	人名	人名	upstream			
めざめ	朝乃めざめ。	人名	人名	人名	upstream			
おもめちゆめ	重愛ちゆめ	人名	人名	人名	upstream			
ちゆめ	重愛ちゆめ	人名	人名	人名	upstream			
きさきるちぃ	妃るちぃ	人名	人名	人名	upstream			
きさきるちい	妃るちぃ	人名	人名	人名	upstream			
るちぃ	妃るちぃ	人名	人名	人名	upstream			
るちい	妃るちぃ	人名	人名	人名	upstream			
つきゆかりりりちよ	月紫凜々蝶	人名	人名	人名	upstream			
りりちよ	月紫凜々蝶	人名	人名	人名	upstream			
とうどうみとら	東堂美虎	人名	人名	人名	upstream			
みとら	東堂美虎	人名	人名	人名	upstream			
おもちあも	緒餅あも	人名	人名	人名	upstream			
あも	緒餅あも	人名	人名	人名	upstream			
あいみやゆら	藍宮ゆら	人名	人名	人名	upstream			
ゆら	藍宮ゆら	人名	人名	人名	upstream			
しらたますいか	白玉すいか	人名	人名	人名	upstream			
すいか	白玉すいか	人名	人名	人名	upstream			
さくらばるい	桜葉るい	人名	人名	人名	upstream			
るい	桜葉るい	人名	人名	人名	upstream			
しぶきえんま	紫吹えんま	人名	人名	人名	upstream			
えんま	紫吹えんま	人名	人名	人名	upstream			
しぐもしあ	紫雲しあ	人名	人名	人名	upstream			
しあ	紫雲しあ	人名	人名	人名	upstream			
ほしぞらあるる	星空あるる	人名	人名	人名	upstream			
あるる	星空あるる	人名	人名	人名	upstream			
つばきよさこい	椿よさこい	人名	人名	人名	upstream			
よさこい	椿よさこい	人名	人名	人名	upstream			
あまかぜせう	天風聖羽	人名	人名	人名	upstream			
せう	天風聖羽	人名	人名	人名	upstream			
くもかわあそび	雲川あそび	人名	人名	人名	upstream			
あそび	雲川あそび	人名	人名	人名	upstream			
くろねれお	黒寧れお	人名	人名	人名	upstream			
れお	黒寧れお	人名	人名	人名	upstream			
まこるもきゅ	まこるもきゅ	人名	人名	人名	upstream			
もきゅ	まこるもきゅ	人名	人名	人名	upstream			
ありすのとう	有栖乃トウ	人名	人名	人名	upstream			
とう	有栖乃トウ	人名	人名	人名	upstream			
ほほそめしるあ	頬染シルア	人名	人名	人名	upstream			
しるあ	頬染シルア	人名	人名	人名	upstream			
せらっふぇ	瑟拉馡	人名	人名	人名	upstream			
まきのごぉとお	牧野ごぉとお	人名	人名	人名	upstream			
まきのごおとお	牧野ごぉとお	人名	人名	人名	upstream			
ごぉとお	牧野ごぉとお	人名	人名	人名	upstream			
ごおとお	牧野ごぉとお	人名	人名	人名	upstream			
みらくじやら	弥楽寺やら	人名	人名	人名	upstream			
やら	弥楽寺やら	人名	人名	人名	upstream			
あおばえめ	青葉えめ	人名	人名	人名	upstream			
えめ	青葉えめ	人名	人名	人名	upstream			
まいかぜまお	舞風まお	人名	人名	人名	upstream			
まお	舞風まお	人名	人名	人名	upstream			
ゆめあふるる	夢溢るる	人名	人名	人名	upstream			
るる	夢溢るる	人名	人名	人名	upstream			
あんもし	安無希	人名	人名	人名	upstream			
ななしねも	名無ネモ	人名	人名	人名	upstream			
ねも	名無ネモ	人名	人名	人名	upstream			
でこもりびびり	凸守ビビり	人名	人名	人名	upstream			
びびり	凸守ビビり	人名	人名	人名	upstream			
とさかかなと	橙坂奏兎	人名	人名	人名	upstream			
かなと	橙坂奏兎	人名	人名	人名	upstream			
しおくらゆらぎ	栞倉ユラギ	人名	人名	人名	upstream			
ゆらぎ	栞倉ユラギ	人名	人名	人名	upstream			
つかいまのあ	使い魔ノア	人名	人名	人名	upstream			
のあ	使い魔ノア	人名	人名	人名	upstream			
あると	或ル兎	人名	人名	人名	upstream			
しやずきるの	紫夜月ルノ	人名	人名	人名	upstream			
るの	紫夜月ルノ	人名	人名	人名	upstream			
あまねなぎさ	天響渚	人名	人名	人名	upstream			
なぎさ	天響渚	人名	人名	人名	upstream			
ゆきやなぎりいら	雪柳リイラ	人名	人名	人名	upstream			
りいら	雪柳リイラ	人名	人名	人名	upstream			
しろつばきるか	白椿ルカ	人名	人名	人名	upstream			
るか	白椿ルカ	人名	人名	人名	upstream			
ほしいえむ	星井詠夢	人名	人名	人名	upstream			
えむ	星井詠夢	人名	人名	人名	upstream			
だてくまら	伊達クマラ	人名	人名	人名	upstream			
くまら	伊達クマラ	人名	人名	人名	upstream			
あんみねむ	安眠ねむ	人名	人名	人名	upstream			
ねむ	安眠ねむ	人名	人名	人名	upstream			
みやびしろ	宮比しろ	人名	人名	人名	upstream			
しろ	宮比しろ	人名	人名	人名	upstream			
ゆうもくりん	幽墨リン	人名	人名	人名	upstream			
りん	幽墨リン	人名	人名	人名	upstream			
こんるりゆき	紺瑠璃ゆき	人名	人名	人名	upstream			
ゆき	紺瑠璃ゆき	人名	人名	人名	upstream			
ふるしろあてね	古城アテネ	人名	人名	人名	upstream			
あてね	古城アテネ	人名	人名	人名	upstream			
ささきいち	楽々きいち	人名	人名	人名	upstream			
きいち	楽々きいち	人名	人名	人名	upstream			
わのさきまりね	環ノ咲まりね	人名	人名	人名	upstream			
まりね	環ノ咲まりね	人名	人名	人名	upstream			
しる	希露	人名	人名	人名	upstream			
かだんちゅり	花壇ちゅり	人名	人名	人名	upstream			
ちゅり	花壇ちゅり	人名	人名	人名	upstream			
ゆめくにみら	夢国みら	人名	人名	人名	upstream			
みら	夢国みら	人名	人名	人名	upstream			
まきおぺけ	巻尾ペケ	人名	人名	人名	upstream			
ぺけ	巻尾ペケ	人名	人名	人名	upstream			
くろきのおるか	黒城乃オルカ	人名	人名	人名	upstream			
おるか	黒城乃オルカ	人名	人名	人名	upstream			
うはなゆに	雲花ゆに	人名	人名	人名	upstream			
ゆに	雲花ゆに	人名	人名	人名	upstream			
あまよいるうら	天宵るうら	人名	人名	人名	upstream			
るうら	天宵るうら	人名	人名	人名	upstream			
うたかたぺるる	泡沫ペルル	人名	人名	人名	upstream			
ぺるる	泡沫ペルル	人名	人名	人名	upstream			
とぽろとき	斗帆路トキ	人名	人名	人名	upstream			
とき	斗帆路トキ	人名	人名	人名	upstream			
うらなしつぐも	うらなし継雲	人名	人名	人名	upstream			
つぐも	うらなし継雲	人名	人名	人名	upstream			
あまみぷりん	甘望ぷりん	人名	人名	人名	upstream			
ぷりん	甘望ぷりん	人名	人名	人名	upstream			
あまぞらくう	天空雲羽	人名	人名	人名	upstream			
くう	天空雲羽	人名	人名	人名	upstream			
ゆうはくうぇの	羊白うぇの	人名	人名	人名	upstream			
うぇの	羊白うぇの	人名	人名	人名	upstream			
うちゅうえり	宇宙えり	人名	人名	人名	upstream			
えり	宇宙えり	人名	人名	人名	upstream			
さくやみるな	朔闇るな	人名	人名	人名	upstream			
るな	朔闇るな	人名	人名	人名	upstream			
うきうか	雨季うか	人名	人名	人名	upstream			
うか	雨季うか	人名	人名	人名	upstream			
いぬまるえのき	犬丸えのき	人名	人名	人名	upstream			
えのき	犬丸えのき	人名	人名	人名	upstream			
わく	和玖	人名	人名	人名	upstream			
ぺるるてぃーがーでん	ペルル．T．ガーデン	人名	人名	人名	upstream			
ぺるる	ペルル．T．ガーデン	人名	人名	人名	upstream			
つきなぎよる	月凪よる	人名	人名	人名	upstream			
よる	月凪よる	人名	人名	人名	upstream			
みれいべる	碧玲べる	人名	人名	人名	upstream			
べる	碧玲べる	人名	人名	人名	upstream			
はくくろあ	白くろあ	人名	人名	人名	upstream			
くろあ	白くろあ	人名	人名	人名	upstream			
むらかみたろす	村上タロス	人名	人名	人名	upstream			
たろす	村上タロス	人名	人名	人名	upstream			
みさきかげろう	御崎陽炎	人名	人名	人名	upstream			
かげろう	御崎陽炎	人名	人名	人名	upstream			
あまあいそらは	雨間そらは	人名	人名	人名	upstream			
そらは	雨間そらは	人名	人名	人名	upstream			
やまねこるるす	山猫ルルス	人名	人名	人名	upstream			
るるす	山猫ルルス	人名	人名	人名	upstream			
よいやみのあ	宵闇のあ	人名	人名	人名	upstream			
のあ	宵闇のあ	人名	人名	人名	upstream			
つくがみくろ	月咬狂狼	人名	人名	人名	upstream			
くろ	月咬狂狼	人名	人名	人名	upstream			
うちきなと	内木奈恋	人名	人名	人名	upstream			
なと	内木奈恋	人名	人名	人名	upstream			
ひすみらぴ	氷澄らぴ	人名	人名	人名	upstream			
らぴ	氷澄らぴ	人名	人名	人名	upstream			
あおぞらあのこ	青空あのこ	人名	人名	人名	upstream			
あのこ	青空あのこ	人名	人名	人名	upstream			
ねこまもか	猫魔もか	人名	人名	人名	upstream			
もか	猫魔もか	人名	人名	人名	upstream			
たてにしともや	館西智也	人名	人名	人名	upstream			
ともや	館西智也	人名	人名	人名	upstream			
はかりかさね	秤累	人名	人名	人名	upstream			
かさね	秤累	人名	人名	人名	upstream			
こともりめい	小戸森芽依	人名	人名	人名	upstream			
めい	小戸森芽依	人名	人名	人名	upstream			
ここいてね	狐恋てね	人名	人名	人名	upstream			
てね	狐恋てね	人名	人名	人名	upstream			
ひいろれん	緋綺レン	人名	人名	人名	upstream			
れん	緋綺レン	人名	人名	人名	upstream			
やまだたけし	山田たけし	人名	人名	人名	upstream			
たけし	山田たけし	人名	人名	人名	upstream			
はなろくしょうかなで	花緑青カナデ	人名	人名	人名	upstream			
かなで	花緑青カナデ	人名	人名	人名	upstream			
きさらぎあおい	如月葵	人名	人名	人名	upstream			
あおい	如月葵	人名	人名	人名	upstream			
しんしょうめら	進将めら	人名	人名	人名	upstream			
めら	進将めら	人名	人名	人名	upstream			
うたうもる	咏羽もる	人名	人名	人名	upstream			
もる	咏羽もる	人名	人名	人名	upstream			
みてるぅ	御手ルゥ	人名	人名	人名	upstream			
みてるう	御手ルゥ	人名	人名	人名	upstream			
るぅ	御手ルゥ	人名	人名	人名	upstream			
るう	御手ルゥ	人名	人名	人名	upstream			
そうるふるーる	奏瑠フルール	人名	人名	人名	upstream			
ふるーる	奏瑠フルール	人名	人名	人名	upstream			
くりすここの	栗栖ここの	人名	人名	人名	upstream			
ここの	栗栖ここの	人名	人名	人名	upstream			
せいきまつまほうしょうじょですてぃにぃ	世紀末魔法少女ですてぃにぃ	人名	人名	人名	upstream			
ですてぃにぃ	世紀末魔法少女ですてぃにぃ	人名	人名	人名	upstream			
しだちよ	獅田ちよ	人名	人名	人名	upstream			
ちよ	獅田ちよ	人名	人名	人名	upstream			
ほしずくあすたー	星雫アスター	人名	人名	人名	upstream			
あすたー	星雫アスター	人名	人名	人名	upstream			
しらゆめふゆ	白夢ふゆ	人名	人名	人名	upstream			
ふゆ	白夢ふゆ	人名	人名	人名	upstream			
かがやきうたは	輝詩葉	人名	人名	人名	upstream			
うたは	輝詩葉	人名	人名	人名	upstream			
あまゆめりぃか	甘夢りぃか	人名	人名	人名	upstream			
あまゆめりいか	甘夢りぃか	人名	人名	人名	upstream			
りぃか	甘夢りぃか	人名	人名	人名	upstream			
りいか	甘夢りぃか	人名	人名	人名	upstream			
はんげつりお	半月リオ	人名	人名	人名	upstream			
りお	半月リオ	人名	人名	人名	upstream			
つきしろわらび	月城わらび	人名	人名	人名	upstream			
わらび	月城わらび	人名	人名	人名	upstream			
ゆうほりりあ	夕堀リア	人名	人名	人名	upstream			
りあ	夕堀リア	人名	人名	人名	upstream			
くろちょうしんじゅ	黒蝶しんじゅ	人名	人名	人名	upstream			
しんじゅ	黒蝶しんじゅ	人名	人名	人名	upstream			
しすいにむ	紫翠にむ	人名	人名	人名	upstream			
にむ	紫翠にむ	人名	人名	人名	upstream			
さとうゆきの	さとう雪乃	人名	人名	人名	upstream			
ゆきの	さとう雪乃	人名	人名	人名	upstream			
うわばみぜの	蟒蛇ゼノ	人名	人名	人名	upstream			
ぜの	蟒蛇ゼノ	人名	人名	人名	upstream			
はくとよう	白兎よう	人名	人名	人名	upstream			
よう	白兎よう	人名	人名	人名	upstream			
ぎえん	ギエン	人名	人名	人名	upstream			
ゆきづきみう	雪月みう	人名	人名	人名	upstream			
みう	雪月みう	人名	人名	人名	upstream			
ゆゆえ	羽月	人名	人名	人名	upstream			
あかさきあたり	赤咲アタリ	人名	人名	人名	upstream			
あたり	赤咲アタリ	人名	人名	人名	upstream			
こくさんからす	黒産カラス	人名	人名	人名	upstream			
からす	黒産カラス	人名	人名	人名	upstream			
すいなさい	推奈彩	人名	人名	人名	upstream			
さい	推奈彩	人名	人名	人名	upstream			
げつかすい	月香翠	人名	人名	人名	upstream			
すい	月香翠	人名	人名	人名	upstream			
こしぐもえいる	越雲エイル	人名	人名	人名	upstream			
えいる	越雲エイル	人名	人名	人名	upstream			
ふら	呼拉	人名	人名	人名	upstream			
はいあおつづり	灰蒼綴	人名	人名	人名	upstream			
つづり	灰蒼綴	人名	人名	人名	upstream			
ただのゆに	唯乃ゆに	人名	人名	人名	upstream			
ゆに	唯乃ゆに	人名	人名	人名	upstream			
あるせいどゆう	アルセイド優雨	人名	人名	人名	upstream			
ゆう	アルセイド優雨	人名	人名	人名	upstream			
ひざくらいりす	燈桜イリス	人名	人名	人名	upstream			
いりす	燈桜イリス	人名	人名	人名	upstream			
やわはらこと	柔原こと	人名	人名	人名	upstream			
こと	柔原こと	人名	人名	人名	upstream			
ありゅうりう	愛龍りう	人名	人名	人名	upstream			
りう	愛龍りう	人名	人名	人名	upstream			
あまつきさく	雨月さく	人名	人名	人名	upstream			
さく	雨月さく	人名	人名	人名	upstream			
おいなにおん	狼名ニオン	人名	人名	人名	upstream			
におん	狼名ニオン	人名	人名	人名	upstream			
ぼくのいる	僕乃イル	人名	人名	人名	upstream			
いる	僕乃イル	人名	人名	人名	upstream			
ふじねこのら	藤猫のら	人名	人名	人名	upstream			
のら	藤猫のら	人名	人名	人名	upstream			
あまてしさい	天照シサイ	人名	人名	人名	upstream			
しさい	天照シサイ	人名	人名	人名	upstream			
みなとずい	皆友ずい	人名	人名	人名	upstream			
ずい	皆友ずい	人名	人名	人名	upstream			
あんにんまいご	杏仁まいご	人名	人名	人名	upstream			
まいご	杏仁まいご	人名	人名	人名	upstream			
くさかべりこ	草壁リコ	人名	人名	人名	upstream			
りこ	草壁リコ	人名	人名	人名	upstream			
はやみさらさ	早見更紗	人名	人名	人名	upstream			
さらさ	早見更紗	人名	人名	人名	upstream			
ひなもりにいな	日奈森にいな	人名	人名	人名	upstream			
にいな	日奈森にいな	人名	人名	人名	upstream			
あおばぴお	青羽ピオ	人名	人名	人名	upstream			
ぴお	青羽ピオ	人名	人名	人名	upstream			
すこやか	健やか	人名	人名	人名	upstream			
ほしみずなな	星水なな	人名	人名	人名	upstream			
なな	星水なな	人名	人名	人名	upstream			
されい	砂霊	人名	人名	人名	upstream			
くまねこるき	熊猫るき	人名	人名	人名	upstream			
るき	熊猫るき	人名	人名	人名	upstream			
めいめいあんみ	瞑瞑あんみ	人名	人名	人名	upstream			
あんみ	瞑瞑あんみ	人名	人名	人名	upstream			
やつせななせ	八瀬七瀬	人名	人名	人名	upstream			
ななせ	八瀬七瀬	人名	人名	人名	upstream			
らんどうふみの	藍銅文乃	人名	人名	人名	upstream			
ふみの	藍銅文乃	人名	人名	人名	upstream			
きよぞうめる	きよ蔵める	人名	人名	人名	upstream			
める	きよ蔵める	人名	人名	人名	upstream			
くろねじろーぐ	黒捻ローグ	人名	人名	人名	upstream			
ろーぐ	黒捻ローグ	人名	人名	人名	upstream			
つきわりせな	月環リセナ	人名	人名	人名	upstream			
りせな	月環リセナ	人名	人名	人名	upstream			
あまみやゆるあ	甘宮ゆるあ	人名	人名	人名	upstream			
ゆるあ	甘宮ゆるあ	人名	人名	人名	upstream			
はなみやかやめ	花宮茅愛	人名	人名	人名	upstream			
かやめ	花宮茅愛	人名	人名	人名	upstream			
ねこはさくら	猫羽桜愛	人名	人名	人名	upstream			
さくら	猫羽桜愛	人名	人名	人名	upstream			
ゆめみおうじ	夢見皇子	人名	人名	人名	upstream			
ゆめみ	夢見皇子	人名	人名	人名	upstream			
そうぞららい	想空らい	人名	人名	人名	upstream			
らい	想空らい	人名	人名	人名	upstream			
こやしろやしろ	狐社やしろ	人名	人名	人名	upstream			
やしろ	狐社やしろ	人名	人名	人名	upstream			
さざなみうぃん	小波ウィン	人名	人名	人名	upstream			
うぃん	小波ウィン	人名	人名	人名	upstream			
かぶらぎすず	蕪城すず	人名	人名	人名	upstream			
すず	蕪城すず	人名	人名	人名	upstream			
くもいなり	雲井鳴	人名	人名	人名	upstream			
なり	雲井鳴	人名	人名	人名	upstream			
やまいかな	夜舞かな	人名	人名	人名	upstream			
かな	夜舞かな	人名	人名	人名	upstream			
とみなせいか	富名声加	人名	人名	人名	upstream			
せいか	富名声加	人名	人名	人名	upstream			
そらみやすみ	空宮すみ	人名	人名	人名	upstream			
すみ	空宮すみ	人名	人名	人名	upstream			
はるまゆき	春間ユキ	人名	人名	人名	upstream			
ゆき	春間ユキ	人名	人名	人名	upstream			
こまどやたくみ	小窓屋巧弥	人名	人名	人名	upstream			
たくみ	小窓屋巧弥	人名	人名	人名	upstream			
せんりつばき	旋律椿	人名	人名	人名	upstream			
つばき	旋律椿	人名	人名	人名	upstream			
せばすちゃんゆうなぎ	セバスチャン・悠那木	人名	人名	人名	upstream			
ゆうなぎ	セバスチャン・悠那木	人名	人名	人名	upstream			
ちいのり	ちいのり	人名	人名	人名	upstream			
あまみねしゃの	甘水猫シャノ	人名	人名	人名	upstream			
しゃの	甘水猫シャノ	人名	人名	人名	upstream			
かいさくころう	懈朔狐狼	人名	人名	人名	upstream			
ころう	懈朔狐狼	人名	人名	人名	upstream			
みずきそら	水透ソラ	人名	人名	人名	upstream			
そら	水透ソラ	人名	人名	人名	upstream			
みわらく	弥和らく	人名	人名	人名	upstream			
らく	弥和らく	人名	人名	人名	upstream			
はかなしまちこ	儚視まちこ	人名	人名	人名	upstream			
まちこ	儚視まちこ	人名	人名	人名	upstream			
あまつかれん	甜頓蓮	人名	人名	人名	upstream			
れん	甜頓蓮	人名	人名	人名	upstream			
かなめぴちょん	叶雨ぴちょん	人名	人名	人名	upstream			
ぴちょん	叶雨ぴちょん	人名	人名	人名	upstream			
こうべゆう	神戸ユウ	人名	人名	人名	upstream			
ゆう	神戸ユウ	人名	人名	人名	upstream			
よざきこぼし	夜咲小星	人名	人名	人名	upstream			
こぼし	夜咲小星	人名	人名	人名	upstream			
ししのとと	獅子野トト	人名	人名	人名	upstream			
とと	獅子野トト	人名	人名	人名	upstream			
いぶしぎん	燻ぎん	人名	人名	人名	upstream			
ぎん	燻ぎん	人名	人名	人名	upstream			
ほしのえふる	星乃絵ふる	人名	人名	人名	upstream			
ふる	星乃絵ふる	人名	人名	人名	upstream			
あられくぅ	霰くぅ	人名	人名	人名	upstream			
あられくう	霰くぅ	人名	人名	人名	upstream			
くぅ	霰くぅ	人名	人名	人名	upstream			
くう	霰くぅ	人名	人名	人名	upstream			
えんびょうはやて	煙猫颯	人名	人名	人名	upstream			
はやて	煙猫颯	人名	人名	人名	upstream			
ぜのまる	ゼノマル	人名	人名	人名	upstream			
おとみこーま	音海コーマ	人名	人名	人名	upstream			
こーま	音海コーマ	人名	人名	人名	upstream			
ういしみお	羽衣石みお	人名	人名	人名	upstream			
みお	羽衣石みお	人名	人名	人名	upstream			
こまいぬでぃお	珈豆犬でぃお	人名	人名	人名	upstream			
でぃお	珈豆犬でぃお	人名	人名	人名	upstream			
なーさん	なーさん	人名	人名	人名	upstream			
みなてらすうき	皆天照ウキ	人名	人名	人名	upstream			
うき	皆天照ウキ	人名	人名	人名	upstream			
ましろせな	魔城セナ	人名	人名	人名	upstream			
せな	魔城セナ	人名	人名	人名	upstream			
さわいぽこり	爽井ぽこり	人名	人名	人名	upstream			
ぽこり	爽井ぽこり	人名	人名	人名	upstream			
かんざきかなた	神崎奏汰	人名	人名	人名	upstream			
かなた	神崎奏汰	人名	人名	人名	upstream			
さがのうずら	佐ヶ乃うずら	人名	人名	人名	upstream			
うずら	佐ヶ乃うずら	人名	人名	人名	upstream			
ねむいのみみ	眠異ノみみ	人名	人名	人名	upstream			
みみ	眠異ノみみ	人名	人名	人名	upstream			
げんばこーじー	元馬コージー	人名	人名	人名	upstream			
こーじー	元馬コージー	人名	人名	人名	upstream			
かみやはるか	狼谷はるか	人名	人名	人名	upstream			
はるか	狼谷はるか	人名	人名	人名	upstream			
ゆずきより	柚月依	人名	人名	人名	upstream			
より	柚月依	人名	人名	人名	upstream			
めるせもふる	苺瀬もふる	人名	人名	人名	upstream			
もふる	苺瀬もふる	人名	人名	人名	upstream			
だだおかし	駄々おかし	人名	人名	人名	upstream			
おかし	駄々おかし	人名	人名	人名	upstream			
ねこはらすう	猫原すう	人名	人名	人名	upstream			
すう	猫原すう	人名	人名	人名	upstream			
あまくらりぃ	天倉りぃ	人名	人名	人名	upstream			
あまくらりい	天倉りぃ	人名	人名	人名	upstream			
りぃ	天倉りぃ	人名	人名	人名	upstream			
りい	天倉りぃ	人名	人名	人名	upstream			
さとうもも	さとうもも	人名	人名	人名	upstream			
もも	さとうもも	人名	人名	人名	upstream			
ふぇりしてふろーべーる	フェリシテ･フローベール	人名	人名	人名	upstream			
ふぇりして	フェリシテ･フローベール	人名	人名	人名	upstream			
あんじゅふぇり	杏樹フェリ	人名	人名	人名	upstream			
ふぇり	杏樹フェリ	人名	人名	人名	upstream			
ひなりうさぎ	雛梨うさぎ	人名	人名	人名	upstream			
うさぎ	雛梨うさぎ	人名	人名	人名	upstream			
あおいねね	碧唯ネネ	人名	人名	人名	upstream			
ねね	碧唯ネネ	人名	人名	人名	upstream			
うつきかぐや	卯調かぐや	人名	人名	人名	upstream			
かぐや	卯調かぐや	人名	人名	人名	upstream			
ふじねずちう	藤鼠ちう	人名	人名	人名	upstream			
ちう	藤鼠ちう	人名	人名	人名	upstream			
ちゃちゃまるちゃる	茶々丸ちゃる	人名	人名	人名	upstream			
ちゃる	茶々丸ちゃる	人名	人名	人名	upstream			
はぐまちゃこ	羽熊ちゃこ	人名	人名	人名	upstream			
ちゃこ	羽熊ちゃこ	人名	人名	人名	upstream			
こうがみあがり	紅噛あがり	人名	人名	人名	upstream			
あがり	紅噛あがり	人名	人名	人名	upstream			
うみほしほたる	海星ホタル	人名	人名	人名	upstream			
ほたる	海星ホタル	人名	人名	人名	upstream			
ありすがわえな	有栖川えな	人名	人名	人名	upstream			
えな	有栖川えな	人名	人名	人名	upstream			
あかねゆりん	朱音ゆりん	人名	人名	人名	upstream			
ゆりん	朱音ゆりん	人名	人名	人名	upstream			
でんでんりゅい	電々りゅい	人名	人名	人名	upstream			
りゅい	電々りゅい	人名	人名	人名	upstream			
あまうさがぶ	甘兎がぶ	人名	人名	人名	upstream			
がぶ	甘兎がぶ	人名	人名	人名	upstream			
なつぞらひかる	夏空輝	人名	人名	人名	upstream			
ひかる	夏空輝	人名	人名	人名	upstream			
さいわいおりつつむ	幸織つつむ	人名	人名	人名	upstream			
つつむ	幸織つつむ	人名	人名	人名	upstream			
いなりざきなこも	稲荷崎ナコモ	人名	人名	人名	upstream			
なこも	稲荷崎ナコモ	人名	人名	人名	upstream			
おうとうこむぎ	桜桃こむぎ	人名	人名	人名	upstream			
こむぎ	桜桃こむぎ	人名	人名	人名	upstream			
そんねんほんね	尊念ほんね	人名	人名	人名	upstream			
ほんね	尊念ほんね	人名	人名	人名	upstream			
もりせれん	森星恋	人名	人名	人名	upstream			
せれん	森星恋	人名	人名	人名	upstream			
よはくよい	余白宵	人名	人名	人名	upstream			
よい	余白宵	人名	人名	人名	upstream			
つむぎうる	紬麦うる	人名	人名	人名	upstream			
うる	紬麦うる	人名	人名	人名	upstream			
びゃくやるな	白夜ルナ	人名	人名	人名	upstream			
るな	白夜ルナ	人名	人名	人名	upstream			
よわたりうると	羊渡うると	人名	人名	人名	upstream			
うると	羊渡うると	人名	人名	人名	upstream			
くろなみそうが	黒波蒼牙	人名	人名	人名	upstream			
そうが	黒波蒼牙	人名	人名	人名	upstream			
あいぞめほん	藍染ほん	人名	人名	人名	upstream			
ほん	藍染ほん	人名	人名	人名	upstream			
くろのるか	黑乃ルカ	人名	人名	人名	upstream			
るか	黑乃ルカ	人名	人名	人名	upstream			
にとめいら	丹兎めいら	人名	人名	人名	upstream			
めいら	丹兎めいら	人名	人名	人名	upstream			
しらんやまねこ	紫蘭やまねこ	人名	人名	人名	upstream			
やまねこ	紫蘭やまねこ	人名	人名	人名	upstream			
めいもなきのらいぬ	名もなき野良犬	人名	人名	人名	upstream			
のらいぬ	名もなき野良犬	人名	人名	人名	upstream			
たけるきなこ	竹瑠きなこ	人名	人名	人名	upstream			
きなこ	竹瑠きなこ	人名	人名	人名	upstream			
あかつきゆる	暁ゆる	人名	人名	人名	upstream			
ゆる	暁ゆる	人名	人名	人名	upstream			
かしわこめ	鶏肉こめ	人名	人名	人名	upstream			
こめ	鶏肉こめ	人名	人名	人名	upstream			
うみのそら	海廼空	人名	人名	人名	upstream			
くるすざきれい	来栖崎澪	人名	人名	人名	upstream			
れい	来栖崎澪	人名	人名	人名	upstream			
かちょう	華鳥	人名	人名	人名	upstream			
めいかいゆき	冥界ユキ	人名	人名	人名	upstream			
ゆき	冥界ユキ	人名	人名	人名	upstream			
みょうりんあいふぃ	妙凛あいふぃ	人名	人名	人名	upstream			
あいふぃ	妙凛あいふぃ	人名	人名	人名	upstream			
みずがめめの	水瓶メノ	人名	人名	人名	upstream			
めの	水瓶メノ	人名	人名	人名	upstream			
よいつじなざみ	宵辻なざみ	人名	人名	人名	upstream			
なざみ	宵辻なざみ	人名	人名	人名	upstream			
あましろにゃむ	甘白にゃむ	人名	人名	人名	upstream			
にゃむ	甘白にゃむ	人名	人名	人名	upstream			
ひさめそうせき	氷雨蒼石	人名	人名	人名	upstream			
そうせき	氷雨蒼石	人名	人名	人名	upstream			
あまのはころも	甘ノ羽ころも	人名	人名	人名	upstream			
ころも	甘ノ羽ころも	人名	人名	人名	upstream			
こいろあめ	恋彩あめ	人名	人名	人名	upstream			
あめ	恋彩あめ	人名	人名	人名	upstream			
えびすとうか	恵比寿とうか	人名	人名	人名	upstream			
とうか	恵比寿とうか	人名	人名	人名	upstream			
みこしばいずみ	御子柴泉	人名	人名	人名	upstream			
いずみ	御子柴泉	人名	人名	人名	upstream			
やべにうや	矢紅うや	人名	人名	人名	upstream			
うや	矢紅うや	人名	人名	人名	upstream			
いちじくみか	九ミカ	人名	人名	人名	upstream			
みか	九ミカ	人名	人名	人名	upstream			
くろみやさよ	黒宮小夜	人名	人名	人名	upstream			
さよ	黒宮小夜	人名	人名	人名	upstream			
くろかわくろむ	黒川クロム	人名	人名	人名	upstream			
くろむ	黒川クロム	人名	人名	人名	upstream			
やまむらひびく	山村響	人名	人名	人名	upstream			
ひびく	山村響	人名	人名	人名	upstream			
れっつま	烈芝麻	人名	人名	人名	upstream			
にわかくも	俄雲	人名	人名	人名	upstream			
じょしゅのじょっしゅ	助手のジョッシュ	人名	人名	人名	upstream			
じょっしゅ	助手のジョッシュ	人名	人名	人名	upstream			
せんり	千莉	人名	人名	人名	upstream			
しがないむげい	紫ヶ内ムゲイ	人名	人名	人名	upstream			
むげい	紫ヶ内ムゲイ	人名	人名	人名	upstream			
にゃまはるえる	若魔陽エル	人名	人名	人名	upstream			
える	若魔陽エル	人名	人名	人名	upstream			
あめももねも	飴桃ねも	人名	人名	人名	upstream			
ねも	飴桃ねも	人名	人名	人名	upstream			
ほしのうみ	星野うみ	人名	人名	人名	upstream			
うみ	星野うみ	人名	人名	人名	upstream			
ここのえあいる	狐々重あいる	人名	人名	人名	upstream			
あいる	狐々重あいる	人名	人名	人名	upstream			
ふるるみき	降瑠みき	人名	人名	人名	upstream			
みき	降瑠みき	人名	人名	人名	upstream			
ももひななの	桃雛なの	人名	人名	人名	upstream			
なの	桃雛なの	人名	人名	人名	upstream			
くのいち	クノイチ	人名	人名	人名	upstream			
いこいひな	唯恋ひな	人名	人名	人名	upstream			
ひな	唯恋ひな	人名	人名	人名	upstream			
かんらでいてぃー	甘楽デイティー	人名	人名	人名	upstream			
でいてぃー	甘楽デイティー	人名	人名	人名	upstream			
しゅうこ	愁子	人名	人名	人名	upstream			
がおうおみ	雅桜おみ	人名	人名	人名	upstream			
おみ	雅桜おみ	人名	人名	人名	upstream			
はなのそのだいだい	花之園橙	人名	人名	人名	upstream			
だいだい	花之園橙	人名	人名	人名	upstream			
おかもとなぎ	陵本なぎ	人名	人名	人名	upstream			
なぎ	陵本なぎ	人名	人名	人名	upstream			
こはるこのき	小春このき	人名	人名	人名	upstream			
このき	小春このき	人名	人名	人名	upstream			
だいかんやまかのん	代官山kanon	人名	人名	人名	upstream			
かのん	代官山kanon	人名	人名	人名	upstream			
しゅんじえ	勳姐	人名	人名	人名	upstream			
いもけんぴはかせ	いもけんぴ博士	人名	人名	人名	upstream			
いもけんぴ	いもけんぴ博士	人名	人名	人名	upstream			
ひまじぱね	秘間慈ぱね	人名	人名	人名	upstream			
ぱね	秘間慈ぱね	人名	人名	人名	upstream			
かずうちあたる	数打あたる	人名	人名	人名	upstream			
あたる	数打あたる	人名	人名	人名	upstream			
ゆうちゃん	ゆうちゃん	人名	人名	人名	upstream			
さなたん	さなたん	人名	人名	人名	upstream			
しゅうしょううつつ	周章うつつ	人名	人名	人名	upstream			
うつつ	周章うつつ	人名	人名	人名	upstream			
もちつけぬるぽ	餅付ぬるぽ	人名	人名	人名	upstream			
ぬるぽ	餅付ぬるぽ	人名	人名	人名	upstream			
あまのみじゅ	天野みじゅ	人名	人名	人名	upstream			
みじゅ	天野みじゅ	人名	人名	人名	upstream			
はなこといぐさ	花琴いぐさ	人名	人名	人名	upstream			
いぐさ	花琴いぐさ	人名	人名	人名	upstream			
くろいろみずぶた	黑色水豚	人名	人名	人名	upstream			
ころ	ころ	人名	人名	人名	upstream			
ここしょこら	ココ・ショコラ	人名	人名	人名	upstream			
ここ	ココ・ショコラ	人名	人名	人名	upstream			
いりさ	伊莉莎	人名	人名	人名	upstream			
しろかあんな	白六華あんな	人名	人名	人名	upstream			
あんな	白六華あんな	人名	人名	人名	upstream			
せかい	星界	人名	人名	人名	upstream			
いとうきよまさ	伊藤聖将	人名	人名	人名	upstream			
きよまさ	伊藤聖将	人名	人名	人名	upstream			
あまいうい	甘井うい	人名	人名	人名	upstream			
うい	甘井うい	人名	人名	人名	upstream			
ゆめはひめ	夢羽ヒメ	人名	人名	人名	upstream			
ひめ	夢羽ヒメ	人名	人名	人名	upstream			
ももにゃみゆい	桃奈みゆい	人名	人名	人名	upstream			
みゆい	桃奈みゆい	人名	人名	人名	upstream			
せんごひゃくじゅうえんはげくん	1510円ハゲくん	人名	人名	人名	upstream			
はげくん	1510円ハゲくん	人名	人名	人名	upstream			
ねこもちみいや	猫望みいや	人名	人名	人名	upstream			
みいや	猫望みいや	人名	人名	人名	upstream			
おぼろこま	尾幌こま	人名	人名	人名	upstream			
こま	尾幌こま	人名	人名	人名	upstream			
すずきゆら	鈴木ゆら	人名	人名	人名	upstream			
ゆら	鈴木ゆら	人名	人名	人名	upstream			
ひなつのの	陽夏のの	人名	人名	人名	upstream			
のの	陽夏のの	人名	人名	人名	upstream			
うたのねる	歌野ねる	人名	人名	人名	upstream			
ねる	歌野ねる	人名	人名	人名	upstream			
くらたりね	倉田理音	人名	人名	人名	upstream			
りね	倉田理音	人名	人名	人名	upstream			
なかもここ	萌中もここ	人名	人名	人名	upstream			
もここ	萌中もここ	人名	人名	人名	upstream			
くつぎりん	矩継凜	人名	人名	人名	upstream			
りん	矩継凜	人名	人名	人名	upstream			
えいせいゆうな	詠星優宇奈	人名	人名	人名	upstream			
ゆうな	詠星優宇奈	人名	人名	人名	upstream			
じんきょううた	神響うた	人名	人名	人名	upstream			
うた	神響うた	人名	人名	人名	upstream			
みやのやみ	宮乃やみ	人名	人名	人名	upstream			
やみ	宮乃やみ	人名	人名	人名	upstream			
ねむりのよる	眠乃よる	人名	人名	人名	upstream			
よる	眠乃よる	人名	人名	人名	upstream			
こよいまいる	今宵まいる	人名	人名	人名	upstream			
まいる	今宵まいる	人名	人名	人名	upstream			
かねぐまきけん	金熊きけん	人名	人名	人名	upstream			
きけん	金熊きけん	人名	人名	人名	upstream			
すすきれい	薄麗	人名	人名	人名	upstream			
れい	薄麗	人名	人名	人名	upstream			
さくらまるる	桜間るる	人名	人名	人名	upstream			
るる	桜間るる	人名	人名	人名	upstream			
ななせねけぴ	七瀬ねけぴ	人名	人名	人名	upstream			
ねけぴ	七瀬ねけぴ	人名	人名	人名	upstream			
さめしまめいこ	鮫島メイコ	人名	人名	人名	upstream			
めいこ	鮫島メイコ	人名	人名	人名	upstream			
せいしょうじょゔぁきな	聖娼女ヴァキナ	人名	人名	人名	upstream			
ゔぁきな	聖娼女ヴァキナ	人名	人名	人名	upstream			
しおなのは	紫央なのは	人名	人名	人名	upstream			
なのは	紫央なのは	人名	人名	人名	upstream			
なつきとうや	夏樹桃也	人名	人名	人名	upstream			
とうや	夏樹桃也	人名	人名	人名	upstream			
みつぼしるな	三ツ星ルナ	人名	人名	人名	upstream			
るな	三ツ星ルナ	人名	人名	人名	upstream			
いとうじこもも	糸氏こもも	人名	人名	人名	upstream			
こもも	糸氏こもも	人名	人名	人名	upstream			
ほうずきろい	法月ロイ	人名	人名	人名	upstream			
ろい	法月ロイ	人名	人名	人名	upstream			
あげたてぽてと	揚げたてポテト	人名	人名	人名	upstream			
とうおり	灯織	人名	人名	人名	upstream			
りりか	リリカ	人名	人名	人名	upstream			
くうねるう	玖兎音るう	人名	人名	人名	upstream			
るう	玖兎音るう	人名	人名	人名	upstream			
たちばなあいひり	橘愛日梨	人名	人名	人名	upstream			
あいひり	橘愛日梨	人名	人名	人名	upstream			
あまいろこうぼう	天色工房	人名	人名	人名	upstream			
つくもまろやか	白・まろやか	人名	人名	人名	upstream			
まろやか	白・まろやか	人名	人名	人名	upstream			
ねつるぎあぞ	錬剣アゾ	人名	人名	人名	upstream			
あぞ	錬剣アゾ	人名	人名	人名	upstream			
こうりん	香鈴	人名	人名	人名	upstream			
ならくかなで	七楽奏	人名	人名	人名	upstream			
かなで	七楽奏	人名	人名	人名	upstream			
ねこゆりいっさ	猫百合イッサ	人名	人名	人名	upstream			
いっさ	猫百合イッサ	人名	人名	人名	upstream			
ことねあるは	琴音有波	人名	人名	人名	upstream			
あるは	琴音有波	人名	人名	人名	upstream			
ゆめてんぐ	夢天狗	人名	人名	人名	upstream			
ひめーた	姫ータ	人名	人名	人名	upstream			
ことのは	言のハ	人名	人名	人名	upstream			
まとろろぎ	真瀞ろぎ	人名	人名	人名	upstream			
ろぎ	真瀞ろぎ	人名	人名	人名	upstream			
りーどりあん	梨亞卓恩	人名	人名	人名	upstream			
かみくらいれと	神喰レト	人名	人名	人名	upstream			
れと	神喰レト	人名	人名	人名	upstream			
ゆづきうさぎ	雪月うさぎ	人名	人名	人名	upstream			
うさぎ	雪月うさぎ	人名	人名	人名	upstream			
きいうい	樹衣うい	人名	人名	人名	upstream			
うい	樹衣うい	人名	人名	人名	upstream			
はうみよぞら	羽海よぞら	人名	人名	人名	upstream			
よぞら	羽海よぞら	人名	人名	人名	upstream			
こまねきねこたたまる	子招き猫たたまる	人名	人名	人名	upstream			
たたまる	子招き猫たたまる	人名	人名	人名	upstream			
ここんこま	古今こま	人名	人名	人名	upstream			
こま	古今こま	人名	人名	人名	upstream			
くろえましろ	黒江萬白	人名	人名	人名	upstream			
ましろ	黒江萬白	人名	人名	人名	upstream			
うちゅうにこ	宇宙にこ	人名	人名	人名	upstream			
にこ	宇宙にこ	人名	人名	人名	upstream			
くろおちな	黒尾ちな	人名	人名	人名	upstream			
ちな	黒尾ちな	人名	人名	人名	upstream			
そうりんちなみ	蒼輪ちなみ	人名	人名	人名	upstream			
ちなみ	蒼輪ちなみ	人名	人名	人名	upstream			
よりさかるめい	依逆ルメイ	人名	人名	人名	upstream			
るめい	依逆ルメイ	人名	人名	人名	upstream			
ゆうきはじめ	優貴肇	人名	人名	人名	upstream			
はじめ	優貴肇	人名	人名	人名	upstream			
かねこのか	加猫のか	人名	人名	人名	upstream			
のか	加猫のか	人名	人名	人名	upstream			
まわたすぴか	真綿スピカ	人名	人名	人名	upstream			
すぴか	真綿スピカ	人名	人名	人名	upstream			
はたえとあ	旗絵とあ	人名	人名	人名	upstream			
とあ	旗絵とあ	人名	人名	人名	upstream			
ぎんじょうのえる	銀城ノエル	人名	人名	人名	upstream			
のえる	銀城ノエル	人名	人名	人名	upstream			
きのこさわしめじ	茸沢しめじ	人名	人名	人名	upstream			
しめじ	茸沢しめじ	人名	人名	人名	upstream			
はなゆりちゅみ	花百合ちゅみ	人名	人名	人名	upstream			
ちゅみ	花百合ちゅみ	人名	人名	人名	upstream			
いくじみか	育児ミカ	人名	人名	人名	upstream			
みか	育児ミカ	人名	人名	人名	upstream			
ひまわりなっつ	向日葵なっつ	人名	人名	人名	upstream			
なっつ	向日葵なっつ	人名	人名	人名	upstream			
すでゆーじー	素手ユージー	人名	人名	人名	upstream			
ゆーじー	素手ユージー	人名	人名	人名	upstream			
かねがせなお	鐘ヶ瀬尚	人名	人名	人名	upstream			
なお	鐘ヶ瀬尚	人名	人名	人名	upstream			
あおいりん	碧衣リン	人名	人名	人名	upstream			
りん	碧衣リン	人名	人名	人名	upstream			
せやなあかね	瀬谷菜アカネ	人名	人名	人名	upstream			
あかね	瀬谷菜アカネ	人名	人名	人名	upstream			
みどりかわらな	翠川ラナ	人名	人名	人名	upstream			
らな	翠川ラナ	人名	人名	人名	upstream			
ふくめん	ふくめん	人名	人名	人名	upstream			
ときさかぜろと	刻坂零斗	人名	人名	人名	upstream			
ぜろと	刻坂零斗	人名	人名	人名	upstream			
しきしろしるく	識白シルク	人名	人名	人名	upstream			
しるく	識白シルク	人名	人名	人名	upstream			
あまくさふらん	天草フラン	人名	人名	人名	upstream			
ふらん	天草フラン	人名	人名	人名	upstream			
つきがみれん	月皇レン	人名	人名	人名	upstream			
れん	月皇レン	人名	人名	人名	upstream			
わぬた	わぬ太	人名	人名	人名	upstream			
まなみ	真波	人名	人名	人名	upstream			
きよらかふわり	明鏡止水ふわり	人名	人名	人名	upstream			
ふわり	明鏡止水ふわり	人名	人名	人名	upstream			
かんぺきにーとねむてゃ	完璧にーとねむてゃ	人名	人名	人名	upstream			
ねむてゃ	完璧にーとねむてゃ	人名	人名	人名	upstream			
かざみかぷら	風見カプラ	人名	人名	人名	upstream			
かぷら	風見カプラ	人名	人名	人名	upstream			
めがみあみ	女神あみ	人名	人名	人名	upstream			
あみ	女神あみ	人名	人名	人名	upstream			
るぽ	魯波	人名	人名	人名	upstream			
はずきまにゅ	葉月まにゅ	人名	人名	人名	upstream			
まにゅ	葉月まにゅ	人名	人名	人名	upstream			
うなばらなぎ	海原凪	人名	人名	人名	upstream			
なぎ	海原凪	人名	人名	人名	upstream			
きどあいら	喜怒アイラ	人名	人名	人名	upstream			
あいら	喜怒アイラ	人名	人名	人名	upstream			
あまねたいなん	周汰南	人名	人名	人名	upstream			
たいなん	周汰南	人名	人名	人名	upstream			
あえと	あえと	人名	人名	人名	upstream			
まっちゃくれーぷ	抹茶可麗餅	人名	人名	人名	upstream			
へんっにす	へんッニス	人名	人名	人名	upstream			
たややん	たややん	人名	人名	人名	upstream			
なんく	南珂	人名	人名	人名	upstream			
しゃれとん	シャレトン	人名	人名	人名	upstream			
ふきょうせつな	冬香花雪那	人名	人名	人名	upstream			
せつな	冬香花雪那	人名	人名	人名	upstream			
のあ	諾厄	人名	人名	人名	upstream			
じゃび	蛇火	人名	人名	人名	upstream			
えんぐら	安戈洛	人名	人名	人名	upstream			
にしぞのでんのうくうかんくらぶ	西園電脳空間倶楽部	人名	人名	人名	upstream			
にしぞの	西園電脳空間倶楽部	人名	人名	人名	upstream			
ちくしあず	筑紫あず	人名	人名	人名	upstream			
あず	筑紫あず	人名	人名	人名	upstream			
おおむねたゆゆ	大宗たゆゆ	人名	人名	人名	upstream			
たゆゆ	大宗たゆゆ	人名	人名	人名	upstream			
かがりみろく	鹿火璃みろく	人名	人名	人名	upstream			
みろく	鹿火璃みろく	人名	人名	人名	upstream			
くづきちう	公月ちう	人名	人名	人名	upstream			
ちう	公月ちう	人名	人名	人名	upstream			
あひるいび	鴨鴨伊比	人名	人名	人名	upstream			
いび	鴨鴨伊比	人名	人名	人名	upstream			
るい	琉依	人名	人名	人名	upstream			
あまつかぬん	天塚ぬん	人名	人名	人名	upstream			
ぬん	天塚ぬん	人名	人名	人名	upstream			
おばたりあん	尾幡りあん	人名	人名	人名	upstream			
りあん	尾幡りあん	人名	人名	人名	upstream			
あめうさこ	飴うさこ	人名	人名	人名	upstream			
うさこ	飴うさこ	人名	人名	人名	upstream			
かみびきあおい	神引葵夷	人名	人名	人名	upstream			
あおい	神引葵夷	人名	人名	人名	upstream			
やせかすみ	八瀬霞	人名	人名	人名	upstream			
かすみ	八瀬霞	人名	人名	人名	upstream			
やまかわつばき	山河椿	人名	人名	人名	upstream			
つばき	山河椿	人名	人名	人名	upstream			
みつまたるべ	三叉ルベ	人名	人名	人名	upstream			
るべ	三叉ルベ	人名	人名	人名	upstream			
ゆきもも	ゆきもも	人名	人名	人名	upstream			
ていこぼんぼん	帝子ボンボン	人名	人名	人名	upstream			
ぼんぼん	帝子ボンボン	人名	人名	人名	upstream			
たちばなりっか	立花六華	人名	人名	人名	upstream			
りっか	立花六華	人名	人名	人名	upstream			
まゆたまざくろ	繭玉ザクロ	人名	人名	人名	upstream			
ざくろ	繭玉ザクロ	人名	人名	人名	upstream			
やみよりろいろ	闇依ろいろ	人名	人名	人名	upstream			
ろいろ	闇依ろいろ	人名	人名	人名	upstream			
すめらぎじゅりえった	皇ジュリエッタ	人名	人名	人名	upstream			
じゅりえった	皇ジュリエッタ	人名	人名	人名	upstream			
ありさとゆい	有里ユイ	人名	人名	人名	upstream			
ゆい	有里ユイ	人名	人名	人名	upstream			
きょうしぱあ	僵尸パア	人名	人名	人名	upstream			
ぱあ	僵尸パア	人名	人名	人名	upstream			
だいまおううーさ	大魔王ウーサ	人名	人名	人名	upstream			
うーさ	大魔王ウーサ	人名	人名	人名	upstream			
ぬくぬくねむみ	温々ねむみ	人名	人名	人名	upstream			
ねむみ	温々ねむみ	人名	人名	人名	upstream			
しろかみはるか	白狼陽花	人名	人名	人名	upstream			
はるか	白狼陽花	人名	人名	人名	upstream			
たらばかにこ	たらばかに子	人名	人名	人名	upstream			
かにこ	たらばかに子	人名	人名	人名	upstream			
すーぱーたまにゃん	すーぱーたま娘	人名	人名	人名	upstream			
たまにゃん	すーぱーたま娘	人名	人名	人名	upstream			
かんずきりる	神月リル	人名	人名	人名	upstream			
りる	神月リル	人名	人名	人名	upstream			
ひめごともゆる	秘琴もゆる	人名	人名	人名	upstream			
もゆる	秘琴もゆる	人名	人名	人名	upstream			
しらくもまめ	白雲まめ	人名	人名	人名	upstream			
まめ	白雲まめ	人名	人名	人名	upstream			
すがやゆき	菅谷ゆき	人名	人名	人名	upstream			
ゆき	菅谷ゆき	人名	人名	人名	upstream			
じゃっくしょうぐん	JACK将軍	人名	人名	人名	upstream			
じゃっく	JACK将軍	人名	人名	人名	upstream			
ういさとはずき	初郷はずき	人名	人名	人名	upstream			
はずき	初郷はずき	人名	人名	人名	upstream			
おとなりの	乙奈りの	人名	人名	人名	upstream			
りの	乙奈りの	人名	人名	人名	upstream			
ふじたいぎんた	藤大ギンタ	人名	人名	人名	upstream			
ぎんた	藤大ギンタ	人名	人名	人名	upstream			
かみときじょにーいづる	神辰J威弦	人名	人名	人名	upstream			
いづる	神辰J威弦	人名	人名	人名	upstream			
なかつか	なかつか	人名	人名	人名	upstream			
しごくとび	至極鳶	人名	人名	人名	upstream			
とび	至極鳶	人名	人名	人名	upstream			
ちぃん	子瑩	人名	人名	人名	upstream			
ねこま	音狛	人名	人名	人名	upstream			
ひなたここみ	陽向ここみ	人名	人名	人名	upstream			
ここみ	陽向ここみ	人名	人名	人名	upstream			
あさしおこやけ	朝潮小焼	人名	人名	人名	upstream			
こやけ	朝潮小焼	人名	人名	人名	upstream			
おいなりすけろく	お稲荷すけろく	人名	人名	人名	upstream			
すけろく	お稲荷すけろく	人名	人名	人名	upstream			
ぶらすたーれんこ	無頼星れんこ	人名	人名	人名	upstream			
れんこ	無頼星れんこ	人名	人名	人名	upstream			
ひなほしあいる	雛星あいる	人名	人名	人名	upstream			
あいる	雛星あいる	人名	人名	人名	upstream			
あまゆきしぐれす	甘雪しぐれす	人名	人名	人名	upstream			
しぐれす	甘雪しぐれす	人名	人名	人名	upstream			
ないとうめある	内藤めある	人名	人名	人名	upstream			
めある	内藤めある	人名	人名	人名	upstream			
ろうかくまかみ	狼赫まかみ	人名	人名	人名	upstream			
まかみ	狼赫まかみ	人名	人名	人名	upstream			
つぐみすずま	亜美寿真	人名	人名	人名	upstream			
すずま	亜美寿真	人名	人名	人名	upstream			
ひざくらめりあ	燈桜メリア	人名	人名	人名	upstream			
めりあ	燈桜メリア	人名	人名	人名	upstream			
おりひめはるか	織姫はるか	人名	人名	人名	upstream			
はるか	織姫はるか	人名	人名	人名	upstream			
おにのめる	鬼ノめる	人名	人名	人名	upstream			
める	鬼ノめる	人名	人名	人名	upstream			
きとうみさき	鬼頭みさき	人名	人名	人名	upstream			
みさき	鬼頭みさき	人名	人名	人名	upstream			
じんた	迅汰	人名	人名	人名	upstream			
すずみおいら	鈴澪イラ	人名	人名	人名	upstream			
いら	鈴澪イラ	人名	人名	人名	upstream			
ゆきしろあいね	雪白愛音	人名	人名	人名	upstream			
あいね	雪白愛音	人名	人名	人名	upstream			
くろがねうぃと	玄鐵ゐと	人名	人名	人名	upstream			
くろがねいと	玄鐵ゐと	人名	人名	人名	upstream			
くろがねゐと	玄鐵ゐと	人名	人名	人名	upstream			
うぃと	玄鐵ゐと	人名	人名	人名	upstream			
いと	玄鐵ゐと	人名	人名	人名	upstream			
ゐと	玄鐵ゐと	人名	人名	人名	upstream			
しのあよみ	紫ノ愛ヨミ	人名	人名	人名	upstream			
よみ	紫ノ愛ヨミ	人名	人名	人名	upstream			
みなかみくおん	水上クオン	人名	人名	人名	upstream			
くおん	水上クオン	人名	人名	人名	upstream			
あかりともす	燈ともす	人名	人名	人名	upstream			
ともす	燈ともす	人名	人名	人名	upstream			
あいぜんはく	藍染ハク	人名	人名	人名	upstream			
はく	藍染ハク	人名	人名	人名	upstream			
ごじょうあしゅらまる	五条あしゅらまる	人名	人名	人名	upstream			
あしゅらまる	五条あしゅらまる	人名	人名	人名	upstream			
ななしろたたる	漆白たたる	人名	人名	人名	upstream			
たたる	漆白たたる	人名	人名	人名	upstream			
うづきりりむ	兎月りりむ。	人名	人名	人名	upstream			
りりむ	兎月りりむ。	人名	人名	人名	upstream			
さくまねむ	佐久間ねむ	人名	人名	人名	upstream			
ねむ	佐久間ねむ	人名	人名	人名	upstream			
れゔぃあえるまくろばーつ	レヴィア・L・マクロバーツ	人名	人名	人名	upstream			
れゔぃあ	レヴィア・L・マクロバーツ	人名	人名	人名	upstream			
かじかめる	花鹿める	人名	人名	人名	upstream			
める	花鹿める	人名	人名	人名	upstream			
くろかめ	黒亀	人名	人名	人名	upstream			
しののめせいら	東雲セイラ	人名	人名	人名	upstream			
せいら	東雲セイラ	人名	人名	人名	upstream			
あおぼしあお	青星あお	人名	人名	人名	upstream			
あお	青星あお	人名	人名	人名	upstream			
ぜんぽうこうえんふんひばり	前方後円墳ひばり	人名	人名	人名	upstream			
ひばり	前方後円墳ひばり	人名	人名	人名	upstream			
えねこばかきち	絵描バカ吉	人名	人名	人名	upstream			
ばかきち	絵描バカ吉	人名	人名	人名	upstream			
あかはねひよこ	赤羽根ひよこ	人名	人名	人名	upstream			
ひよこ	赤羽根ひよこ	人名	人名	人名	upstream			
ぼうれいらっび	紡霊拉比	人名	人名	人名	upstream			
らっび	紡霊拉比	人名	人名	人名	upstream			
じょおうこはる	女王こはる	人名	人名	人名	upstream			
こはる	女王こはる	人名	人名	人名	upstream			
あやむねえり	綾胸エリ	人名	人名	人名	upstream			
えり	綾胸エリ	人名	人名	人名	upstream			
いちごのおじょう	いちごのお嬢	人名	人名	人名	upstream			
おじょう	いちごのお嬢	人名	人名	人名	upstream			
たちもりむつみ	日月むつみ	人名	人名	人名	upstream			
むつみ	日月むつみ	人名	人名	人名	upstream			
ねころびゆん	寝衣火ゆん	人名	人名	人名	upstream			
ゆん	寝衣火ゆん	人名	人名	人名	upstream			
なつかわあき	夏川あき	人名	人名	人名	upstream			
あき	夏川あき	人名	人名	人名	upstream			
ふゆのさや	冬乃サヤ	人名	人名	人名	upstream			
さや	冬乃サヤ	人名	人名	人名	upstream			
くろき	くろき	人名	人名	人名	upstream			
みやさかりえ	宮榊リエ	人名	人名	人名	upstream			
りえ	宮榊リエ	人名	人名	人名	upstream			
ゆゆ	魷魷	人名	人名	人名	upstream			
めんどりくく	綿鳥くく	人名	人名	人名	upstream			
くく	綿鳥くく	人名	人名	人名	upstream			
しばいぬかるぱす	柴犬カルパス	人名	人名	人名	upstream			
かるぱす	柴犬カルパス	人名	人名	人名	upstream			
うるりらぴす	雲瑠璃ラピス	人名	人名	人名	upstream			
らぴす	雲瑠璃ラピス	人名	人名	人名	upstream			
ぼこすかぽこる	殴須賀ポコル	人名	人名	人名	upstream			
ぽこる	殴須賀ポコル	人名	人名	人名	upstream			
ふゆもえここな	冬萌ここな	人名	人名	人名	upstream			
ここな	冬萌ここな	人名	人名	人名	upstream			
こまりまゆ	子鞠まゆ	人名	人名	人名	upstream			
まゆ	子鞠まゆ	人名	人名	人名	upstream			
あねかわめい	姉川メイ	人名	人名	人名	upstream			
めい	姉川メイ	人名	人名	人名	upstream			
あまぎせいらん	天城セイラン	人名	人名	人名	upstream			
せいらん	天城セイラン	人名	人名	人名	upstream			
きしたくてんちょう	キシタク店長	人名	人名	人名	upstream			
きしたく	キシタク店長	人名	人名	人名	upstream			
べにうた	紅うた	人名	人名	人名	upstream			
うた	紅うた	人名	人名	人名	upstream			
うみなりふぉぬら	海鳴フォヌラ	人名	人名	人名	upstream			
ふぉぬら	海鳴フォヌラ	人名	人名	人名	upstream			
あけさあきと	緋佐あきと	人名	人名	人名	upstream			
あきと	緋佐あきと	人名	人名	人名	upstream			
みつきいち	御月一	人名	人名	人名	upstream			
いち	御月一	人名	人名	人名	upstream			
くろまめい	黒真鳴入	人名	人名	人名	upstream			
めい	黒真鳴入	人名	人名	人名	upstream			
こげつまる	黒月まる	人名	人名	人名	upstream			
まる	黒月まる	人名	人名	人名	upstream			
いましろいぜら	今城いぜら	人名	人名	人名	upstream			
いぜら	今城いぜら	人名	人名	人名	upstream			
くわばら	喰原	人名	人名	人名	upstream			
げーまーてつ	げーまー哲	人名	人名	人名	upstream			
てつ	げーまー哲	人名	人名	人名	upstream			
はいねちこ	灰寝ちこ	人名	人名	人名	upstream			
ちこ	灰寝ちこ	人名	人名	人名	upstream			
むとぎなのね	夢伽なのね	人名	人名	人名	upstream			
なのね	夢伽なのね	人名	人名	人名	upstream			
ゆいかわあきら	由井河あきら	人名	人名	人名	upstream			
あきら	由井河あきら	人名	人名	人名	upstream			
えんどるふぃ	えんどるふぃ☆ミ	人名	人名	人名	upstream			
かのうせいが	神王セイガ	人名	人名	人名	upstream			
せいが	神王セイガ	人名	人名	人名	upstream			
こすずととら	虎鈴ととら	人名	人名	人名	upstream			
ととら	虎鈴ととら	人名	人名	人名	upstream			
このぎよしる	此ノ木よしる	人名	人名	人名	upstream			
よしる	此ノ木よしる	人名	人名	人名	upstream			
ひやさかみしろ	冷茶夏みしろ	人名	人名	人名	upstream			
みしろ	冷茶夏みしろ	人名	人名	人名	upstream			
うずきちぃ	兎月ちぃ	人名	人名	人名	upstream			
ちぃ	兎月ちぃ	人名	人名	人名	upstream			
ちい	兎月ちぃ	人名	人名	人名	upstream			
みつはなゆず	三ツ花ゆず	人名	人名	人名	upstream			
ゆず	三ツ花ゆず	人名	人名	人名	upstream			
ひなみやうさぎ	雛宮うさぎ	人名	人名	人名	upstream			
うさぎ	雛宮うさぎ	人名	人名	人名	upstream			
いいわけまみれ	言訳まみれ	人名	人名	人名	upstream			
まみれ	言訳まみれ	人名	人名	人名	upstream			
こがらしましゆ	木枯ましゆ	人名	人名	人名	upstream			
ましゆ	木枯ましゆ	人名	人名	人名	upstream			
あがのまうぃ	我野魔ゐ	人名	人名	人名	upstream			
あがのまい	我野魔ゐ	人名	人名	人名	upstream			
あがのまゐ	我野魔ゐ	人名	人名	人名	upstream			
まうぃ	我野魔ゐ	人名	人名	人名	upstream			
まい	我野魔ゐ	人名	人名	人名	upstream			
まゐ	我野魔ゐ	人名	人名	人名	upstream			
ちすいしまぴぴ	血吸氏まぴぴ	人名	人名	人名	upstream			
まぴぴ	血吸氏まぴぴ	人名	人名	人名	upstream			
くろあににごく	黒上にごく	人名	人名	人名	upstream			
にごく	黒上にごく	人名	人名	人名	upstream			
つりがねふうり	釣鐘ふうり	人名	人名	人名	upstream			
ふうり	釣鐘ふうり	人名	人名	人名	upstream			
もちももちも	餅桃ちも	人名	人名	人名	upstream			
ちも	餅桃ちも	人名	人名	人名	upstream			
きさ	季沙	人名	人名	人名	upstream			
ねこめねく	猫芽ねく	人名	人名	人名	upstream			
ねく	猫芽ねく	人名	人名	人名	upstream			
きいとおる	紀伊透	人名	人名	人名	upstream			
とおる	紀伊透	人名	人名	人名	upstream			
さくらぎれん	桜木蓮	人名	人名	人名	upstream			
れん	桜木蓮	人名	人名	人名	upstream			
なつめみのり	夏芽みのり	人名	人名	人名	upstream			
みのり	夏芽みのり	人名	人名	人名	upstream			
りふぷれーず	リフ_プレーズ	人名	人名	人名	upstream			
りふ	リフ_プレーズ	人名	人名	人名	upstream			
みなせ	水瀬	人名	人名	人名	upstream			
ぼす	ぼす	人名	人名	人名	upstream			
さきょう	左京	人名	人名	人名	upstream			
じあ	ジア	人名	人名	人名	upstream			
あちき	Aちき	人名	人名	人名	upstream			
そた	そた	人名	人名	人名	upstream			
なつぞらはく	夏宙彗	人名	人名	人名	upstream			
はく	夏宙彗	人名	人名	人名	upstream			
さの	佐野	人名	人名	人名	upstream			
みゆき	深雪	人名	人名	人名	upstream			
まかりりん	真狩凜	人名	人名	人名	upstream			
りん	真狩凜	人名	人名	人名	upstream			
れいげつきょうか	麗月鏡華	人名	人名	人名	upstream			
きょうか	麗月鏡華	人名	人名	人名	upstream			
やまだねる	山田ねる	人名	人名	人名	upstream			
ねる	山田ねる	人名	人名	人名	upstream			
ひやまりお	氷山りお	人名	人名	人名	upstream			
りお	氷山りお	人名	人名	人名	upstream			
あめみやそうご	雨宮そうご	人名	人名	人名	upstream			
そうご	雨宮そうご	人名	人名	人名	upstream			
くいさきのわる	喰崎ノワル	人名	人名	人名	upstream			
のわる	喰崎ノワル	人名	人名	人名	upstream			
みなねこまい	美菜猫まい	人名	人名	人名	upstream			
まい	美菜猫まい	人名	人名	人名	upstream			
やまたいあ	病又イア	人名	人名	人名	upstream			
いあ	病又イア	人名	人名	人名	upstream			
れっさーくん	レッサーくん	人名	人名	人名	upstream			
あきらかえいり	炯遊えいり	人名	人名	人名	upstream			
えいり	炯遊えいり	人名	人名	人名	upstream			
なーな	なーな	人名	人名	人名	upstream			
ちょっぱー	ちょっぱー	人名	人名	人名	upstream			
あかねりん	朱音りん	人名	人名	人名	upstream			
りん	朱音りん	人名	人名	人名	upstream			
かーゔぁい	カーヴァイ	人名	人名	人名	upstream			
ゆきのじょー	雪之ジョー	人名	人名	人名	upstream			
じょー	雪之ジョー	人名	人名	人名	upstream			
からすば	鴉羽	人名	人名	人名	upstream			
のらりみや	乃楽莉みや	人名	人名	人名	upstream			
みや	乃楽莉みや	人名	人名	人名	upstream			
いしなかにぃる	石中にぃる	人名	人名	人名	upstream			
いしなかにいる	石中にぃる	人名	人名	人名	upstream			
にぃる	石中にぃる	人名	人名	人名	upstream			
にいる	石中にぃる	人名	人名	人名	upstream			
あやせあや	綾瀬綾	人名	人名	人名	upstream			
あや	綾瀬綾	人名	人名	人名	upstream			
いずな	誘那	人名	人名	人名	upstream			
きのみまろん	希乃実まろん	人名	人名	人名	upstream			
まろん	希乃実まろん	人名	人名	人名	upstream			
とうどうくろえ	統堂クロエ	人名	人名	人名	upstream			
くろえ	統堂クロエ	人名	人名	人名	upstream			
てんどうかの	天動カノ	人名	人名	人名	upstream			
かの	天動カノ	人名	人名	人名	upstream			
ひめしろもえ	姫白もえ	人名	人名	人名	upstream			
もえ	姫白もえ	人名	人名	人名	upstream			
くろばならん	黒花蘭	人名	人名	人名	upstream			
らん	黒花蘭	人名	人名	人名	upstream			
かんうらん	甘雨ラン	人名	人名	人名	upstream			
らん	甘雨ラン	人名	人名	人名	upstream			
みかみまのん	魅狼マノン	人名	人名	人名	upstream			
まのん	魅狼マノン	人名	人名	人名	upstream			
はずきぽんた	葉月ぽんた	人名	人名	人名	upstream			
ぽんた	葉月ぽんた	人名	人名	人名	upstream			
ほるすかわしま	ホルス・カワシマ	人名	人名	人名	upstream			
ほるす	ホルス・カワシマ	人名	人名	人名	upstream			
ななせくらんべり	七瀬クランベリ	人名	人名	人名	upstream			
くらんべり	七瀬クランベリ	人名	人名	人名	upstream			
ももせうたは	百瀬詠玻	人名	人名	人名	upstream			
うたは	百瀬詠玻	人名	人名	人名	upstream			
ちゃばなみつは	茶花みつは	人名	人名	人名	upstream			
みつは	茶花みつは	人名	人名	人名	upstream			
あたかいな	暖日いな	人名	人名	人名	upstream			
いな	暖日いな	人名	人名	人名	upstream			
さよせれね	小夜セレネ	人名	人名	人名	upstream			
せれね	小夜セレネ	人名	人名	人名	upstream			
ひすいとら	翡翠とら	人名	人名	人名	upstream			
とら	翡翠とら	人名	人名	人名	upstream			
なつめうるた	夏梅ウルタ	人名	人名	人名	upstream			
うるた	夏梅ウルタ	人名	人名	人名	upstream			
とととぅるる	兎々とぅるる	人名	人名	人名	upstream			
とぅるる	兎々とぅるる	人名	人名	人名	upstream			
ことみやりっきー	琴宮りっきー	人名	人名	人名	upstream			
りっきー	琴宮りっきー	人名	人名	人名	upstream			
えそらななせ	えそらななせ	人名	人名	人名	upstream			
ななせ	えそらななせ	人名	人名	人名	upstream			
こやまはる	小山ハル	人名	人名	人名	upstream			
はる	小山ハル	人名	人名	人名	upstream			
ゆずりはいお	楪庵	人名	人名	人名	upstream			
いお	楪庵	人名	人名	人名	upstream			
あるる	アルル	人名	人名	人名	upstream			
かたらぎゆの	芥桜木ユノ	人名	人名	人名	upstream			
ゆの	芥桜木ユノ	人名	人名	人名	upstream			
ねりきりゆづ	練切ゆづ	人名	人名	人名	upstream			
ゆづ	練切ゆづ	人名	人名	人名	upstream			
みもりるい	三森ルイ	人名	人名	人名	upstream			
るい	三森ルイ	人名	人名	人名	upstream			
ゆきのふろすてぃあくりすたる	ゆきの・フロスティア=クリスタル	人名	人名	人名	upstream			
くりすたる	ゆきの・フロスティア=クリスタル	人名	人名	人名	upstream			
ゆきの	ゆきの・フロスティア=クリスタル	人名	人名	人名	upstream			
だてんしるぅね	駄天使るぅね	人名	人名	人名	upstream			
だてんしるうね	駄天使るぅね	人名	人名	人名	upstream			
だてんしるーね	駄天使るぅね	人名	人名	人名	upstream			
るぅね	駄天使るぅね	人名	人名	人名	upstream			
るうね	駄天使るぅね	人名	人名	人名	upstream			
るーね	駄天使るぅね	人名	人名	人名	upstream			
えでるえかーど	エデル･エカード	人名	人名	人名	upstream			
えでる	エデル･エカード	人名	人名	人名	upstream			
きたみりっか	北見六花	人名	人名	人名	upstream			
りっか	北見六花	人名	人名	人名	upstream			
つきしろこくと	月白刻人	人名	人名	人名	upstream			
こくと	月白刻人	人名	人名	人名	upstream			
てんさいたたん	天彩たたん	人名	人名	人名	upstream			
たたん	天彩たたん	人名	人名	人名	upstream			
ねこまるきりや	祢子丸きりや	人名	人名	人名	upstream			
きりや	祢子丸きりや	人名	人名	人名	upstream			
たわし	たわ氏	人名	人名	人名	upstream			
ねこたゆた	猫汰ゆた	人名	人名	人名	upstream			
ゆた	猫汰ゆた	人名	人名	人名	upstream			
なつきはな	菜月はな	人名	人名	人名	upstream			
はな	菜月はな	人名	人名	人名	upstream			
かきょうよさり	華鏡よさり	人名	人名	人名	upstream			
よさり	華鏡よさり	人名	人名	人名	upstream			
てんどうみこ	天道巳狐	人名	人名	人名	upstream			
みこ	天道巳狐	人名	人名	人名	upstream			
ある	ある	人名	人名	人名	upstream			
あきぱいせん	アキパイセン	人名	人名	人名	upstream			
みたみたん	美多みたん	人名	人名	人名	upstream			
みたん	美多みたん	人名	人名	人名	upstream			
げんしゆき	げんしゆき	人名	人名	人名	upstream			
ゆき	げんしゆき	人名	人名	人名	upstream			
にこにこぽな	笑々ぽな	人名	人名	人名	upstream			
ぽな	笑々ぽな	人名	人名	人名	upstream			
ひみつらと	氷蜜らと	人名	人名	人名	upstream			
らと	氷蜜らと	人名	人名	人名	upstream			
はくまれい	白魔レイ	人名	人名	人名	upstream			
れい	白魔レイ	人名	人名	人名	upstream			
まよいよい	真宵よい	人名	人名	人名	upstream			
よい	真宵よい	人名	人名	人名	upstream			
あませおるこ	雨瀬おるこ	人名	人名	人名	upstream			
おるこ	雨瀬おるこ	人名	人名	人名	upstream			
すみのれこな	澄乃れこな	人名	人名	人名	upstream			
れこな	澄乃れこな	人名	人名	人名	upstream			
ななくさゆら	七草ゆら	人名	人名	人名	upstream			
ゆら	七草ゆら	人名	人名	人名	upstream			
さくらねこめる	桜猫める	人名	人名	人名	upstream			
める	桜猫める	人名	人名	人名	upstream			
いっしきゆみ	一色夕美	人名	人名	人名	upstream			
ゆみ	一色夕美	人名	人名	人名	upstream			
あおはゆずさ	青羽勇津沙	人名	人名	人名	upstream			
ゆずさ	青羽勇津沙	人名	人名	人名	upstream			
むめいむむ	無名むむ	人名	人名	人名	upstream			
むむ	無名むむ	人名	人名	人名	upstream			
おうまがわると	逢魔牙ワルト	人名	人名	人名	upstream			
わると	逢魔牙ワルト	人名	人名	人名	upstream			
はねむらきみか	羽村きみか	人名	人名	人名	upstream			
きみか	羽村きみか	人名	人名	人名	upstream			
ゆめみのの	夢見のの	人名	人名	人名	upstream			
のの	夢見のの	人名	人名	人名	upstream			
ふぃるう	フィルウ	人名	人名	人名	upstream			
またたびららこ	木天蓼ららこ	人名	人名	人名	upstream			
ららこ	木天蓼ららこ	人名	人名	人名	upstream			
ことらあくび	胡虎あくび	人名	人名	人名	upstream			
あくび	胡虎あくび	人名	人名	人名	upstream			
やつはしまろん	八ツ橋まろん	人名	人名	人名	upstream			
まろん	八ツ橋まろん	人名	人名	人名	upstream			
おすまんじろう	押忍万次郎	人名	人名	人名	upstream			
まんじろう	押忍万次郎	人名	人名	人名	upstream			
よつばうさの	四葉うさの	人名	人名	人名	upstream			
うさの	四葉うさの	人名	人名	人名	upstream			
やおとめのえ	八乙女のえ	人名	人名	人名	upstream			
のえ	八乙女のえ	人名	人名	人名	upstream			
あめみやあゆね	雨宮あゆね	人名	人名	人名	upstream			
あゆね	雨宮あゆね	人名	人名	人名	upstream			
だんでぃじょーじ	ダンディジョージ	人名	人名	人名	upstream			
じょーじ	ダンディジョージ	人名	人名	人名	upstream			
りるむしゃちょう	リルム社長	人名	人名	人名	upstream			
りるむ	リルム社長	人名	人名	人名	upstream			
なごやなも	名古屋なも	人名	人名	人名	upstream			
なも	名古屋なも	人名	人名	人名	upstream			
ほしかわゆみな	星川ユミナ	人名	人名	人名	upstream			
ゆみな	星川ユミナ	人名	人名	人名	upstream			
そらからかさね	宇宙空カサネ	人名	人名	人名	upstream			
かさね	宇宙空カサネ	人名	人名	人名	upstream			
あたらようむゆ	可惜夜うむゆ	人名	人名	人名	upstream			
うむゆ	可惜夜うむゆ	人名	人名	人名	upstream			
ひいろひろ	緋色ヒロ	人名	人名	人名	upstream			
ひろ	緋色ヒロ	人名	人名	人名	upstream			
ためながほまれ	為永ほまれ	人名	人名	人名	upstream			
ほまれ	為永ほまれ	人名	人名	人名	upstream			
やがみれお	八神レオ	人名	人名	人名	upstream			
れお	八神レオ	人名	人名	人名	upstream			
ことねにこる	琴音ニコル	人名	人名	人名	upstream			
にこる	琴音ニコル	人名	人名	人名	upstream			
だってまさむね	DattE政宗	人名	人名	人名	upstream			
すずかよもぎ	鈴鹿蓬	人名	人名	人名	upstream			
よもぎ	鈴鹿蓬	人名	人名	人名	upstream			
とねりこいち	刃根りこ壱	人名	人名	人名	upstream			
りこいち	刃根りこ壱	人名	人名	人名	upstream			
わんこまるしぇるち	一小丸しぇるち	人名	人名	人名	upstream			
しぇるち	一小丸しぇるち	人名	人名	人名	upstream			
れいな	レイナ	人名	人名	人名	upstream			
よねやぽてち	米屋ぽてち	人名	人名	人名	upstream			
ぽてち	米屋ぽてち	人名	人名	人名	upstream			
ひがの	氷鉋。	人名	人名	人名	upstream			
ねむりみい	眠璃みい	人名	人名	人名	upstream			
みい	眠璃みい	人名	人名	人名	upstream			
たけだらりさたご	武田羅梨沙多胡	人名	人名	人名	upstream			
さたご	武田羅梨沙多胡	人名	人名	人名	upstream			
ふゆびりっか	冬陽リッカ	人名	人名	人名	upstream			
りっか	冬陽リッカ	人名	人名	人名	upstream			
あまがせみさき	天ヶ星水咲	人名	人名	人名	upstream			
みさき	天ヶ星水咲	人名	人名	人名	upstream			
ふくきたりぽ	福喜多りぽ	人名	人名	人名	upstream			
りぽ	福喜多りぽ	人名	人名	人名	upstream			
どうめきひかり	百目鬼ひかり	人名	人名	人名	upstream			
ひかり	百目鬼ひかり	人名	人名	人名	upstream			
ろうどうきらい	狼堂キライ	人名	人名	人名	upstream			
きらい	狼堂キライ	人名	人名	人名	upstream			
ややねひ	ヤヤネヒ	人名	人名	人名	upstream			
きょんめるしぃ	羌めるしぃ	人名	人名	人名	upstream			
かげひな	陰ひな	人名	人名	人名	upstream			
ふさこ	ふさこ	人名	人名	人名	upstream			
なわたりなおと	奈渡ナオト	人名	人名	人名	upstream			
なおと	奈渡ナオト	人名	人名	人名	upstream			
かどさかあや	角酒あや	人名	人名	人名	upstream			
あや	角酒あや	人名	人名	人名	upstream			
あけぼしぽん	明星ぽん	人名	人名	人名	upstream			
ぽん	明星ぽん	人名	人名	人名	upstream			
せきじょうゆた	赤城ユタ	人名	人名	人名	upstream			
ゆた	赤城ユタ	人名	人名	人名	upstream			
みかくにんどうぶつうまぴ	未確認動物うまぴ	人名	人名	人名	upstream			
うまぴ	未確認動物うまぴ	人名	人名	人名	upstream			
ほうじょうみのり	豊穣ミノリ	人名	人名	人名	upstream			
みのり	豊穣ミノリ	人名	人名	人名	upstream			
そふぃあ	蘇菲蕥	人名	人名	人名	upstream			
かえるにんげん	かえる人間	人名	人名	人名	upstream			
ねこひめちゅんちゅん	猫姫ちゅんちゅん	人名	人名	人名	upstream			
ちゅんちゅん	猫姫ちゅんちゅん	人名	人名	人名	upstream			
あまねこばすてと	天音子バステト	人名	人名	人名	upstream			
ばすてと	天音子バステト	人名	人名	人名	upstream			
うたまちしの	唄街しの	人名	人名	人名	upstream			
しの	唄街しの	人名	人名	人名	upstream			
うにうぃくら	雲丹ゐくら	人名	人名	人名	upstream			
うにいくら	雲丹ゐくら	人名	人名	人名	upstream			
うにゐくら	雲丹ゐくら	人名	人名	人名	upstream			
うぃくら	雲丹ゐくら	人名	人名	人名	upstream			
いくら	雲丹ゐくら	人名	人名	人名	upstream			
ゐくら	雲丹ゐくら	人名	人名	人名	upstream			
がらすやろう	ガラス野郎	人名	人名	人名	upstream			
さぶたろう	サブ太郎	人名	人名	人名	upstream			
はるのさくや	春野咲也	人名	人名	人名	upstream			
さくや	春野咲也	人名	人名	人名	upstream			
びそ	びそ	人名	人名	人名	upstream			
みくるちるか	未来ちるか	人名	人名	人名	upstream			
ちるか	未来ちるか	人名	人名	人名	upstream			
うたたねころぶ	転寝ころぶ	人名	人名	人名	upstream			
ころぶ	転寝ころぶ	人名	人名	人名	upstream			
しろはいのり	白羽祈	人名	人名	人名	upstream			
いのり	白羽祈	人名	人名	人名	upstream			
わななきれろ	戦慄木れろ	人名	人名	人名	upstream			
れろ	戦慄木れろ	人名	人名	人名	upstream			
おとめれてぃしあ	桜灯苺レティシア	人名	人名	人名	upstream			
れてぃしあ	桜灯苺レティシア	人名	人名	人名	upstream			
あまやいめ	天彩いめ	人名	人名	人名	upstream			
いめ	天彩いめ	人名	人名	人名	upstream			
そらしぷるむ	空詩ぷるむ	人名	人名	人名	upstream			
ぷるむ	空詩ぷるむ	人名	人名	人名	upstream			
そらのあお	蒼藍アオ	人名	人名	人名	upstream			
あお	蒼藍アオ	人名	人名	人名	upstream			
つずるせかい	綴せかい	人名	人名	人名	upstream			
せかい	綴せかい	人名	人名	人名	upstream			
ごまのりお	胡麻乃りお	人名	人名	人名	upstream			
りお	胡麻乃りお	人名	人名	人名	upstream			
つきみやみう	月宮みう	人名	人名	人名	upstream			
みう	月宮みう	人名	人名	人名	upstream			
あさがすみあるふ	朝霞アルフ	人名	人名	人名	upstream			
あるふ	朝霞アルフ	人名	人名	人名	upstream			
みゆうりあ	湊結りあ	人名	人名	人名	upstream			
りあ	湊結りあ	人名	人名	人名	upstream			
あいまはる	藍真ハル	人名	人名	人名	upstream			
はる	藍真ハル	人名	人名	人名	upstream			
ふやみゅうと	不夜みゅうと	人名	人名	人名	upstream			
みゅうと	不夜みゅうと	人名	人名	人名	upstream			
うしおはるみ	潮汐春実	人名	人名	人名	upstream			
はるみ	潮汐春実	人名	人名	人名	upstream			
しらくまいゔ	白熊イヴ	人名	人名	人名	upstream			
いぶ	白熊イヴ	人名	人名	人名	upstream			
いゔ	白熊イヴ	人名	人名	人名	upstream			
すごいかぷり	凄井カプリ	人名	人名	人名	upstream			
かぷり	凄井カプリ	人名	人名	人名	upstream			
れんごくおとね	恋獄おとね	人名	人名	人名	upstream			
おとね	恋獄おとね	人名	人名	人名	upstream			
いずもかれん	出雲花蓮	人名	人名	人名	upstream			
かれん	出雲花蓮	人名	人名	人名	upstream			
あずみはるか	蒼澄はるか	人名	人名	人名	upstream			
はるか	蒼澄はるか	人名	人名	人名	upstream			
かがやきまれか	輝マレカ	人名	人名	人名	upstream			
まれか	輝マレカ	人名	人名	人名	upstream			
ねこなでふらん	猫撫ふらん	人名	人名	人名	upstream			
ふらん	猫撫ふらん	人名	人名	人名	upstream			
あまゆりうの	天優鈴うの	人名	人名	人名	upstream			
うの	天優鈴うの	人名	人名	人名	upstream			
ばんけいあかね	晩景緋音	人名	人名	人名	upstream			
あかね	晩景緋音	人名	人名	人名	upstream			
ほうおうどうまりる	鳳凰堂まりる	人名	人名	人名	upstream			
まりる	鳳凰堂まりる	人名	人名	人名	upstream			
こいねえむ	恋音えむ	人名	人名	人名	upstream			
えむ	恋音えむ	人名	人名	人名	upstream			
すのはらうめ	春原うめ	人名	人名	人名	upstream			
うめ	春原うめ	人名	人名	人名	upstream			
ごはんじまぴよ	ご飯島ぴよ	人名	人名	人名	upstream			
ぴよ	ご飯島ぴよ	人名	人名	人名	upstream			
みやじまるしぇる	宮島ルシェル	人名	人名	人名	upstream			
るしぇる	宮島ルシェル	人名	人名	人名	upstream			
いろはつまみ	色葉つまみ	人名	人名	人名	upstream			
つまみ	色葉つまみ	人名	人名	人名	upstream			
とうだいもんあかね	東大門アカネ	人名	人名	人名	upstream			
あかね	東大門アカネ	人名	人名	人名	upstream			
ねこみずりん	猫水リン	人名	人名	人名	upstream			
りん	猫水リン	人名	人名	人名	upstream			
あわみねな	泡海ねな	人名	人名	人名	upstream			
ねな	泡海ねな	人名	人名	人名	upstream			
おおきなおでんだね	大きなおでん種	人名	人名	人名	upstream			
まちいぽんてぅ	待井ぽんてぅ	人名	人名	人名	upstream			
まちいぽんてう	待井ぽんてぅ	人名	人名	人名	upstream			
ぽんてぅ	待井ぽんてぅ	人名	人名	人名	upstream			
ぽんてう	待井ぽんてぅ	人名	人名	人名	upstream			
たつきねおる	竜輝ねおる	人名	人名	人名	upstream			
ねおる	竜輝ねおる	人名	人名	人名	upstream			
よとよとぎ	夜兎よとぎ	人名	人名	人名	upstream			
よとぎ	夜兎よとぎ	人名	人名	人名	upstream			
しろまゆかな	城真ゆかな	人名	人名	人名	upstream			
ゆかな	城真ゆかな	人名	人名	人名	upstream			
くてんあいな	紅天アイナ	人名	人名	人名	upstream			
あいな	紅天アイナ	人名	人名	人名	upstream			
いなばゆき	否羽ゆき	人名	人名	人名	upstream			
ゆき	否羽ゆき	人名	人名	人名	upstream			
あおきみゆ	蒼樹みゆ	人名	人名	人名	upstream			
みゆ	蒼樹みゆ	人名	人名	人名	upstream			
しろさきまと	白咲マト	人名	人名	人名	upstream			
まと	白咲マト	人名	人名	人名	upstream			
かみなぎるな	神凪ルナ	人名	人名	人名	upstream			
るな	神凪ルナ	人名	人名	人名	upstream			
あんどうぴちか	杏藤ぴちか	人名	人名	人名	upstream			
ぴちか	杏藤ぴちか	人名	人名	人名	upstream			
なしなな	梨ナナ	人名	人名	人名	upstream			
なな	梨ナナ	人名	人名	人名	upstream			
つくよみろき	月夜見ロキ	人名	人名	人名	upstream			
ろき	月夜見ロキ	人名	人名	人名	upstream			
ささのねわぽ	笹ノ音わぽ	人名	人名	人名	upstream			
わぽ	笹ノ音わぽ	人名	人名	人名	upstream			
みそのおめい	御苑生メイ	人名	人名	人名	upstream			
めい	御苑生メイ	人名	人名	人名	upstream			
みぞれゆいと	みぞれ唯音	人名	人名	人名	upstream			
おと	みぞれ唯音	人名	人名	人名	upstream			
はれるやかなん	晴夜かなん	人名	人名	人名	upstream			
かなん	晴夜かなん	人名	人名	人名	upstream			
こずきれい	煌月姫レイ	人名	人名	人名	upstream			
れい	煌月姫レイ	人名	人名	人名	upstream			
なんばわん	難波ワン	人名	人名	人名	upstream			
わん	難波ワン	人名	人名	人名	upstream			
ぉにもっちゃん	ぉにもっちゃん	人名	人名	人名	upstream			
とろねこゆくり	瀞猫ゆくり	人名	人名	人名	upstream			
ゆくり	瀞猫ゆくり	人名	人名	人名	upstream			
なつめがわあき	夏芽川アキ	人名	人名	人名	upstream			
あき	夏芽川アキ	人名	人名	人名	upstream			
つるゆみこめ	弦弓こめ	人名	人名	人名	upstream			
こめ	弦弓こめ	人名	人名	人名	upstream			
はるまちすい	春待スイ	人名	人名	人名	upstream			
すい	春待スイ	人名	人名	人名	upstream			
おとのはもえ	音ノ羽萌	人名	人名	人名	upstream			
もえ	音ノ羽萌	人名	人名	人名	upstream			
のって	諾特	人名	人名	人名	upstream			
かねきかう	鐘輝かう	人名	人名	人名	upstream			
かう	鐘輝かう	人名	人名	人名	upstream			
いえいりえと	家入えと	人名	人名	人名	upstream			
えと	家入えと	人名	人名	人名	upstream			
ほねみむくろ	骨魅むくろ	人名	人名	人名	upstream			
むくろ	骨魅むくろ	人名	人名	人名	upstream			
だんちつまこ	団地妻子	人名	人名	人名	upstream			
つまこ	団地妻子	人名	人名	人名	upstream			
あまぼしるい	雨星るい	人名	人名	人名	upstream			
るい	雨星るい	人名	人名	人名	upstream			
かたぎりまみ	片桐マミ	人名	人名	人名	upstream			
まみ	片桐マミ	人名	人名	人名	upstream			
うさみぐみ	宇佐見グミ	人名	人名	人名	upstream			
ぐみ	宇佐見グミ	人名	人名	人名	upstream			
うるけんのーす	ウル＝ケン･ノース	人名	人名	人名	upstream			
けん	ウル＝ケン･ノース	人名	人名	人名	upstream			
うしろひだり	右城ひだり	人名	人名	人名	upstream			
ひだり	右城ひだり	人名	人名	人名	upstream			
ふみつきまお	文月まお	人名	人名	人名	upstream			
まお	文月まお	人名	人名	人名	upstream			
ぐみょうゆくる	求名ゆくる	人名	人名	人名	upstream			
ゆくる	求名ゆくる	人名	人名	人名	upstream			
どうけ	道化	人名	人名	人名	upstream			
ませみうし	真瀬みうし	人名	人名	人名	upstream			
みうし	真瀬みうし	人名	人名	人名	upstream			
かいじゅうむすめあすぱらす	怪獣娘アスパラス	人名	人名	人名	upstream			
あすぱらす	怪獣娘アスパラス	人名	人名	人名	upstream			
もがみさくや	最上さくや	人名	人名	人名	upstream			
さくや	最上さくや	人名	人名	人名	upstream			
まかぺてぃ	マカ・ペティ	人名	人名	人名	upstream			
まか	マカ・ペティ	人名	人名	人名	upstream			
まめぞぅ	まめぞぅ	人名	人名	人名	upstream			
ほしみそら	星美そら	人名	人名	人名	upstream			
そら	星美そら	人名	人名	人名	upstream			
まどろみろみ	微睡ろみ	人名	人名	人名	upstream			
ろみ	微睡ろみ	人名	人名	人名	upstream			
ばちたやづ	八鮹やづ	人名	人名	人名	upstream			
やづ	八鮹やづ	人名	人名	人名	upstream			
あまのさくらつむぎひめ	天ノ桜紬姫	人名	人名	人名	upstream			
つむぎひめ	天ノ桜紬姫	人名	人名	人名	upstream			
ひいろしな	陽色しな	人名	人名	人名	upstream			
しな	陽色しな	人名	人名	人名	upstream			
やみがふちかいね	闇ヶ淵カイネ	人名	人名	人名	upstream			
かいね	闇ヶ淵カイネ	人名	人名	人名	upstream			
かづきここ	奏月ここ	人名	人名	人名	upstream			
ここ	奏月ここ	人名	人名	人名	upstream			
ねみせんぱい	ねみ先輩	人名	人名	人名	upstream			
せんぱい	ねみ先輩	人名	人名	人名	upstream			
みつきしらかわ	白河水月	人名	人名	人名	upstream			
すいげつ	白河水月	人名	人名	人名	upstream			
ぎんじょうひぎり	銀錠ひぎり	人名	人名	人名	upstream			
ひぎり	銀錠ひぎり	人名	人名	人名	upstream			
まよいぬろん	迷狗ろん	人名	人名	人名	upstream			
ろん	迷狗ろん	人名	人名	人名	upstream			
いぬがみけんた	いぬがみ犬汰	人名	人名	人名	upstream			
けんた	いぬがみ犬汰	人名	人名	人名	upstream			
しかゆいな	紫霞ゆいな	人名	人名	人名	upstream			
ゆいな	紫霞ゆいな	人名	人名	人名	upstream			
しかあいな	紫霞あいな	人名	人名	人名	upstream			
あいな	紫霞あいな	人名	人名	人名	upstream			
かたぱると	型羽ルト	人名	人名	人名	upstream			
ると	型羽ルト	人名	人名	人名	upstream			
みかずきえるく	三日月えるく	人名	人名	人名	upstream			
えるく	三日月えるく	人名	人名	人名	upstream			
なかまえぶりー	仲間エブリー	人名	人名	人名	upstream			
えぶりー	仲間エブリー	人名	人名	人名	upstream			
ゆめみのまい	夢見野まい	人名	人名	人名	upstream			
まい	夢見野まい	人名	人名	人名	upstream			
もものゆずゆ	桃々乃ゆずゆ	人名	人名	人名	upstream			
ゆずゆ	桃々乃ゆずゆ	人名	人名	人名	upstream			
しいなかいね	椎名かいね	人名	人名	人名	upstream			
かいね	椎名かいね	人名	人名	人名	upstream			
わたゆきぺた	綿雪ぺた	人名	人名	人名	upstream			
ぺた	綿雪ぺた	人名	人名	人名	upstream			
とこわかみかん	常若みかん	人名	人名	人名	upstream			
みかん	常若みかん	人名	人名	人名	upstream			
だいきち	ダイキチ	人名	人名	人名	upstream			
ひなすずことみ	雛鈴ことみ	人名	人名	人名	upstream			
ことみ	雛鈴ことみ	人名	人名	人名	upstream			
はなのいろは	花野彩晴	人名	人名	人名	upstream			
いろは	花野彩晴	人名	人名	人名	upstream			
てんしんちゃお	天心ちゃお	人名	人名	人名	upstream			
ちゃお	天心ちゃお	人名	人名	人名	upstream			
はるうさぎ	春うさぎ	人名	人名	人名	upstream			
うさぎ	春うさぎ	人名	人名	人名	upstream			
まよなかれいじ	真夜中零時	人名	人名	人名	upstream			
れいじ	真夜中零時	人名	人名	人名	upstream			
はすのうえみや	蓮乃上みや	人名	人名	人名	upstream			
みや	蓮乃上みや	人名	人名	人名	upstream			
きゅうさいちゃん	救済ちゃん	人名	人名	人名	upstream			
ねこぞえしらたま	猫添しらたま	人名	人名	人名	upstream			
しらたま	猫添しらたま	人名	人名	人名	upstream			
あまずえよ	甘酢えよ	人名	人名	人名	upstream			
えよ	甘酢えよ	人名	人名	人名	upstream			
あけみはいね	朱御灰音	人名	人名	人名	upstream			
はいね	朱御灰音	人名	人名	人名	upstream			
さわらび	茶わらび	人名	人名	人名	upstream			
わらび	茶わらび	人名	人名	人名	upstream			
かくとうげーむげきうまてんていばーちゃるゆーちゅーばーいぬ	格闘ゲーム激うま天帝バーチャルユーチューバー犬	人名	人名	人名	upstream			
ゆうと	悠人	人名	人名	人名	upstream			
ぼくのもも	僕ノもも	人名	人名	人名	upstream			
もも	僕ノもも	人名	人名	人名	upstream			
みわすよい	彌忘ヨイ	人名	人名	人名	upstream			
よい	彌忘ヨイ	人名	人名	人名	upstream			
あいかわかずま	藍川カズマ	人名	人名	人名	upstream			
かずま	藍川カズマ	人名	人名	人名	upstream			
ぎょうざやく	餃子ヤク	人名	人名	人名	upstream			
やく	餃子ヤク	人名	人名	人名	upstream			
あさぎりゆあ	朝霧ユア	人名	人名	人名	upstream			
ゆあ	朝霧ユア	人名	人名	人名	upstream			
はるかぜゆいと	春風ユイト	人名	人名	人名	upstream			
ゆいと	春風ユイト	人名	人名	人名	upstream			
このせひなまる	心星ひなまる	人名	人名	人名	upstream			
ひなまる	心星ひなまる	人名	人名	人名	upstream			
おくらすぶいあーる	おくらすVR	人名	人名	人名	upstream			
おきゅたん	おくらすVR	人名	人名	人名	upstream			
おきゅらす	おくらすVR	人名	人名	人名	upstream			
おくらす	おくらすVR	人名	人名	人名	upstream			
げっしょくみい	月食みい	人名	人名	人名	upstream			
みい	月食みい	人名	人名	人名	upstream			
もちねころま	餅猫ころま	人名	人名	人名	upstream			
ころま	餅猫ころま	人名	人名	人名	upstream			
あなのおしるこ	穴野をしる子	人名	人名	人名	upstream			
あなのをしるこ	穴野をしる子	人名	人名	人名	upstream			
おしるこ	穴野をしる子	人名	人名	人名	upstream			
をしるこ	穴野をしる子	人名	人名	人名	upstream			
びゃっこ	白虎	人名	人名	人名	upstream			
くまのしゃけこ	熊野しゃけ子	人名	人名	人名	upstream			
しゃけこ	熊野しゃけ子	人名	人名	人名	upstream			
すずはゆみ	鈴葉ユミ	人名	人名	人名	upstream			
ゆみ	鈴葉ユミ	人名	人名	人名	upstream			
おしまづき	几	人名	人名	人名	upstream			
にのみやすてねこ	二ノ宮すてねこ	人名	人名	人名	upstream			
すてねこ	二ノ宮すてねこ	人名	人名	人名	upstream			
はずきそら	葉月宙	人名	人名	人名	upstream			
そら	葉月宙	人名	人名	人名	upstream			
みわてと	神々てと	人名	人名	人名	upstream			
てと	神々てと	人名	人名	人名	upstream			
いしきえも	癒色えも	人名	人名	人名	upstream			
えも	癒色えも	人名	人名	人名	upstream			
いぬもりやや	犬護やや	人名	人名	人名	upstream			
やや	犬護やや	人名	人名	人名	upstream			
にいなえる	新菜エル	人名	人名	人名	upstream			
える	新菜エル	人名	人名	人名	upstream			
おとなしあん	音無杏	人名	人名	人名	upstream			
あん	音無杏	人名	人名	人名	upstream			
だんちづまろうれ	団地妻ろうれ	人名	人名	人名	upstream			
ろうれ	団地妻ろうれ	人名	人名	人名	upstream			
あかつのぼむ	赤角ボム	人名	人名	人名	upstream			
ぼむ	赤角ボム	人名	人名	人名	upstream			
あかのびゃくあ	赫ノ白亞	人名	人名	人名	upstream			
びゃくあ	赫ノ白亞	人名	人名	人名	upstream			
ふたばしゃろ	双葉シャロ	人名	人名	人名	upstream			
しゃろ	双葉シャロ	人名	人名	人名	upstream			
にじいろみゆ	虹色みゆ	人名	人名	人名	upstream			
みゆ	虹色みゆ	人名	人名	人名	upstream			
のぞみ	のぞみ	人名	人名	人名	upstream			
ふたばめぐ	双葉めぐ	人名	人名	人名	upstream			
めぐ	双葉めぐ	人名	人名	人名	upstream			
かしかぜ	樫風	人名	人名	人名	upstream			
ぱぱらちゃ	パパラチャ	人名	人名	人名	upstream			
おとときえらー	音時エラー	人名	人名	人名	upstream			
えらー	音時エラー	人名	人名	人名	upstream			
ねがゆううつ	ネガ憂鬱	人名	人名	人名	upstream			
ゆううつ	ネガ憂鬱	人名	人名	人名	upstream			
おとさきありん	音咲アリン	人名	人名	人名	upstream			
ありん	音咲アリン	人名	人名	人名	upstream			
でぐちさだお	出口貞夫	人名	人名	人名	upstream			
さだお	出口貞夫	人名	人名	人名	upstream			
すずかぜあかね	涼風あかね	人名	人名	人名	upstream			
あかね	涼風あかね	人名	人名	人名	upstream			
すずかぜあきと	涼風あきと	人名	人名	人名	upstream			
あきと	涼風あきと	人名	人名	人名	upstream			
かつりつか	勝立香	人名	人名	人名	upstream			
りつか	勝立香	人名	人名	人名	upstream			
あまいりゅう	あまい龍	人名	人名	人名	upstream			
りゅう	あまい龍	人名	人名	人名	upstream			
とくにかすか	透国幽香	人名	人名	人名	upstream			
かすか	透国幽香	人名	人名	人名	upstream			
あさくらとうしろう	朝倉藤四郎	人名	人名	人名	upstream			
とうしろう	朝倉藤四郎	人名	人名	人名	upstream			
みやもとまいける	宮本マイケル	人名	人名	人名	upstream			
まいける	宮本マイケル	人名	人名	人名	upstream			
みみり	米米縭	人名	人名	人名	upstream			
くらげやみお	海月夜澪	人名	人名	人名	upstream			
みお	海月夜澪	人名	人名	人名	upstream			
ぴよこ	ぴよ子	人名	人名	人名	upstream			
まふぁ	魔法!	人名	人名	人名	upstream			
みやかわあこ	宮河あこ	人名	人名	人名	upstream			
あこ	宮河あこ	人名	人名	人名	upstream			
ゆきむらひびき	雪村ひびき	人名	人名	人名	upstream			
ひびき	雪村ひびき	人名	人名	人名	upstream			
あやみあや	綾美あや	人名	人名	人名	upstream			
あや	綾美あや	人名	人名	人名	upstream			
よるどきまゆ	拠鳥きまゆ	人名	人名	人名	upstream			
きまゆ	拠鳥きまゆ	人名	人名	人名	upstream			
かみこっぷ	神コップ	人名	人名	人名	upstream			
ねこみやさくや	音恋宮さくや	人名	人名	人名	upstream			
さくや	音恋宮さくや	人名	人名	人名	upstream			
えんのやみ	閻ノやみ	人名	人名	人名	upstream			
やみ	閻ノやみ	人名	人名	人名	upstream			
ぷろぽりすさちこ	ぷろぽりす幸子	人名	人名	人名	upstream			
さちこ	ぷろぽりす幸子	人名	人名	人名	upstream			
じえん	慈焔	人名	人名	人名	upstream			
いぬかいゆいな	犬飼ゆいな、	人名	人名	人名	upstream			
ゆいな	犬飼ゆいな、	人名	人名	人名	upstream			
くろさきゔぁいす	黒崎ヴァイス	人名	人名	人名	upstream			
ゔぁいす	黒崎ヴァイス	人名	人名	人名	upstream			
さくらだらぎこ	作楽汰らぎこ	人名	人名	人名	upstream			
らぎこ	作楽汰らぎこ	人名	人名	人名	upstream			
にゃんたん	にゃんたん	人名	人名	人名	upstream			
たてばやしすみれ	館林すみれ	人名	人名	人名	upstream			
すみれ	館林すみれ	人名	人名	人名	upstream			
よこもりじぜる	夜小守じぜる	人名	人名	人名	upstream			
じぜる	夜小守じぜる	人名	人名	人名	upstream			
あめのあま	雨乃あま	人名	人名	人名	upstream			
あま	雨乃あま	人名	人名	人名	upstream			
けんざきめすお	剣崎雌雄	人名	人名	人名	upstream			
けんざき	剣崎雌雄	人名	人名	人名	upstream			
あかばね	赤羽根	人名	人名	人名	upstream			
ひびきかなで	響かなで	人名	人名	人名	upstream			
かなで	響かなで	人名	人名	人名	upstream			
おにつかたいが	尾弐束タイガ	人名	人名	人名	upstream			
たいが	尾弐束タイガ	人名	人名	人名	upstream			
もりせつぐみ	森瀬つぐみ	人名	人名	人名	upstream			
つぐみ	森瀬つぐみ	人名	人名	人名	upstream			
かぐやぴと	かぐや飛兎	人名	人名	人名	upstream			
ぴと	かぐや飛兎	人名	人名	人名	upstream			
あかさかいつか	赤坂イツカ	人名	人名	人名	upstream			
いつか	赤坂イツカ	人名	人名	人名	upstream			
はなまりゆら	花鞠ゆら	人名	人名	人名	upstream			
ゆら	花鞠ゆら	人名	人名	人名	upstream			
みたまれい	霊れい	人名	人名	人名	upstream			
そるとはくしゃく	ソルト伯爵	人名	人名	人名	upstream			
そると	ソルト伯爵	人名	人名	人名	upstream			
さわらよん	佐原よん	人名	人名	人名	upstream			
よん	佐原よん	人名	人名	人名	upstream			
ゆいのいゆ	結乃いゆ	人名	人名	人名	upstream			
いゆ	結乃いゆ	人名	人名	人名	upstream			
めんこかんすい	麺虎カンスイ	人名	人名	人名	upstream			
かんすい	麺虎カンスイ	人名	人名	人名	upstream			
にしつーどり	にしつーどり	人名	人名	人名	upstream			
きぬごしもめん	絹漉もめん	人名	人名	人名	upstream			
もめん	絹漉もめん	人名	人名	人名	upstream			
あくまらすた	明魔らすた	人名	人名	人名	upstream			
らすた	明魔らすた	人名	人名	人名	upstream			
きみともゆるし	君友ゆるし	人名	人名	人名	upstream			
ゆるし	君友ゆるし	人名	人名	人名	upstream			
くうはくなつめ	空白ナツメ	人名	人名	人名	upstream			
なつめ	空白ナツメ	人名	人名	人名	upstream			
あねかわちゆき	姉川ちゆき	人名	人名	人名	upstream			
ちゆき	姉川ちゆき	人名	人名	人名	upstream			
ななみめあり	七海めあり	人名	人名	人名	upstream			
めあり	七海めあり	人名	人名	人名	upstream			
てんめいまう	天命まう	人名	人名	人名	upstream			
まう	天命まう	人名	人名	人名	upstream			
れんせいきしりうす	煉星姫シリウス	人名	人名	人名	upstream			
しりうす	煉星姫シリウス	人名	人名	人名	upstream			
おおもりめーてる	大森メーテル	人名	人名	人名	upstream			
めーてる	大森メーテル	人名	人名	人名	upstream			
きゃらはなほっぷ	伽羅花ホップ	人名	人名	人名	upstream			
ほっぷ	伽羅花ホップ	人名	人名	人名	upstream			
きぬたはかせ	きぬた博士	人名	人名	人名	upstream			
きぬた	きぬた博士	人名	人名	人名	upstream			
かたり	騙	人名	人名	人名	upstream			
くろむぶいらゔぃりー	クロム・V・ラヴィリー	人名	人名	人名	upstream			
くろむ	クロム・V・ラヴィリー	人名	人名	人名	upstream			
めうぃど	メヰド	人名	人名	人名	upstream			
めいど	メヰド	人名	人名	人名	upstream			
めゐど	メヰド	人名	人名	人名	upstream			
しろゆきひめの	白雪ひめの	人名	人名	人名	upstream			
ひめの	白雪ひめの	人名	人名	人名	upstream			
もはらもずく	藻原水雲	人名	人名	人名	upstream			
もずく	藻原水雲	人名	人名	人名	upstream			
むしゃのこうじえり	武者小路エリ	人名	人名	人名	upstream			
えり	武者小路エリ	人名	人名	人名	upstream			
よるなきしい	夜鳴しい	人名	人名	人名	upstream			
しい	夜鳴しい	人名	人名	人名	upstream			
えれくとろにこ	エレクトロニ子	人名	人名	人名	upstream			
きららはる	煌良はる	人名	人名	人名	upstream			
はる	煌良はる	人名	人名	人名	upstream			
こもりねね	小森ねね	人名	人名	人名	upstream			
ねね	小森ねね	人名	人名	人名	upstream			
えびなあお	海老名あお	人名	人名	人名	upstream			
あお	海老名あお	人名	人名	人名	upstream			
みやびもあ	雅もあ	人名	人名	人名	upstream			
もあ	雅もあ	人名	人名	人名	upstream			
すずしろよる	鈴白よる	人名	人名	人名	upstream			
よる	鈴白よる	人名	人名	人名	upstream			
ぺかそ	ぺかそ	人名	人名	人名	upstream			
びあっこ	びあっこ	人名	人名	人名	upstream			
ざんりゅうしねん	残留しねん	人名	人名	人名	upstream			
しねん	残留しねん	人名	人名	人名	upstream			
まにわかりん	真庭花梨	人名	人名	人名	upstream			
まにわ	真庭花梨	人名	人名	人名	upstream			
りんどうりすと	凛堂りすと	人名	人名	人名	upstream			
りすと	凛堂りすと	人名	人名	人名	upstream			
さいかすいれん	彩歌すいれん	人名	人名	人名	upstream			
すいれん	彩歌すいれん	人名	人名	人名	upstream			
あまそらいあ	天空いあ	人名	人名	人名	upstream			
いあ	天空いあ	人名	人名	人名	upstream			
げんかいやすこ	限界やすこ	人名	人名	人名	upstream			
やすこ	限界やすこ	人名	人名	人名	upstream			
たましょうこ	多間硝子	人名	人名	人名	upstream			
しょうこ	多間硝子	人名	人名	人名	upstream			
めいじらんぷ	明治らんぷ	人名	人名	人名	upstream			
らんぷ	明治らんぷ	人名	人名	人名	upstream			
まほうぷりんかん	魔法布丁罐	人名	人名	人名	upstream			
もちたれん	望田れん	人名	人名	人名	upstream			
れん	望田れん	人名	人名	人名	upstream			
しんびょうまなき	心病愛希	人名	人名	人名	upstream			
しんびょう	心病愛希	人名	人名	人名	upstream			
しおたいお	塩田いお	人名	人名	人名	upstream			
いお	塩田いお	人名	人名	人名	upstream			
こしうつわ	孤施ウツワ	人名	人名	人名	upstream			
うつわ	孤施ウツワ	人名	人名	人名	upstream			
うみつきひなつ	海月ひなつ	人名	人名	人名	upstream			
ひなつ	海月ひなつ	人名	人名	人名	upstream			
うたかたひめい	泡形ヒメイ	人名	人名	人名	upstream			
ひめい	泡形ヒメイ	人名	人名	人名	upstream			
しきおりおり	敷檻織	人名	人名	人名	upstream			
おり	敷檻織	人名	人名	人名	upstream			
ぜったいしょうり	絶対ショウリ	人名	人名	人名	upstream			
しょうり	絶対ショウリ	人名	人名	人名	upstream			
ほしあいゆか	星愛ゆか	人名	人名	人名	upstream			
ゆか	星愛ゆか	人名	人名	人名	upstream			
ほしあいみか	星愛みか	人名	人名	人名	upstream			
みか	星愛みか	人名	人名	人名	upstream			
つきしたまみ	月下まみ	人名	人名	人名	upstream			
まみ	月下まみ	人名	人名	人名	upstream			
みがみらりさ	美神ラリサ	人名	人名	人名	upstream			
らりさ	美神ラリサ	人名	人名	人名	upstream			
きさらぎももか	如月桃花	人名	人名	人名	upstream			
ももか	如月桃花	人名	人名	人名	upstream			
かぐらたぬまる	神楽狸丸	人名	人名	人名	upstream			
たぬまる	神楽狸丸	人名	人名	人名	upstream			
せきもりりえする	関森リエスル	人名	人名	人名	upstream			
りえする	関森リエスル	人名	人名	人名	upstream			
ときかぜまゆら	時風まゆら	人名	人名	人名	upstream			
まゆら	時風まゆら	人名	人名	人名	upstream			
たるたこす	タルタコス	人名	人名	人名	upstream			
とっぷがん	とっぷがん	人名	人名	人名	upstream			
さかよりぺぱ	酒依ぺぱ	人名	人名	人名	upstream			
ぺぱ	酒依ぺぱ	人名	人名	人名	upstream			
みつばこよみ	葉々々暦	人名	人名	人名	upstream			
こよみ	葉々々暦	人名	人名	人名	upstream			
もいか	桃依卡	人名	人名	人名	upstream			
いがらし	五十嵐さん	人名	人名	人名	upstream			
ざささ	夏莎莎	人名	人名	人名	upstream			
にしきちゃお	二色ちゃお	人名	人名	人名	upstream			
ちゃお	二色ちゃお	人名	人名	人名	upstream			
うちゅうのはるちゃん	宇宙のはるちゃん	人名	人名	人名	upstream			
はるちゃん	宇宙のはるちゃん	人名	人名	人名	upstream			
ちのこ	奇諾可	人名	人名	人名	upstream			
はれまにこ	晴間にこ	人名	人名	人名	upstream			
にこ	晴間にこ	人名	人名	人名	upstream			
びきになにきび	美姫仁奈にきび	人名	人名	人名	upstream			
にきび	美姫仁奈にきび	人名	人名	人名	upstream			
たびねこしろ	旅猫シロ	人名	人名	人名	upstream			
しろ	旅猫シロ	人名	人名	人名	upstream			
かんなぎぷい	神凪ぷい	人名	人名	人名	upstream			
ぷい	神凪ぷい	人名	人名	人名	upstream			
あまつかみーしゃ	天使みーしゃ	人名	人名	人名	upstream			
みーしゃ	天使みーしゃ	人名	人名	人名	upstream			
しとらはく	白虎ハク	人名	人名	人名	upstream			
はく	白虎ハク	人名	人名	人名	upstream			
あおぞらきずな	蒼空キズナ	人名	人名	人名	upstream			
きずな	蒼空キズナ	人名	人名	人名	upstream			
どこぞのだれか	何処園ダレカ	人名	人名	人名	upstream			
だれか	何処園ダレカ	人名	人名	人名	upstream			
しとつめのう	紫突めのう	人名	人名	人名	upstream			
めのう	紫突めのう	人名	人名	人名	upstream			
はしもとすず	橋本すず	人名	人名	人名	upstream			
すず	橋本すず	人名	人名	人名	upstream			
いろなしせぴあ	彩無せぴあ	人名	人名	人名	upstream			
せぴあ	彩無せぴあ	人名	人名	人名	upstream			
そあるぱか	想有ぱか	人名	人名	人名	upstream			
ぱか	想有ぱか	人名	人名	人名	upstream			
ななみやそう	七宮ソウ	人名	人名	人名	upstream			
そう	七宮ソウ	人名	人名	人名	upstream			
びびびみくろ	微々微みくろ	人名	人名	人名	upstream			
みくろ	微々微みくろ	人名	人名	人名	upstream			
あいみはにぃ	愛蜜はにぃ	人名	人名	人名	upstream			
あいみはにい	愛蜜はにぃ	人名	人名	人名	upstream			
はにぃ	愛蜜はにぃ	人名	人名	人名	upstream			
はにい	愛蜜はにぃ	人名	人名	人名	upstream			
なえがなる	苗芽なる	人名	人名	人名	upstream			
なる	苗芽なる	人名	人名	人名	upstream			
あめみやかんろ	飴三屋かんろ	人名	人名	人名	upstream			
かんろ	飴三屋かんろ	人名	人名	人名	upstream			
おとみるーちぇ	音海るーちぇ	人名	人名	人名	upstream			
るーちぇ	音海るーちぇ	人名	人名	人名	upstream			
ぬえもとねむ	鵺本ねむ	人名	人名	人名	upstream			
ねむ	鵺本ねむ	人名	人名	人名	upstream			
ゆきはらゆき	雪原ゆき	人名	人名	人名	upstream			
ゆき	雪原ゆき	人名	人名	人名	upstream			
たつきりゅか	龍城りゅか	人名	人名	人名	upstream			
りゅか	龍城りゅか	人名	人名	人名	upstream			
めでぃ	メディ	人名	人名	人名	upstream			
しいぷたにこ	椎風たにこ	人名	人名	人名	upstream			
たにこ	椎風たにこ	人名	人名	人名	upstream			
いちまるせん	市丸せん	人名	人名	人名	upstream			
せん	市丸せん	人名	人名	人名	upstream			
ばいゆうぐぉ	白羽鴿	人名	人名	人名	upstream			
ぐぉ	白羽鴿	人名	人名	人名	upstream			
しんずきあい	心好き愛	人名	人名	人名	upstream			
あい	心好き愛	人名	人名	人名	upstream			
むと	夢叶	人名	人名	人名	upstream			
とうごうらいご	藤堂雷悟	人名	人名	人名	upstream			
らいご	藤堂雷悟	人名	人名	人名	upstream			
かしゅうなつ	加須なつ	人名	人名	人名	upstream			
なつ	加須なつ	人名	人名	人名	upstream			
こうていちえる	皇帝ちえる	人名	人名	人名	upstream			
ちえる	皇帝ちえる	人名	人名	人名	upstream			
だいだいみゃお	橙ミャオ	人名	人名	人名	upstream			
みゃお	橙ミャオ	人名	人名	人名	upstream			
ねこたま	ねこたま	人名	人名	人名	upstream			
のぼりざかころろ	上坂ころろ	人名	人名	人名	upstream			
ころろ	上坂ころろ	人名	人名	人名	upstream			
ぱっぷりかきゅうじゅうはちえん	パップリカ98円	人名	人名	人名	upstream			
ぱっぷりか	パップリカ98円	人名	人名	人名	upstream			
うみのさち	海野幸	人名	人名	人名	upstream			
さち	海野幸	人名	人名	人名	upstream			
いの	伊諾	人名	人名	人名	upstream			
ふたばさくや	二薔朔夜	人名	人名	人名	upstream			
さくや	二薔朔夜	人名	人名	人名	upstream			
まんぷくりた	万福りた	人名	人名	人名	upstream			
りた	万福りた	人名	人名	人名	upstream			
かしのことな	菓子野コトナ	人名	人名	人名	upstream			
ことな	菓子野コトナ	人名	人名	人名	upstream			
くずやりん	葛谷りん	人名	人名	人名	upstream			
りん	葛谷りん	人名	人名	人名	upstream			
ろーぜあと	ローゼアト	人名	人名	人名	upstream			
むかい	無界	人名	人名	人名	upstream			
とおんゆずたみ	都音ゆずたみ	人名	人名	人名	upstream			
ゆずたみ	都音ゆずたみ	人名	人名	人名	upstream			
なつぐもむい	夏雲ムイ	人名	人名	人名	upstream			
むい	夏雲ムイ	人名	人名	人名	upstream			
だだだめだ	駄ゞ田メダ	人名	人名	人名	upstream			
めだ	駄ゞ田メダ	人名	人名	人名	upstream			
あみやさつき	編屋さつき	人名	人名	人名	upstream			
さつき	編屋さつき	人名	人名	人名	upstream			
きさき	妃玖	人名	人名	人名	upstream			
しゅうう	柊雨	人名	人名	人名	upstream			
やとちゆ	夜燈ちゆ	人名	人名	人名	upstream			
ちゆ	夜燈ちゆ	人名	人名	人名	upstream			
なうしかまる	夏羽鹿丸	人名	人名	人名	upstream			
しかまる	夏羽鹿丸	人名	人名	人名	upstream			
ねこさきよる	猫崎ヨル	人名	人名	人名	upstream			
よる	猫崎ヨル	人名	人名	人名	upstream			
しらすうに	白栖うに	人名	人名	人名	upstream			
うに	白栖うに	人名	人名	人名	upstream			
あおかびましゅまろ	青カビましゅまろ	人名	人名	人名	upstream			
ましゅまろ	青カビましゅまろ	人名	人名	人名	upstream			
てりやきとまこ	照八木とまこ	人名	人名	人名	upstream			
とまこ	照八木とまこ	人名	人名	人名	upstream			
かんじゅくほわ	完熟ほわ	人名	人名	人名	upstream			
ほわ	完熟ほわ	人名	人名	人名	upstream			
えぬかわひょうげつ	絵貫川氷月	人名	人名	人名	upstream			
ひょうげつ	絵貫川氷月	人名	人名	人名	upstream			
ことのは	言羽	人名	人名	人名	upstream			
はくろうせき	白狼セキ	人名	人名	人名	upstream			
せき	白狼セキ	人名	人名	人名	upstream			
せいがるるどう	縷々道生我	人名	人名	人名	upstream			
るるどう	縷々道生我	人名	人名	人名	upstream			
くままるもふ	熊丸もふ	人名	人名	人名	upstream			
もふ	熊丸もふ	人名	人名	人名	upstream			
とりむねもも	鳥宗もも	人名	人名	人名	upstream			
もも	鳥宗もも	人名	人名	人名	upstream			
しらほまひゆ	白帆まひゆ	人名	人名	人名	upstream			
まひゆ	白帆まひゆ	人名	人名	人名	upstream			
せつげっかこはく	雪月花コハク	人名	人名	人名	upstream			
こはく	雪月花コハク	人名	人名	人名	upstream			
やよいいゔ	夜宵イヴ	人名	人名	人名	upstream			
いゔ	夜宵イヴ	人名	人名	人名	upstream			
ふゆみやみはる	冬宮みはる	人名	人名	人名	upstream			
みはる	冬宮みはる	人名	人名	人名	upstream			
まいのむに	妹乃むに	人名	人名	人名	upstream			
むに	妹乃むに	人名	人名	人名	upstream			
はじかのことな	初鹿野ことな	人名	人名	人名	upstream			
ことな	初鹿野ことな	人名	人名	人名	upstream			
ほおずきまお	鬼灯マオ	人名	人名	人名	upstream			
まお	鬼灯マオ	人名	人名	人名	upstream			
ももはねひでまる	桃羽ひでまる	人名	人名	人名	upstream			
ひでまる	桃羽ひでまる	人名	人名	人名	upstream			
みつのきしらべ	三軒しらべ	人名	人名	人名	upstream			
しらべ	三軒しらべ	人名	人名	人名	upstream			
みなぎりんか	巫薙りんか	人名	人名	人名	upstream			
りんか	巫薙りんか	人名	人名	人名	upstream			
よちくろえ	夜千クロエ	人名	人名	人名	upstream			
くろえ	夜千クロエ	人名	人名	人名	upstream			
よせいにゃむ	余生にゃむ	人名	人名	人名	upstream			
にゃむ	余生にゃむ	人名	人名	人名	upstream			
ゆゆかいなこ	幽々怪なこ	人名	人名	人名	upstream			
なこ	幽々怪なこ	人名	人名	人名	upstream			
くろがみくぅ	黒神くぅ	人名	人名	人名	upstream			
くろがみくう	黒神くぅ	人名	人名	人名	upstream			
くぅ	黒神くぅ	人名	人名	人名	upstream			
くう	黒神くぅ	人名	人名	人名	upstream			
もものぎもも	桃乃木桃	人名	人名	人名	upstream			
もも	桃乃木桃	人名	人名	人名	upstream			
ひとぼしはくあ	火燈ハクア	人名	人名	人名	upstream			
はくあ	火燈ハクア	人名	人名	人名	upstream			
あおざめせいや	青鮫セイヤ	人名	人名	人名	upstream			
せいや	青鮫セイヤ	人名	人名	人名	upstream			
まてんくろあ	魔天クロア	人名	人名	人名	upstream			
くろあ	魔天クロア	人名	人名	人名	upstream			
きぬたぬき	帛田ヌキ	人名	人名	人名	upstream			
ぬき	帛田ヌキ	人名	人名	人名	upstream			
かなまるとらのすけ	金丸とらのすけ	人名	人名	人名	upstream			
とらのすけ	金丸とらのすけ	人名	人名	人名	upstream			
ゆうきゆうみ	幽気ゆうみ	人名	人名	人名	upstream			
ゆうみ	幽気ゆうみ	人名	人名	人名	upstream			
めぐりねゆの	廻子唯乃	人名	人名	人名	upstream			
ゆの	廻子唯乃	人名	人名	人名	upstream			
みかむりぱーる	海冠ぱーる	人名	人名	人名	upstream			
ぱーる	海冠ぱーる	人名	人名	人名	upstream			
あきつきりりか	秋月莉莉卡	人名	人名	人名	upstream			
りりか	秋月莉莉卡	人名	人名	人名	upstream			
みおとらい	水音らい	人名	人名	人名	upstream			
らい	水音らい	人名	人名	人名	upstream			
しもこまもむ	霜狛もむ	人名	人名	人名	upstream			
もむ	霜狛もむ	人名	人名	人名	upstream			
くまねこぱん	熊猫ぱん	人名	人名	人名	upstream			
ぱん	熊猫ぱん	人名	人名	人名	upstream			
おとのはこんぱす	音ノ葉コンパス	人名	人名	人名	upstream			
こんぱす	音ノ葉コンパス	人名	人名	人名	upstream			
もずひよこ	百舌鳥ひよこ	人名	人名	人名	upstream			
ひよこ	百舌鳥ひよこ	人名	人名	人名	upstream			
こちのちの	東風乃ちの	人名	人名	人名	upstream			
ちの	東風乃ちの	人名	人名	人名	upstream			
あまがみべる	甘噛ベル	人名	人名	人名	upstream			
べる	甘噛ベル	人名	人名	人名	upstream			
よなぎるか	夜凪るか	人名	人名	人名	upstream			
るか	夜凪るか	人名	人名	人名	upstream			
さくらみな	春桜みな	人名	人名	人名	upstream			
みな	春桜みな	人名	人名	人名	upstream			
あんどうえいり	安藤えいり	人名	人名	人名	upstream			
えいり	安藤えいり	人名	人名	人名	upstream			
はせぬい	初瀬ヌイ	人名	人名	人名	upstream			
ぬい	初瀬ヌイ	人名	人名	人名	upstream			
ととあづま	戸渡あづま	人名	人名	人名	upstream			
あづま	戸渡あづま	人名	人名	人名	upstream			
さいこかすひらおか	サイコカス平岡	人名	人名	人名	upstream			
ひらおか	サイコカス平岡	人名	人名	人名	upstream			
みみんご	ミミンゴ	人名	人名	人名	upstream			
はくもりはがる	雹衛ハガル	人名	人名	人名	upstream			
はがる	雹衛ハガル	人名	人名	人名	upstream			
ほしわらきゃしー	星笑きゃしー	人名	人名	人名	upstream			
きゃしー	星笑きゃしー	人名	人名	人名	upstream			
なるこらいち	鳴子ライチ	人名	人名	人名	upstream			
らいち	鳴子ライチ	人名	人名	人名	upstream			
いつつぼしきらら	五つ星きらら	人名	人名	人名	upstream			
きらら	五つ星きらら	人名	人名	人名	upstream			
いつつほしせいや	五つ星星哉	人名	人名	人名	upstream			
せいや	五つ星星哉	人名	人名	人名	upstream			
おとねとお	音猫とお	人名	人名	人名	upstream			
とお	音猫とお	人名	人名	人名	upstream			
ゆいろうぽんた	結狼ぽんた	人名	人名	人名	upstream			
みたらしがわねぴあ	御手洗川ネピア	人名	人名	人名	upstream			
ねぴあ	御手洗川ネピア	人名	人名	人名	upstream			
かえるさんごう	かえる3号	人名	人名	人名	upstream			
かえる	かえる3号	人名	人名	人名	upstream			
まっちゃん	まっちゃん	人名	人名	人名	upstream			
こはくぎん	狐狛ぎん	人名	人名	人名	upstream			
ぎん	狐狛ぎん	人名	人名	人名	upstream			
ぴえろのゆうえ	ピエロのユ〜エ	人名	人名	人名	upstream			
ぴえろのゆーえ	ピエロのユ〜エ	人名	人名	人名	upstream			
ぴえろのゆ～え	ピエロのユ〜エ	人名	人名	人名	upstream			
ゆうえ	ピエロのユ〜エ	人名	人名	人名	upstream			
ゆーえ	ピエロのユ〜エ	人名	人名	人名	upstream			
ゆ～え	ピエロのユ〜エ	人名	人名	人名	upstream			
ほだわらこごめ	穂俵こごめ	人名	人名	人名	upstream			
こごめ	穂俵こごめ	人名	人名	人名	upstream			
はざくらみに	羽桜ミニ	人名	人名	人名	upstream			
みに	羽桜ミニ	人名	人名	人名	upstream			
けいいずみ	景イズミ	人名	人名	人名	upstream			
いずみ	景イズミ	人名	人名	人名	upstream			
すずのもりすみ	涼ノ森すみ	人名	人名	人名	upstream			
すみ	涼ノ森すみ	人名	人名	人名	upstream			
あかほしこころ	赤星心	人名	人名	人名	upstream			
こころ	赤星心	人名	人名	人名	upstream			
ことねるい	言眠るい	人名	人名	人名	upstream			
るい	言眠るい	人名	人名	人名	upstream			
しゃじしずか	小靜しずか	人名	人名	人名	upstream			
しずか	小靜しずか	人名	人名	人名	upstream			
どうどうまえやよい	堂々御前やよい	人名	人名	人名	upstream			
やよい	堂々御前やよい	人名	人名	人名	upstream			
くるくるぼっち	くるくるぼっち	人名	人名	人名	upstream			
えりすえくすまきな	えりす･x･まきな	人名	人名	人名	upstream			
えりす	えりす･x･まきな	人名	人名	人名	upstream			
ささもとばたー	笹本バター	人名	人名	人名	upstream			
ばたー	笹本バター	人名	人名	人名	upstream			
こうのね	劫ノ音	人名	人名	人名	upstream			
れいうりん	冷雨リン	人名	人名	人名	upstream			
りん	冷雨リン	人名	人名	人名	upstream			
せいほぬくぬ	生保ぬくぬ	人名	人名	人名	upstream			
ぬくぬ	生保ぬくぬ	人名	人名	人名	upstream			
めるえおら	メルエオラ	人名	人名	人名	upstream			
くない	宮内	人名	人名	人名	upstream			
しばえな	柴エナ	人名	人名	人名	upstream			
みつきまや	三月マヤ	人名	人名	人名	upstream			
まや	三月マヤ	人名	人名	人名	upstream			
くりあめしなの	栗雨しなの	人名	人名	人名	upstream			
ぜつぼうです	絶望です	人名	人名	人名	upstream			
ひそらちり	氷空ちり	人名	人名	人名	upstream			
ちり	氷空ちり	人名	人名	人名	upstream			
はいみやゆうま	灰宮ユウマ	人名	人名	人名	upstream			
ゆうま	灰宮ユウマ	人名	人名	人名	upstream			
このひのき	珈乃琲ノ樹	人名	人名	人名	upstream			
ひのき	珈乃琲ノ樹	人名	人名	人名	upstream			
やまぶきちかよ	山吹チカヨ	人名	人名	人名	upstream			
ちかよ	山吹チカヨ	人名	人名	人名	upstream			
おいのりれいた	御祈れ〜汰	人名	人名	人名	upstream			
おいのりれーた	御祈れ〜汰	人名	人名	人名	upstream			
れいた	御祈れ〜汰	人名	人名	人名	upstream			
れーた	御祈れ〜汰	人名	人名	人名	upstream			
みつばちょこ	三つ葉ちょこ	人名	人名	人名	upstream			
ちょこ	三つ葉ちょこ	人名	人名	人名	upstream			
はいざくらしのぶ	灰桜しのぶ	人名	人名	人名	upstream			
しのぶ	灰桜しのぶ	人名	人名	人名	upstream			
ななししのあでりーぺんぎん	名無しのアデリーペンギン	人名	人名	人名	upstream			
あでりーぺんぎん	名無しのアデリーペンギン	人名	人名	人名	upstream			
どくろてにす	髑髏てにす	人名	人名	人名	upstream			
てにす	髑髏てにす	人名	人名	人名	upstream			
たまもなすこ	玉藻なすこ	人名	人名	人名	upstream			
なすこ	玉藻なすこ	人名	人名	人名	upstream			
くうさるばとーれ	クウ=サルバトーレ	人名	人名	人名	upstream			
くう	クウ=サルバトーレ	人名	人名	人名	upstream			
うらもりぎんたろう	うらもり銀太郎	人名	人名	人名	upstream			
ぎんたろう	うらもり銀太郎	人名	人名	人名	upstream			
むぎのあると	麦乃アルト	人名	人名	人名	upstream			
あると	麦乃アルト	人名	人名	人名	upstream			
みかづきれい	三日月レイ	人名	人名	人名	upstream			
れい	三日月レイ	人名	人名	人名	upstream			
たびのきかなえ	旅ノ木かなえ	人名	人名	人名	upstream			
かなえ	旅ノ木かなえ	人名	人名	人名	upstream			
こはのありさ	こはのありさ	人名	人名	人名	upstream			
ありさ	こはのありさ	人名	人名	人名	upstream			
をれっくす	ヲレックス	人名	人名	人名	upstream			
たべるおおたにさん	食べる大谷さん	人名	人名	人名	upstream			
おおたにさん	食べる大谷さん	人名	人名	人名	upstream			
あくまのあもん	惡魔乃アモン	人名	人名	人名	upstream			
あもん	惡魔乃アモン	人名	人名	人名	upstream			
かんなずきみはる	神無月米哈魯	人名	人名	人名	upstream			
みはる	神無月米哈魯	人名	人名	人名	upstream			
もももふぇりす	桃茂フェリス	人名	人名	人名	upstream			
ふぇりす	桃茂フェリス	人名	人名	人名	upstream			
ここのつこのえ	九月九日	人名	人名	人名	upstream			
このえ	九月九日	人名	人名	人名	upstream			
そのべまや	園部マヤ	人名	人名	人名	upstream			
まや	園部マヤ	人名	人名	人名	upstream			
とか	兎芽	人名	人名	人名	upstream			
せなあいみ	瀬名あいみ	人名	人名	人名	upstream			
あいみ	瀬名あいみ	人名	人名	人名	upstream			
ときのみこ	時ノ神子	人名	人名	人名	upstream			
かみこ	時ノ神子	人名	人名	人名	upstream			
ねこみつみあ	猫蜜みあ	人名	人名	人名	upstream			
みあ	猫蜜みあ	人名	人名	人名	upstream			
まがみみつき	間牙みつき	人名	人名	人名	upstream			
みつき	間牙みつき	人名	人名	人名	upstream			
むろまちなな	室町ナナ	人名	人名	人名	upstream			
なな	室町ナナ	人名	人名	人名	upstream			
ことりぎよつば	小鳥木よつば	人名	人名	人名	upstream			
よつば	小鳥木よつば	人名	人名	人名	upstream			
ゆめみいと	夢見イト	人名	人名	人名	upstream			
いと	夢見イト	人名	人名	人名	upstream			
つずらない	廿楽ない	人名	人名	人名	upstream			
ない	廿楽ない	人名	人名	人名	upstream			
つばきりつ	椿リツ	人名	人名	人名	upstream			
りつ	椿リツ	人名	人名	人名	upstream			
くちなわゆゆあ	蛇ゆゆあ	人名	人名	人名	upstream			
ゆゆあ	蛇ゆゆあ	人名	人名	人名	upstream			
そうみせいら	蒼海セイラ	人名	人名	人名	upstream			
せいら	蒼海セイラ	人名	人名	人名	upstream			
くじょうぜろ	九条ゼロ	人名	人名	人名	upstream			
ぜろ	九条ゼロ	人名	人名	人名	upstream			
だてあやね	伊達あやね	人名	人名	人名	upstream			
あやね	伊達あやね	人名	人名	人名	upstream			
みなせここ	水瀬ここ	人名	人名	人名	upstream			
ここ	水瀬ここ	人名	人名	人名	upstream			
きずきるい	希月ルイ	人名	人名	人名	upstream			
るい	希月ルイ	人名	人名	人名	upstream			
なるきるな	鳴鬼ルナ	人名	人名	人名	upstream			
るな	鳴鬼ルナ	人名	人名	人名	upstream			
きせりいちごう	きせり１号	人名	人名	人名	upstream			
あおいすい	青井水	人名	人名	人名	upstream			
すい	青井水	人名	人名	人名	upstream			
かみなりきん	雷金	人名	人名	人名	upstream			
きん	雷金	人名	人名	人名	upstream			
あまつかもちな	甘使もちな	人名	人名	人名	upstream			
もちな	甘使もちな	人名	人名	人名	upstream			
かげいきゃらこ	影井きゃらこ	人名	人名	人名	upstream			
きゃらこ	影井きゃらこ	人名	人名	人名	upstream			
えにぐまはくしゃく	エニグマ伯爵	人名	人名	人名	upstream			
えにぐま	エニグマ伯爵	人名	人名	人名	upstream			
みく	巫狗	人名	人名	人名	upstream			
よあめえとあ	夜天エトア	人名	人名	人名	upstream			
えとあ	夜天エトア	人名	人名	人名	upstream			
おきなとかげ	翁とかげ	人名	人名	人名	upstream			
とかげ	翁とかげ	人名	人名	人名	upstream			
はなさかみい	華酒みい	人名	人名	人名	upstream			
みい	華酒みい	人名	人名	人名	upstream			
へやもりだいすけ	部屋守だいすけ	人名	人名	人名	upstream			
だいすけ	部屋守だいすけ	人名	人名	人名	upstream			
とじみき	冬至ミキ	人名	人名	人名	upstream			
みき	冬至ミキ	人名	人名	人名	upstream			
ひなせゆず	日向瀬ゆず	人名	人名	人名	upstream			
ゆず	日向瀬ゆず	人名	人名	人名	upstream			
つねもりばとら	常守バトラ	人名	人名	人名	upstream			
ばとら	常守バトラ	人名	人名	人名	upstream			
さいぼーぐきつね	サイボーグ狐	人名	人名	人名	upstream			
にじつき	虹月	人名	人名	人名	upstream			
きらねれん	きらね任	人名	人名	人名	upstream			
れん	きらね任	人名	人名	人名	upstream			
すぴねる	スピネル	人名	人名	人名	upstream			
きゅうけつざあぢ	朽血ざあぢ	人名	人名	人名	upstream			
ざあぢ	朽血ざあぢ	人名	人名	人名	upstream			
にたらずしちみ	九十八しちみ	人名	人名	人名	upstream			
しちみ	九十八しちみ	人名	人名	人名	upstream			
がすけつばふばふ	ガス欠ばふばふ	人名	人名	人名	upstream			
ばふばふ	ガス欠ばふばふ	人名	人名	人名	upstream			
ゆずりはゆゆ	楪ゆゆ	人名	人名	人名	upstream			
ゆゆ	楪ゆゆ	人名	人名	人名	upstream			
ちゃばしらのき	茶柱ノキ	人名	人名	人名	upstream			
のき	茶柱ノキ	人名	人名	人名	upstream			
いなりうる	稲荷ウル	人名	人名	人名	upstream			
うる	稲荷ウル	人名	人名	人名	upstream			
あいぞめあめり	藍染アメリ	人名	人名	人名	upstream			
あめり	藍染アメリ	人名	人名	人名	upstream			
かみよりしはい	神頼シハイ	人名	人名	人名	upstream			
しはい	神頼シハイ	人名	人名	人名	upstream			
せつなるい	雪那るい	人名	人名	人名	upstream			
るい	雪那るい	人名	人名	人名	upstream			
あゆう	阿悠	人名	人名	人名	upstream			
ここなのな	心七のな	人名	人名	人名	upstream			
のな	心七のな	人名	人名	人名	upstream			
ももちもち	萌望もち	人名	人名	人名	upstream			
もち	萌望もち	人名	人名	人名	upstream			
ゆめみるるあ	夢水るるあ	人名	人名	人名	upstream			
るるあ	夢水るるあ	人名	人名	人名	upstream			
あもううの	天羽うの	人名	人名	人名	upstream			
うの	天羽うの	人名	人名	人名	upstream			
かみやれいす	紙家レイス	人名	人名	人名	upstream			
れいす	紙家レイス	人名	人名	人名	upstream			
まゆていとく	まゆ提督	人名	人名	人名	upstream			
まゆ	まゆ提督	人名	人名	人名	upstream			
いぬのゆの	犬乃ゆの	人名	人名	人名	upstream			
ゆの	犬乃ゆの	人名	人名	人名	upstream			
うたつきえん	歌月えん	人名	人名	人名	upstream			
えん	歌月えん	人名	人名	人名	upstream			
はしどいあいろ	丁香樹アイロ	人名	人名	人名	upstream			
あいろ	丁香樹アイロ	人名	人名	人名	upstream			
ときながきっか	時永桔花	人名	人名	人名	upstream			
みやこぽぷり	時永桔花	人名	人名	人名	upstream			
きっか	時永桔花	人名	人名	人名	upstream			
ぽぷり	時永桔花	人名	人名	人名	upstream			
こはくるりね	恋羽るりね	人名	人名	人名	upstream			
るりね	恋羽るりね	人名	人名	人名	upstream			
しきしゅかと	四季守かと	人名	人名	人名	upstream			
かと	四季守かと	人名	人名	人名	upstream			
たからだてぃあらかぶらねーと	宝多･てぃあら･カブラネート	人名	人名	人名	upstream			
てぃあら	宝多･てぃあら･カブラネート	人名	人名	人名	upstream			
さとりねおん	佐鳥ネオン	人名	人名	人名	upstream			
ねおん	佐鳥ネオン	人名	人名	人名	upstream			
みやこぽぷり	京ぽぷり	人名	人名	人名	upstream			
ぽぷり	京ぽぷり	人名	人名	人名	upstream			
ひともじのりこ	一文字のり子	人名	人名	人名	upstream			
のりこ	一文字のり子	人名	人名	人名	upstream			
はなよいゆめ	花宵ゆめ	人名	人名	人名	upstream			
ゆめ	花宵ゆめ	人名	人名	人名	upstream			
ひなひなの	日菜ひな乃	人名	人名	人名	upstream			
ひなの	日菜ひな乃	人名	人名	人名	upstream			
だんざいのりほ	断罪のりほ	人名	人名	人名	upstream			
のりほ	断罪のりほ	人名	人名	人名	upstream			
さきよるやまと	咲夜やまと	人名	人名	人名	upstream			
やまと	咲夜やまと	人名	人名	人名	upstream			
きたけうる	北珈うる	人名	人名	人名	upstream			
うる	北珈うる	人名	人名	人名	upstream			
つーこ	つーこ	人名	人名	人名	upstream			
にちなむい	日菜むい	人名	人名	人名	upstream			
むい	日菜むい	人名	人名	人名	upstream			
うつつのゆめる	現乃ゆめる	人名	人名	人名	upstream			
ゆめる	現乃ゆめる	人名	人名	人名	upstream			
さじょうむゆ	沙条むゆ	人名	人名	人名	upstream			
むゆ	沙条むゆ	人名	人名	人名	upstream			
みつきりこる	満月りこる	人名	人名	人名	upstream			
りこる	満月りこる	人名	人名	人名	upstream			
あまのがわえるは	飴ノ川えるは	人名	人名	人名	upstream			
えるは	飴ノ川えるは	人名	人名	人名	upstream			
ふぁしぃ	ふぁしぃ	人名	人名	人名	upstream			
うらはらあやせ	裏腹あやせ	人名	人名	人名	upstream			
あやせ	裏腹あやせ	人名	人名	人名	upstream			
よすがあるふぁ	縁アルファ	人名	人名	人名	upstream			
あるふぁ	縁アルファ	人名	人名	人名	upstream			
とまりぽき	苫漓ポキ	人名	人名	人名	upstream			
ぽき	苫漓ポキ	人名	人名	人名	upstream			
はすみやゆが	蓮宮ゆが	人名	人名	人名	upstream			
ゆが	蓮宮ゆが	人名	人名	人名	upstream			
ながよねゆ	長夜ネユ	人名	人名	人名	upstream			
ねゆ	長夜ネユ	人名	人名	人名	upstream			
あいぜん	アイゼン	人名	人名	人名	upstream			
こうずきうーさー	香月ウーサー	人名	人名	人名	upstream			
うーさー	香月ウーサー	人名	人名	人名	upstream			
ねこのみやまうる	猫ノ宮まうる	人名	人名	人名	upstream			
まうる	猫ノ宮まうる	人名	人名	人名	upstream			
はなにわぱずる	花庭ぱずる	人名	人名	人名	upstream			
ぱずる	花庭ぱずる	人名	人名	人名	upstream			
あかまきるう	赤巻ルウ	人名	人名	人名	upstream			
るう	赤巻ルウ	人名	人名	人名	upstream			
まがみやみ	禍味やみ	人名	人名	人名	upstream			
やみ	禍味やみ	人名	人名	人名	upstream			
ゆめとりつなぐ	夢撮つなぐ	人名	人名	人名	upstream			
つなぐ	夢撮つなぐ	人名	人名	人名	upstream			
やとぼしるな	夜灯ルナ	人名	人名	人名	upstream			
るな	夜灯ルナ	人名	人名	人名	upstream			
おいかわゆうり	及川結莉	人名	人名	人名	upstream			
ゆうり	及川結莉	人名	人名	人名	upstream			
ぺりいんでぃご	ペリ・インディゴ	人名	人名	人名	upstream			
ぺり	ペリ・インディゴ	人名	人名	人名	upstream			
むしょくろり	無職ロリ	人名	人名	人名	upstream			
ろり	無職ロリ	人名	人名	人名	upstream			
うくせそら	浮世ソラ	人名	人名	人名	upstream			
そら	浮世ソラ	人名	人名	人名	upstream			
おうさかくりこ	櫻坂くりこ	人名	人名	人名	upstream			
くりこ	櫻坂くりこ	人名	人名	人名	upstream			
うのかひいろ	卯ノ花ひいろ	人名	人名	人名	upstream			
ひいろ	卯ノ花ひいろ	人名	人名	人名	upstream			
たるとみつき	たるとみつき	人名	人名	人名	upstream			
みつき	たるとみつき	人名	人名	人名	upstream			
あいざわまち	藍沢まち	人名	人名	人名	upstream			
まち	藍沢まち	人名	人名	人名	upstream			
くろかわせんと	黒川セント	人名	人名	人名	upstream			
せんと	黒川セント	人名	人名	人名	upstream			
ぶいちゅーばーかいをみまもるりす	Vtuber界を見守るリス	人名	人名	人名	upstream			
はなつきゆら	花憑ゆら	人名	人名	人名	upstream			
ゆら	花憑ゆら	人名	人名	人名	upstream			
しんどうけむ	神童けむ	人名	人名	人名	upstream			
けむ	神童けむ	人名	人名	人名	upstream			
つくよみもっちん	月詠もっちん	人名	人名	人名	upstream			
もっちん	月詠もっちん	人名	人名	人名	upstream			
ひごろもれん	緋衣レン	人名	人名	人名	upstream			
れん	緋衣レン	人名	人名	人名	upstream			
いぬかいぽち	犬飼ぽち。	人名	人名	人名	upstream			
ぽち	犬飼ぽち。	人名	人名	人名	upstream			
きりし	霧死	人名	人名	人名	upstream			
ゆうのれいこ	幽ノレイコ	人名	人名	人名	upstream			
れいこ	幽ノレイコ	人名	人名	人名	upstream			
りょうはるい	魎爬ルイ	人名	人名	人名	upstream			
るい	魎爬ルイ	人名	人名	人名	upstream			
よなか	よなか	人名	人名	人名	upstream			
ゆきんこ	ゆきんこ	人名	人名	人名	upstream			
うみうしかなた	海丑かなた	人名	人名	人名	upstream			
かなた	海丑かなた	人名	人名	人名	upstream			
みかづきねこ	三日月ネコ	人名	人名	人名	upstream			
ねこ	三日月ネコ	人名	人名	人名	upstream			
はすのかくろえ	蓮乃華クロエ	人名	人名	人名	upstream			
くろえ	蓮乃華クロエ	人名	人名	人名	upstream			
いなりかな	稲荷華奈	人名	人名	人名	upstream			
かな	稲荷華奈	人名	人名	人名	upstream			
ひめみやちぅ	姫宮ちぅ	人名	人名	人名	upstream			
ちぅ	姫宮ちぅ	人名	人名	人名	upstream			
ちう	姫宮ちぅ	人名	人名	人名	upstream			
おおかわさんままよ	大河山麻々夜	人名	人名	人名	upstream			
ままよ	大河山麻々夜	人名	人名	人名	upstream			
かのえ	庚庚	人名	人名	人名	upstream			
おすろのこ	おすろのこ	人名	人名	人名	upstream			
のこ	おすろのこ	人名	人名	人名	upstream			
ぱすてるうゆ	羽澄照うゆ	人名	人名	人名	upstream			
うゆ	羽澄照うゆ	人名	人名	人名	upstream			
ゆうきひかり	月宮桜子	人名	人名	人名	upstream			
ひかり	月宮桜子	人名	人名	人名	upstream			
あいざわえかてりーな	愛澤エカテリーナ	人名	人名	人名	upstream			
えかてりーな	愛澤エカテリーナ	人名	人名	人名	upstream			
ほしぞらかな	星空奏	人名	人名	人名	upstream			
かな	星空奏	人名	人名	人名	upstream			
ありすがわれおのーら	有栖川レオノーラ	人名	人名	人名	upstream			
れおのーら	有栖川レオノーラ	人名	人名	人名	upstream			
りさふぇるみんてーる	リサ・フェルミンテール	人名	人名	人名	upstream			
りさ	リサ・フェルミンテール	人名	人名	人名	upstream			
きりがみねようか	霧ヶ峰葉花	人名	人名	人名	upstream			
ようか	霧ヶ峰葉花	人名	人名	人名	upstream			
ゆうきひかり	結季ひかり	人名	人名	人名	upstream			
ひかり	結季ひかり	人名	人名	人名	upstream			
からすまいのり	烏間イノリ	人名	人名	人名	upstream			
いのり	烏間イノリ	人名	人名	人名	upstream			
はくあでぃら	白亜ディラ	人名	人名	人名	upstream			
でぃら	白亜ディラ	人名	人名	人名	upstream			
うすいさく	宇水咲	人名	人名	人名	upstream			
さく	宇水咲	人名	人名	人名	upstream			
えごえりす	エゴ・エリス	人名	人名	人名	upstream			
えご	エゴ・エリス	人名	人名	人名	upstream			
しばたこむぎ	柴田こむぎ	人名	人名	人名	upstream			
こむぎ	柴田こむぎ	人名	人名	人名	upstream			
くましろたーむ	神稲たーむ	人名	人名	人名	upstream			
たーむ	神稲たーむ	人名	人名	人名	upstream			
こころでむすぶ	心出結	人名	人名	人名	upstream			
むすぶ	心出結	人名	人名	人名	upstream			
ねこべにぜろ	猫紅ぜろ	人名	人名	人名	upstream			
ぜろ	猫紅ぜろ	人名	人名	人名	upstream			
しんかいなゆ	深海なゆ	人名	人名	人名	upstream			
なゆ	深海なゆ	人名	人名	人名	upstream			
あまみらめ	天見らめ	人名	人名	人名	upstream			
らめ	天見らめ	人名	人名	人名	upstream			
ひつじのもこ	羊乃モコ	人名	人名	人名	upstream			
もこ	羊乃モコ	人名	人名	人名	upstream			
おおかみくおん	桜神くおん	人名	人名	人名	upstream			
くおん	桜神くおん	人名	人名	人名	upstream			
ばかんすかいむ	小島遊かいむ	人名	人名	人名	upstream			
かいむ	小島遊かいむ	人名	人名	人名	upstream			
てっしょうあーのるど	鉄生＝アーノルド	人名	人名	人名	upstream			
あーのるど	鉄生＝アーノルド	人名	人名	人名	upstream			
ごがつのよぞら	皐月乃よぞら	人名	人名	人名	upstream			
よぞら	皐月乃よぞら	人名	人名	人名	upstream			
やどおまる	爺童丸	人名	人名	人名	upstream			
まここなお	真心ナオ	人名	人名	人名	upstream			
なお	真心ナオ	人名	人名	人名	upstream			
かしおぺあ	花汐ぺあ	人名	人名	人名	upstream			
ぺあ	花汐ぺあ	人名	人名	人名	upstream			
はんだささみ	半田ささみ	人名	人名	人名	upstream			
ささみ	半田ささみ	人名	人名	人名	upstream			
よこいびとこ	横井ビト子	人名	人名	人名	upstream			
びとこ	横井ビト子	人名	人名	人名	upstream			
もちずきえり	望月絵梨	人名	人名	人名	upstream			
えり	望月絵梨	人名	人名	人名	upstream			
ひなもりひなた	日菜守ひなた	人名	人名	人名	upstream			
ひなた	日菜守ひなた	人名	人名	人名	upstream			
おにがしましゅり	鬼ヶ島しゅり	人名	人名	人名	upstream			
しゅり	鬼ヶ島しゅり	人名	人名	人名	upstream			
すずなりれん	鈴鳴れん	人名	人名	人名	upstream			
ふじいあゆみ	藤井アユ美	人名	人名	人名	upstream			
あゆみ	藤井アユ美	人名	人名	人名	upstream			
ほくとななお	北斗ななお	人名	人名	人名	upstream			
ななお	北斗ななお	人名	人名	人名	upstream			
ひより	煦	人名	人名	人名	upstream			
かみもりえと	神護えと	人名	人名	人名	upstream			
えと	神護えと	人名	人名	人名	upstream			
いのまきすずね	祈蒔すずね	人名	人名	人名	upstream			
すずね	祈蒔すずね	人名	人名	人名	upstream			
ささがおかりんごう	笹ヶ丘林剛	人名	人名	人名	upstream			
りんごう	笹ヶ丘林剛	人名	人名	人名	upstream			
よつゆゆめ	夜露ゆめ	人名	人名	人名	upstream			
ゆめ	夜露ゆめ	人名	人名	人名	upstream			
ももかべに	百日紅	人名	人名	人名	upstream			
かわうそうか	可愛宇奏花	人名	人名	人名	upstream			
そうか	可愛宇奏花	人名	人名	人名	upstream			
おおがみくる	大上くる	人名	人名	人名	upstream			
くる	大上くる	人名	人名	人名	upstream			
ゆうきあみ	結城あみ	人名	人名	人名	upstream			
あみ	結城あみ	人名	人名	人名	upstream			
ただか	ただか	人名	人名	人名	upstream			
はなしろもか	花白もか	人名	人名	人名	upstream			
もか	花白もか	人名	人名	人名	upstream			
ひびやつばさ	日比谷つばさ	人名	人名	人名	upstream			
つばさ	日比谷つばさ	人名	人名	人名	upstream			
きつねみずがるる	狐水がるる	人名	人名	人名	upstream			
がるる	狐水がるる	人名	人名	人名	upstream			
いつわりるあん	偽莉るあん	人名	人名	人名	upstream			
るあん	偽莉るあん	人名	人名	人名	upstream			
らぷしめろー	ラプシ･メロー	人名	人名	人名	upstream			
らぷし	ラプシ･メロー	人名	人名	人名	upstream			
ゆがれい	ユガレイ	人名	人名	人名	upstream			
おおかみそろ	狼ソロ	人名	人名	人名	upstream			
そろ	狼ソロ	人名	人名	人名	upstream			
ふゆほしの	冬吠しの	人名	人名	人名	upstream			
しの	冬吠しの	人名	人名	人名	upstream			
こつぶめい	个亞巫めい	人名	人名	人名	upstream			
めい	个亞巫めい	人名	人名	人名	upstream			
たぬきのすみ	狸乃すみ	人名	人名	人名	upstream			
すみ	狸乃すみ	人名	人名	人名	upstream			
ほしじまりだ	星嶋りだ	人名	人名	人名	upstream			
りだ	星嶋りだ	人名	人名	人名	upstream			
しょーと	しょーと	人名	人名	人名	upstream			
いなかすみ	井中澄	人名	人名	人名	upstream			
すみ	井中澄	人名	人名	人名	upstream			
いとねろいど	絲音ロイド	人名	人名	人名	upstream			
ろいど	絲音ロイド	人名	人名	人名	upstream			
てんごくてんくぅでぐら	天獄天クゥデグラ	人名	人名	人名	upstream			
てんごくてんくうでぐら	天獄天クゥデグラ	人名	人名	人名	upstream			
くぅでぐら	天獄天クゥデグラ	人名	人名	人名	upstream			
くうでぐら	天獄天クゥデグラ	人名	人名	人名	upstream			
ふうじゅらゆら	風寿ラユラ	人名	人名	人名	upstream			
らゆら	風寿ラユラ	人名	人名	人名	upstream			
じょこうえき	除光エキ	人名	人名	人名	upstream			
えき	除光エキ	人名	人名	人名	upstream			
たかなしゆとは	小鳥遊ゆとは	人名	人名	人名	upstream			
ゆとは	小鳥遊ゆとは	人名	人名	人名	upstream			
はねかぜふわ	羽風ふわ	人名	人名	人名	upstream			
ふわ	羽風ふわ	人名	人名	人名	upstream			
あまめうい	天愛うい	人名	人名	人名	upstream			
うい	天愛うい	人名	人名	人名	upstream			
ひなこなち	日向子なち	人名	人名	人名	upstream			
なち	日向子なち	人名	人名	人名	upstream			
くだきましろ	管狐ましろ	人名	人名	人名	upstream			
ましろ	管狐ましろ	人名	人名	人名	upstream			
こうていゔぁみゅら	光帝ヴァミュラ	人名	人名	人名	upstream			
ゔぁみゅら	光帝ヴァミュラ	人名	人名	人名	upstream			
まよさきざくろ	魔世咲ザクロ	人名	人名	人名	upstream			
ざくろ	魔世咲ザクロ	人名	人名	人名	upstream			
きぬごしふどう	きぬこし腐豆	人名	人名	人名	upstream			
ふどう	きぬこし腐豆	人名	人名	人名	upstream			
えびちゃん	えびちゃん	人名	人名	人名	upstream			
こたびたんき	心旅たんき	人名	人名	人名	upstream			
たんき	心旅たんき	人名	人名	人名	upstream			
くさはみすて	草喰ステ	人名	人名	人名	upstream			
すて	草喰ステ	人名	人名	人名	upstream			
さくらばおと	櫻庭おと	人名	人名	人名	upstream			
おと	櫻庭おと	人名	人名	人名	upstream			
いばらのねこつきゆいん	ゐ薔薇乃猫月ユイン	人名	人名	人名	upstream			
ゐばらのねこつきゆいん	ゐ薔薇乃猫月ユイン	人名	人名	人名	upstream			
ゆいん	ゐ薔薇乃猫月ユイン	人名	人名	人名	upstream			
ととわはつか	十和はつか	人名	人名	人名	upstream			
はつか	十和はつか	人名	人名	人名	upstream			
ここのねはると	心乃音ハルト	人名	人名	人名	upstream			
はると	心乃音ハルト	人名	人名	人名	upstream			
まよいしゃな	間宵しゃな	人名	人名	人名	upstream			
しゃな	間宵しゃな	人名	人名	人名	upstream			
ぽめたろう	ポメ太郎	人名	人名	人名	upstream			
まおうきょだいてぃーかっぷぷーどる	魔王巨大ティーカッププードル	人名	人名	人名	upstream			
てぃーかっぷぷーどる	魔王巨大ティーカッププードル	人名	人名	人名	upstream			
なるせせんり	成瀬センリ	人名	人名	人名	upstream			
せんり	成瀬センリ	人名	人名	人名	upstream			
おおとも	オオトモ	人名	人名	人名	upstream			
なぎと	凪人	人名	人名	人名	upstream			
さらぎみかど	蛇穴ミカド	人名	人名	人名	upstream			
みかど	蛇穴ミカド	人名	人名	人名	upstream			
まいけるじぇいたなか	マイケル・J・タナカ	人名	人名	人名	upstream			
まいけるじぇーたなか	マイケル・J・タナカ	人名	人名	人名	upstream			
まいける	マイケル・J・タナカ	人名	人名	人名	upstream			
はーふえるふのよしふ	ハーフエルフの良夫	人名	人名	人名	upstream			
よしふ	ハーフエルフの良夫	人名	人名	人名	upstream			
はかたきくこ	博多きくこ	人名	人名	人名	upstream			
きくこ	博多きくこ	人名	人名	人名	upstream			
こももろま	狐桃ろま	人名	人名	人名	upstream			
ろま	狐桃ろま	人名	人名	人名	upstream			
あまはなららこ	天花らら子	人名	人名	人名	upstream			
ららこ	天花らら子	人名	人名	人名	upstream			
とらめぼん	虎眼ぼん	人名	人名	人名	upstream			
ぼん	虎眼ぼん	人名	人名	人名	upstream			
やまのおきな	山野オキナ	人名	人名	人名	upstream			
おきな	山野オキナ	人名	人名	人名	upstream			
おぺけちゃん	おぺけちゃん	人名	人名	人名	upstream			
はつおばぁば	初オバァバ.	人名	人名	人名	upstream			
はずきしょうご	葉月ショウゴ	人名	人名	人名	upstream			
しょうご	葉月ショウゴ	人名	人名	人名	upstream			
くらいねしげ	暗井根しげ	人名	人名	人名	upstream			
しげ	暗井根しげ	人名	人名	人名	upstream			
りあぜろごう	りあ0号	人名	人名	人名	upstream			
ちゃいなめいどちゃん	チャイナメイドちゃん	人名	人名	人名	upstream			
ななももりお	七桃りお	人名	人名	人名	upstream			
りお	七桃りお	人名	人名	人名	upstream			
こつめなの	小爪なの	人名	人名	人名	upstream			
なの	小爪なの	人名	人名	人名	upstream			
うめのりら	梅野りら	人名	人名	人名	upstream			
りら	梅野りら	人名	人名	人名	upstream			
じゃぐぱちじいちゃん	ジャグぱち爺ちゃん	人名	人名	人名	upstream			
でかにい	でか兄	人名	人名	人名	upstream			
ふじみやどな	藤宮ドナ	人名	人名	人名	upstream			
どな	藤宮ドナ	人名	人名	人名	upstream			
ごしきあずま	五色あずま	人名	人名	人名	upstream			
あずま	五色あずま	人名	人名	人名	upstream			
ぽんとなるみ	先斗なるみ	人名	人名	人名	upstream			
なるみ	先斗なるみ	人名	人名	人名	upstream			
くじらりうむ	くじらりうむ	人名	人名	人名	upstream			
みつね	三ッ音	人名	人名	人名	upstream			
あかね	茜子	人名	人名	人名	upstream			
えすれあ	江洲レア	人名	人名	人名	upstream			
れあ	江洲レア	人名	人名	人名	upstream			
もっしー	もっしー	人名	人名	人名	upstream			
くるめらいか	繰目ライカ	人名	人名	人名	upstream			
らいか	繰目ライカ	人名	人名	人名	upstream			
あおのゆえ	碧乃ゆえ	人名	人名	人名	upstream			
ゆえ	碧乃ゆえ	人名	人名	人名	upstream			
おおきみかんな	大王冠奈	人名	人名	人名	upstream			
かんな	大王冠奈	人名	人名	人名	upstream			
あおとひびき	あおと響	人名	人名	人名	upstream			
ひびき	あおと響	人名	人名	人名	upstream			
さくまるか	咲間るか	人名	人名	人名	upstream			
るか	咲間るか	人名	人名	人名	upstream			
ほうらるあん	宝楽ルアン	人名	人名	人名	upstream			
るあん	宝楽ルアン	人名	人名	人名	upstream			
はちみつぷりん	蜂蜜ぷりん	人名	人名	人名	upstream			
ぷりん	蜂蜜ぷりん	人名	人名	人名	upstream			
ゆみづかだんご	弓塚だんご	人名	人名	人名	upstream			
だんご	弓塚だんご	人名	人名	人名	upstream			
せっきゃくぎょうのなおさん	接客業のナオさん	人名	人名	人名	upstream			
なおさん	接客業のナオさん	人名	人名	人名	upstream			
くまねれう	久惹れう	人名	人名	人名	upstream			
れう	久惹れう	人名	人名	人名	upstream			
よるのまに	夜乃まに	人名	人名	人名	upstream			
まに	夜乃まに	人名	人名	人名	upstream			
みずのくらえ	水乃くらゑ	人名	人名	人名	upstream			
みずのくらゑ	水乃くらゑ	人名	人名	人名	upstream			
くらえ	水乃くらゑ	人名	人名	人名	upstream			
くらゑ	水乃くらゑ	人名	人名	人名	upstream			
ゆうきひいろ	夕樹陽彩	人名	人名	人名	upstream			
ひいろ	夕樹陽彩	人名	人名	人名	upstream			
うらせすう	裏瀬すう	人名	人名	人名	upstream			
すう	裏瀬すう	人名	人名	人名	upstream			
みこしばごま	御子柴ごま	人名	人名	人名	upstream			
ごま	御子柴ごま	人名	人名	人名	upstream			
かんばあすか	柑馬アスカ	人名	人名	人名	upstream			
あすか	柑馬アスカ	人名	人名	人名	upstream			
うしみやにーな	牛宮ニーナ	人名	人名	人名	upstream			
にーな	牛宮ニーナ	人名	人名	人名	upstream			
しづきしえる	紫月シエル	人名	人名	人名	upstream			
しえる	紫月シエル	人名	人名	人名	upstream			
しんたからじまとーあ	新宝島トーア	人名	人名	人名	upstream			
とーあ	新宝島トーア	人名	人名	人名	upstream			
なおびわかば	直毘わかば	人名	人名	人名	upstream			
わかば	直毘わかば	人名	人名	人名	upstream			
もとちかあとらす	元近アトラス	人名	人名	人名	upstream			
あとらす	元近アトラス	人名	人名	人名	upstream			
くびょうなぎ	九猫なぎ	人名	人名	人名	upstream			
なぎ	九猫なぎ	人名	人名	人名	upstream			
きみかげべるむ	君影ベルム	人名	人名	人名	upstream			
べるむ	君影ベルム	人名	人名	人名	upstream			
ななほしせぇな	那々星せぇな	人名	人名	人名	upstream			
ななほしせえな	那々星せぇな	人名	人名	人名	upstream			
せぇな	那々星せぇな	人名	人名	人名	upstream			
せえな	那々星せぇな	人名	人名	人名	upstream			
きりゅうみら	霧海みら	人名	人名	人名	upstream			
みら	霧海みら	人名	人名	人名	upstream			
くろいゆうり	黒井ユウリ	人名	人名	人名	upstream			
ゆうり	黒井ユウリ	人名	人名	人名	upstream			
だいなまいとはなこ	ダイナマイト花子	人名	人名	人名	upstream			
はなこ	ダイナマイト花子	人名	人名	人名	upstream			
とげつねちぇとあ	兎月ネチェトア	人名	人名	人名	upstream			
ねちぇとあ	兎月ネチェトア	人名	人名	人名	upstream			
しばたころ	芝田ころ	人名	人名	人名	upstream			
ころ	芝田ころ	人名	人名	人名	upstream			
うまみやひ	旨満やひ	人名	人名	人名	upstream			
やひ	旨満やひ	人名	人名	人名	upstream			
かなたせい	彼方セイ	人名	人名	人名	upstream			
せい	彼方セイ	人名	人名	人名	upstream			
しきぼしすぴか	紫輝星スピカ	人名	人名	人名	upstream			
すぴか	紫輝星スピカ	人名	人名	人名	upstream			
きずなゆめと	キズナ夢兎	人名	人名	人名	upstream			
ゆめと	キズナ夢兎	人名	人名	人名	upstream			
ねこしんごう	ねこ信号	人名	人名	人名	upstream			
わたもちねみ	綿餅ねみ	人名	人名	人名	upstream			
ねみ	綿餅ねみ	人名	人名	人名	upstream			
まきばえるさ	満牙えるさ	人名	人名	人名	upstream			
えるさ	満牙えるさ	人名	人名	人名	upstream			
わしみやしゅう	鷲宮宗	人名	人名	人名	upstream			
しゅう	鷲宮宗	人名	人名	人名	upstream			
ななせもね	七瀬百音	人名	人名	人名	upstream			
もね	七瀬百音	人名	人名	人名	upstream			
まだむえどりー	マダム・エドリー	人名	人名	人名	upstream			
えどりー	マダム・エドリー	人名	人名	人名	upstream			
むしばみさま	蝕魅さま	人名	人名	人名	upstream			
しょうじにめあり	障子仁メアリ	人名	人名	人名	upstream			
めあり	障子仁メアリ	人名	人名	人名	upstream			
みしきりん	三色りん	人名	人名	人名	upstream			
りん	三色りん	人名	人名	人名	upstream			
きたのほみのり	北乃穂みのり	人名	人名	人名	upstream			
みのり	北乃穂みのり	人名	人名	人名	upstream			
おむだむあんず	おむだむ杏	人名	人名	人名	upstream			
あんず	おむだむ杏	人名	人名	人名	upstream			
くれみぃー	くれみぃー	人名	人名	人名	upstream			
しおどめはじめ	汐留はじめ	人名	人名	人名	upstream			
はじめ	汐留はじめ	人名	人名	人名	upstream			
ふじさきありぃ	藤咲アリィ	人名	人名	人名	upstream			
ふじさきありい	藤咲アリィ	人名	人名	人名	upstream			
ありぃ	藤咲アリィ	人名	人名	人名	upstream			
ありい	藤咲アリィ	人名	人名	人名	upstream			
よもつきとあ	世月トア	人名	人名	人名	upstream			
とあ	世月トア	人名	人名	人名	upstream			
ほなみなも	穂波なも	人名	人名	人名	upstream			
なも	穂波なも	人名	人名	人名	upstream			
やみのみお	闇野みお	人名	人名	人名	upstream			
みお	闇野みお	人名	人名	人名	upstream			
みとぎはく	海伽はく	人名	人名	人名	upstream			
はく	海伽はく	人名	人名	人名	upstream			
まつりかじゃすみん	茉莉花じゃすみん	人名	人名	人名	upstream			
じゃすみん	茉莉花じゃすみん	人名	人名	人名	upstream			
おのでらえる	小野寺エル	人名	人名	人名	upstream			
える	小野寺エル	人名	人名	人名	upstream			
おとぎりふぁず	音切ふぁず	人名	人名	人名	upstream			
ふぁず	音切ふぁず	人名	人名	人名	upstream			
いまりいよ	伊万里いよ	人名	人名	人名	upstream			
いよ	伊万里いよ	人名	人名	人名	upstream			
あまおりつばさ	天織翼	人名	人名	人名	upstream			
つばさ	天織翼	人名	人名	人名	upstream			
かしおきね	樫尾キネ	人名	人名	人名	upstream			
きね	樫尾キネ	人名	人名	人名	upstream			
ゆきのてん	雪乃てん	人名	人名	人名	upstream			
てん	雪乃てん	人名	人名	人名	upstream			
せらこと	妹良小兎	人名	人名	人名	upstream			
こと	妹良小兎	人名	人名	人名	upstream			
めめんともりた	めめんと森田	人名	人名	人名	upstream			
もりた	めめんと森田	人名	人名	人名	upstream			
おさらぎじょー	大佛ジョー	人名	人名	人名	upstream			
じょー	大佛ジョー	人名	人名	人名	upstream			
のがみたまき	野上珠希	人名	人名	人名	upstream			
たまき	野上珠希	人名	人名	人名	upstream			
ちょうしんくうぱっく	超真空ぱっく	人名	人名	人名	upstream			
ぽーらんどいけ	ポーランド池	人名	人名	人名	upstream			
いけ	ポーランド池	人名	人名	人名	upstream			
きみのよっめ	君乃よっめ	人名	人名	人名	upstream			
よっめ	君乃よっめ	人名	人名	人名	upstream			
かがみかな	火神カナ	人名	人名	人名	upstream			
かな	火神カナ	人名	人名	人名	upstream			
はくどうりる	伯道リル	人名	人名	人名	upstream			
りる	伯道リル	人名	人名	人名	upstream			
むしゃまちゆーん	夢猫街ゆーん	人名	人名	人名	upstream			
ゆーん	夢猫街ゆーん	人名	人名	人名	upstream			
きのもくめ	木埜もくめ	人名	人名	人名	upstream			
もくめ	木埜もくめ	人名	人名	人名	upstream			
ほなみみお	穗波澪	人名	人名	人名	upstream			
みお	穗波澪	人名	人名	人名	upstream			
ももせもか	桃瀬もか	人名	人名	人名	upstream			
もか	桃瀬もか	人名	人名	人名	upstream			
よもぎあいす	よもぎアイス	人名	人名	人名	upstream			
あいす	よもぎアイス	人名	人名	人名	upstream			
あざらししお	海豹しお	人名	人名	人名	upstream			
しお	海豹しお	人名	人名	人名	upstream			
ももいぴーち	桃井ぴーち	人名	人名	人名	upstream			
ぴーち	桃井ぴーち	人名	人名	人名	upstream			
ひなずきゆう	比那月ゆう	人名	人名	人名	upstream			
ゆう	比那月ゆう	人名	人名	人名	upstream			
くろゆりほうき	黒百合箒	人名	人名	人名	upstream			
ほうき	黒百合箒	人名	人名	人名	upstream			
すずかわりと	涼川リト	人名	人名	人名	upstream			
りと	涼川リト	人名	人名	人名	upstream			
ともりめめ	灯里めめ	人名	人名	人名	upstream			
めめ	灯里めめ	人名	人名	人名	upstream			
みつきもも	美月もも	人名	人名	人名	upstream			
もも	美月もも	人名	人名	人名	upstream			
のりとーふ	海苔とーふ	人名	人名	人名	upstream			
とーふ	海苔とーふ	人名	人名	人名	upstream			
きつねみりぃ	吃音みりぃo	人名	人名	人名	upstream			
きつねみりい	吃音みりぃo	人名	人名	人名	upstream			
みりぃ	吃音みりぃo	人名	人名	人名	upstream			
みりい	吃音みりぃo	人名	人名	人名	upstream			
すめらぎあげは	皇アゲハ	人名	人名	人名	upstream			
あげは	皇アゲハ	人名	人名	人名	upstream			
しろねこのはくにゃん	白猫のはくにゃん	人名	人名	人名	upstream			
はくにゃん	白猫のはくにゃん	人名	人名	人名	upstream			
もちつぎるーな	望月ルーナ	人名	人名	人名	upstream			
るーな	望月ルーナ	人名	人名	人名	upstream			
きさらぎるみぃ	如月ルミィ	人名	人名	人名	upstream			
るみぃ	如月ルミィ	人名	人名	人名	upstream			
とりのおう	鳥ノ凰	人名	人名	人名	upstream			
さんかよゆきの	山荷葉ゆきの	人名	人名	人名	upstream			
ゆきの	山荷葉ゆきの	人名	人名	人名	upstream			
ねこむぎのん	猫麦のん	人名	人名	人名	upstream			
のん	猫麦のん	人名	人名	人名	upstream			
きつねみお	喜常みお	人名	人名	人名	upstream			
みお	喜常みお	人名	人名	人名	upstream			
くぼうつわ	凹うつわ	人名	人名	人名	upstream			
うつわ	凹うつわ	人名	人名	人名	upstream			
ふじしろみけ	藤白みけ	人名	人名	人名	upstream			
みけ	藤白みけ	人名	人名	人名	upstream			
よねこゆゆ	夜猫ゆゆ	人名	人名	人名	upstream			
ゆゆ	夜猫ゆゆ	人名	人名	人名	upstream			
つむぎやすい	紬希鵺すい	人名	人名	人名	upstream			
すい	紬希鵺すい	人名	人名	人名	upstream			
たてもりるふれ	館守ルフレ	人名	人名	人名	upstream			
るふれ	館守ルフレ	人名	人名	人名	upstream			
くじくじあ	久慈くじあ	人名	人名	人名	upstream			
くじあ	久慈くじあ	人名	人名	人名	upstream			
しのはらいおり	紫乃原伊織	人名	人名	人名	upstream			
いおり	紫乃原伊織	人名	人名	人名	upstream			
うぐいすてんま	鶯天魔	人名	人名	人名	upstream			
てんま	鶯天魔	人名	人名	人名	upstream			
はるさきまゆ	春咲マユ	人名	人名	人名	upstream			
まゆ	春咲マユ	人名	人名	人名	upstream			
いちごかつらぎまりな	苺桂木まりな	人名	人名	人名	upstream			
まりな	苺桂木まりな	人名	人名	人名	upstream			
みしまほの	三島ほの	人名	人名	人名	upstream			
ほの	三島ほの	人名	人名	人名	upstream			
くろみつのん	黒蜜のん	人名	人名	人名	upstream			
のん	黒蜜のん	人名	人名	人名	upstream			
やつとぎばばこんぐまろにぃ	八津伽ババコングまろにぃ	人名	人名	人名	upstream			
まろにぃ	八津伽ババコングまろにぃ	人名	人名	人名	upstream			
すずさきらぃな	涼杏咲らぃな。	人名	人名	人名	upstream			
すずさきらいな	涼杏咲らぃな。	人名	人名	人名	upstream			
らぃな	涼杏咲らぃな。	人名	人名	人名	upstream			
らいな	涼杏咲らぃな。	人名	人名	人名	upstream			
くろせきり	黒瀬きり	人名	人名	人名	upstream			
きり	黒瀬きり	人名	人名	人名	upstream			
やましずくめこ	山雫めこ	人名	人名	人名	upstream			
めこ	山雫めこ	人名	人名	人名	upstream			
きさらぎれいな	如月零那	人名	人名	人名	upstream			
れいな	如月零那	人名	人名	人名	upstream			
ねむたいな	眠田イナ	人名	人名	人名	upstream			
いな	眠田イナ	人名	人名	人名	upstream			
こるねろまね	氷音ろまね	人名	人名	人名	upstream			
ろまね	氷音ろまね	人名	人名	人名	upstream			
やがみのあ	八神ノア	人名	人名	人名	upstream			
のあ	八神ノア	人名	人名	人名	upstream			
きりしまひびき	霧島響希	人名	人名	人名	upstream			
ひびき	霧島響希	人名	人名	人名	upstream			
ねこづかしゅが	猫塚しゅが	人名	人名	人名	upstream			
しゅが	猫塚しゅが	人名	人名	人名	upstream			
ときくん	刻くん	人名	人名	人名	upstream			
あめのみ	雨ノ実	人名	人名	人名	upstream			
いちじくかんろ	無花果カンロ	人名	人名	人名	upstream			
かんろ	無花果カンロ	人名	人名	人名	upstream			
ゆりのめに	百合乃めに	人名	人名	人名	upstream			
めに	百合乃めに	人名	人名	人名	upstream			
きつねのこうえん	狐ノ紅焔	人名	人名	人名	upstream			
こうえん	狐ノ紅焔	人名	人名	人名	upstream			
おいのもりれと	狼森レト	人名	人名	人名	upstream			
れと	狼森レト	人名	人名	人名	upstream			
せつか	せつ花	人名	人名	人名	upstream			
いなりくうこ	稲荷クウコ	人名	人名	人名	upstream			
くうこ	稲荷クウコ	人名	人名	人名	upstream			
しんらあるけ	森羅アルケ	人名	人名	人名	upstream			
あるけ	森羅アルケ	人名	人名	人名	upstream			
よどがみそのた	淀神そのた	人名	人名	人名	upstream			
そのた	淀神そのた	人名	人名	人名	upstream			
さえきみいの	酒益みいの	人名	人名	人名	upstream			
みいの	酒益みいの	人名	人名	人名	upstream			
こやゆずか	古家柚香	人名	人名	人名	upstream			
ゆずか	古家柚香	人名	人名	人名	upstream			
しるふぃーどろびん	シルフィード=ロビン	人名	人名	人名	upstream			
しるふぃーど	シルフィード=ロビン	人名	人名	人名	upstream			
ろびん	シルフィード=ロビン	人名	人名	人名	upstream			
みどりねふろあ	緑音ふろあ	人名	人名	人名	upstream			
ふろあ	緑音ふろあ	人名	人名	人名	upstream			
たなかぱるこ	田中パル子	人名	人名	人名	upstream			
ぱるこ	田中パル子	人名	人名	人名	upstream			
うんむりん	雲霧霖	人名	人名	人名	upstream			
りん	雲霧霖	人名	人名	人名	upstream			
しょうこ	昭子	人名	人名	人名	upstream			
みかずきりなむ	魅華月りなむ	人名	人名	人名	upstream			
りなむ	魅華月りなむ	人名	人名	人名	upstream			
たまゆらしずか	玉響静	人名	人名	人名	upstream			
しずか	玉響静	人名	人名	人名	upstream			
ゆるぎけんご	ゆるぎ賢護	人名	人名	人名	upstream			
けんご	ゆるぎ賢護	人名	人名	人名	upstream			
かぐらゆうひ	神楽ゆうひ	人名	人名	人名	upstream			
ゆうひ	神楽ゆうひ	人名	人名	人名	upstream			
ししがみねよる	詩々ヶ峰ヨル	人名	人名	人名	upstream			
よる	詩々ヶ峰ヨル	人名	人名	人名	upstream			
しらあいぬい	白藍ぬい	人名	人名	人名	upstream			
ぬい	白藍ぬい	人名	人名	人名	upstream			
さいおうじたけ	西桜寺たけ	人名	人名	人名	upstream			
たけ	西桜寺たけ	人名	人名	人名	upstream			
かしわもち	菓子わもち	人名	人名	人名	upstream			
わもち	菓子わもち	人名	人名	人名	upstream			
しろこまのえ	白狛のえ	人名	人名	人名	upstream			
のえ	白狛のえ	人名	人名	人名	upstream			
ねくもよとぎ	眠雲よとぎ	人名	人名	人名	upstream			
よとぎ	眠雲よとぎ	人名	人名	人名	upstream			
せなみるい	瀬波ルイ	人名	人名	人名	upstream			
るい	瀬波ルイ	人名	人名	人名	upstream			
ここもりみくら	狐々森みくら	人名	人名	人名	upstream			
みくら	狐々森みくら	人名	人名	人名	upstream			
げんそがくたん	元素学たん	人名	人名	人名	upstream			
ゆめのゆゆ	夢ノゆωゆ	人名	人名	人名	upstream			
ゆゆ	夢ノゆωゆ	人名	人名	人名	upstream			
にとれぇな	弐兎れぇな	人名	人名	人名	upstream			
にとれえな	弐兎れぇな	人名	人名	人名	upstream			
れぇな	弐兎れぇな	人名	人名	人名	upstream			
れえな	弐兎れぇな	人名	人名	人名	upstream			
むだあや	夢惰あや	人名	人名	人名	upstream			
あや	夢惰あや	人名	人名	人名	upstream			
はれぞらりうる	晴空リウル	人名	人名	人名	upstream			
りうる	晴空リウル	人名	人名	人名	upstream			
ねこねもか	祢子音もか	人名	人名	人名	upstream			
もか	祢子音もか	人名	人名	人名	upstream			
まみやそら	魔ミ夜そら	人名	人名	人名	upstream			
そら	魔ミ夜そら	人名	人名	人名	upstream			
うしまきもこ	牛牧もこ	人名	人名	人名	upstream			
もこ	牛牧もこ	人名	人名	人名	upstream			
ももくまみつ	桃熊みつ	人名	人名	人名	upstream			
みつ	桃熊みつ	人名	人名	人名	upstream			
ぴぐにく	ぴぐ肉	人名	人名	人名	upstream			
はなすみあちぇろ	花澄あちぇろ	人名	人名	人名	upstream			
あちぇろ	花澄あちぇろ	人名	人名	人名	upstream			
てんきゅうらい	天泣らい	人名	人名	人名	upstream			
らい	天泣らい	人名	人名	人名	upstream			
いくえみい	幾重みい	人名	人名	人名	upstream			
みい	幾重みい	人名	人名	人名	upstream			
えんまめろ	閻魔めろ	人名	人名	人名	upstream			
めろ	閻魔めろ	人名	人名	人名	upstream			
おとなしつばき	音無ツバキ	人名	人名	人名	upstream			
つばき	音無ツバキ	人名	人名	人名	upstream			
はりやまらて	針山らて	人名	人名	人名	upstream			
らて	針山らて	人名	人名	人名	upstream			
みゅーあうろーら	みゅー・あうろーら	人名	人名	人名	upstream			
みゅー	みゅー・あうろーら	人名	人名	人名	upstream			
よつうちにひひ	四ツ打ニヒヒ	人名	人名	人名	upstream			
にひひ	四ツ打ニヒヒ	人名	人名	人名	upstream			
つきがみちな	月皇ちな	人名	人名	人名	upstream			
ちな	月皇ちな	人名	人名	人名	upstream			
あさぎりきか	朝霧きか	人名	人名	人名	upstream			
きか	朝霧きか	人名	人名	人名	upstream			
いるまこへいた	入間小平太	人名	人名	人名	upstream			
こへいた	入間小平太	人名	人名	人名	upstream			
ぶちあげはんな	斑揚ハンナ	人名	人名	人名	upstream			
はんな	斑揚ハンナ	人名	人名	人名	upstream			
かみはなちさと	神花ちさと	人名	人名	人名	upstream			
ちさと	神花ちさと	人名	人名	人名	upstream			
のるんえむぎゃれっと	ノルン・M・ギャレット	人名	人名	人名	upstream			
のるん	ノルン・M・ギャレット	人名	人名	人名	upstream			
みなづきゔぁいす	壬無月ヴァイス	人名	人名	人名	upstream			
ゔぁいす	壬無月ヴァイス	人名	人名	人名	upstream			
にほんへいおおぞら	日本兵oozora	人名	人名	人名	upstream			
おおぞら	日本兵oozora	人名	人名	人名	upstream			
ねこぞらするろ	猫宙するろ	人名	人名	人名	upstream			
するろ	猫宙するろ	人名	人名	人名	upstream			
あびずあきら	阿鼻荳あきら	人名	人名	人名	upstream			
あきら	阿鼻荳あきら	人名	人名	人名	upstream			
うもれぎのはな	埋木廼華	人名	人名	人名	upstream			
のはな	埋木廼華	人名	人名	人名	upstream			
さかいずみりり	酒泉りり	人名	人名	人名	upstream			
りり	酒泉りり	人名	人名	人名	upstream			
はなやぎちよ	花谷木ちよ	人名	人名	人名	upstream			
ちよ	花谷木ちよ	人名	人名	人名	upstream			
ねこがみめたも	猫神めたも	人名	人名	人名	upstream			
めたも	猫神めたも	人名	人名	人名	upstream			
あかつきあおと	暁碧土	人名	人名	人名	upstream			
あおと	暁碧土	人名	人名	人名	upstream			
みつめてんじゅ	蜜眼てんじゅ	人名	人名	人名	upstream			
てんじゅ	蜜眼てんじゅ	人名	人名	人名	upstream			
かみしろみつき	神代三月	人名	人名	人名	upstream			
みつき	神代三月	人名	人名	人名	upstream			
きりゆき	雪麒麟	人名	人名	人名	upstream			
りょうかみなぎ	両神ナギ	人名	人名	人名	upstream			
なぎ	両神ナギ	人名	人名	人名	upstream			
うぃろんろん	黟龍龍	人名	人名	人名	upstream			
いろんろん	黟龍龍	人名	人名	人名	upstream			
ゐろんろん	黟龍龍	人名	人名	人名	upstream			
ろんろん	黟龍龍	人名	人名	人名	upstream			
みなみぱくち	皆海ぱくち	人名	人名	人名	upstream			
ぱくち	皆海ぱくち	人名	人名	人名	upstream			
りんごりら	凛檎りら	人名	人名	人名	upstream			
りら	凛檎りら	人名	人名	人名	upstream			
もるもるさん	萌流もるさん	人名	人名	人名	upstream			
もるさん	萌流もるさん	人名	人名	人名	upstream			
もる	萌流もるさん	人名	人名	人名	upstream			
のどからす	乃兎からす	人名	人名	人名	upstream			
からす	乃兎からす	人名	人名	人名	upstream			
はぐるまらぷと	歯車ラプト	人名	人名	人名	upstream			
らぷと	歯車ラプト	人名	人名	人名	upstream			
ももいずみゆう	桃泉ユウ	人名	人名	人名	upstream			
ゆう	桃泉ユウ	人名	人名	人名	upstream			
ただのひと	唯野ヒト	人名	人名	人名	upstream			
ひと	唯野ヒト	人名	人名	人名	upstream			
ひょうろうきにき	氷狼鬼ニキ	人名	人名	人名	upstream			
うまみやぽに	馬宮ぽに	人名	人名	人名	upstream			
ぽに	馬宮ぽに	人名	人名	人名	upstream			
ねこほしみあ	猫星みあ	人名	人名	人名	upstream			
みあ	猫星みあ	人名	人名	人名	upstream			
あるくえいちぐれいしゃー	アルク・H・グレイシャー	人名	人名	人名	upstream			
あるく	アルク・H・グレイシャー	人名	人名	人名	upstream			
うしおりら	潮汐りら	人名	人名	人名	upstream			
りら	潮汐りら	人名	人名	人名	upstream			
もちきこな	持木こな	人名	人名	人名	upstream			
こな	持木こな	人名	人名	人名	upstream			
あまつかめぐみ	天使恵	人名	人名	人名	upstream			
めぐみ	天使恵	人名	人名	人名	upstream			
あけぼしもゆる	明星もゆる	人名	人名	人名	upstream			
もゆる	明星もゆる	人名	人名	人名	upstream			
うるるゆず	海流ゆず	人名	人名	人名	upstream			
ゆず	海流ゆず	人名	人名	人名	upstream			
おひさまだいち	おひさま大地	人名	人名	人名	upstream			
だいち	おひさま大地	人名	人名	人名	upstream			
あおばらいと	蒼羽ライト	人名	人名	人名	upstream			
らいと	蒼羽ライト	人名	人名	人名	upstream			
しぇり	シェリ	人名	人名	人名	upstream			
みむらりょう	御村りょう	人名	人名	人名	upstream			
りょう	御村りょう	人名	人名	人名	upstream			
さいえんじとまこ	菜園寺とまこ	人名	人名	人名	upstream			
とまこ	菜園寺とまこ	人名	人名	人名	upstream			
ののみやみや	乃ノ宮みや	人名	人名	人名	upstream			
みや	乃ノ宮みや	人名	人名	人名	upstream			
むらたがわこまち	村田川こまち	人名	人名	人名	upstream			
こまち	村田川こまち	人名	人名	人名	upstream			
かひょうりぃむ	花氷りぃむ	人名	人名	人名	upstream			
かひょうりいむ	花氷りぃむ	人名	人名	人名	upstream			
りぃむ	花氷りぃむ	人名	人名	人名	upstream			
りいむ	花氷りぃむ	人名	人名	人名	upstream			
おとねゆうき	桜杜音結姫	人名	人名	人名	upstream			
ゆうき	桜杜音結姫	人名	人名	人名	upstream			
もぶのいけ	もぶの池	人名	人名	人名	upstream			
ほうらいりこ	宝来りこ	人名	人名	人名	upstream			
りこ	宝来りこ	人名	人名	人名	upstream			
あいはらぴすけっと	粟飯原ピスケット	人名	人名	人名	upstream			
ぴすけっと	粟飯原ピスケット	人名	人名	人名	upstream			
すなほしはや	砂星はや	人名	人名	人名	upstream			
はや	砂星はや	人名	人名	人名	upstream			
いぬばいとや	戌刃イトヤ	人名	人名	人名	upstream			
いとや	戌刃イトヤ	人名	人名	人名	upstream			
しゆ	紫悠	人名	人名	人名	upstream			
ようはもる	陽葉もる	人名	人名	人名	upstream			
もる	陽葉もる	人名	人名	人名	upstream			
ひいろゆう	緋彩ユウ	人名	人名	人名	upstream			
ゆう	緋彩ユウ	人名	人名	人名	upstream			
こまいすら	狛犬すら	人名	人名	人名	upstream			
すら	狛犬すら	人名	人名	人名	upstream			
ゆづきゆめ	結月ゆめ	人名	人名	人名	upstream			
ゆめ	結月ゆめ	人名	人名	人名	upstream			
らんちゅうことぶき	らんちぅ寿希	人名	人名	人名	upstream			
らんちぅことぶき	らんちぅ寿希	人名	人名	人名	upstream			
ことぶき	らんちぅ寿希	人名	人名	人名	upstream			
ほとぎきりん	星伽きりん	人名	人名	人名	upstream			
きりん	星伽きりん	人名	人名	人名	upstream			
なきらあむ	奈鬼羅あむ	人名	人名	人名	upstream			
あむ	奈鬼羅あむ	人名	人名	人名	upstream			
つじかぜむすび	辻風結	人名	人名	人名	upstream			
むすび	辻風結	人名	人名	人名	upstream			
さごうすすむ	作業進	人名	人名	人名	upstream			
すすむ	作業進	人名	人名	人名	upstream			
いぬわかまるかなめ	犬若丸かなめ	人名	人名	人名	upstream			
かなめ	犬若丸かなめ	人名	人名	人名	upstream			
みなとりききょう	水取キキョウ	人名	人名	人名	upstream			
ききょう	水取キキョウ	人名	人名	人名	upstream			
うさぎやいなば	兎屋いなば	人名	人名	人名	upstream			
いなば	兎屋いなば	人名	人名	人名	upstream			
どくがえる	毒芽える	人名	人名	人名	upstream			
いぬづきれお	犬月レオ	人名	人名	人名	upstream			
れお	犬月レオ	人名	人名	人名	upstream			
じゃーぎっと	ジャーギット	人名	人名	人名	upstream			
きょうたいがはらきばこ	筐体ヶ原キバ子	人名	人名	人名	upstream			
きばこ	筐体ヶ原キバ子	人名	人名	人名	upstream			
くろのあ	漆黒ノア	人名	人名	人名	upstream			
のあ	漆黒ノア	人名	人名	人名	upstream			
やちよるる	八千代るる	人名	人名	人名	upstream			
るる	八千代るる	人名	人名	人名	upstream			
くじょうれい	九条レイ	人名	人名	人名	upstream			
れい	九条レイ	人名	人名	人名	upstream			
ほしぞらがおるす	星宙がおるす	人名	人名	人名	upstream			
がおるす	星宙がおるす	人名	人名	人名	upstream			
まなこ	マナ子	人名	人名	人名	upstream			
いけざきかのん	池崎かのん	人名	人名	人名	upstream			
かのん	池崎かのん	人名	人名	人名	upstream			
くあるてぃ	くあるてぃ	人名	人名	人名	upstream			
さくらことは	咲良ことは	人名	人名	人名	upstream			
ことは	咲良ことは	人名	人名	人名	upstream			
ましろゆと	愛白遊兎	人名	人名	人名	upstream			
ゆと	愛白遊兎	人名	人名	人名	upstream			
ゆきしろとーと	雪白とーと	人名	人名	人名	upstream			
とーと	雪白とーと	人名	人名	人名	upstream			
むげんらうど	六弦ラウド	人名	人名	人名	upstream			
らうど	六弦ラウド	人名	人名	人名	upstream			
しばだりあ	柴だりあ	人名	人名	人名	upstream			
だりあ	柴だりあ	人名	人名	人名	upstream			
すずきしお	沙月シオ	人名	人名	人名	upstream			
しお	沙月シオ	人名	人名	人名	upstream			
ろいろここ	呂色こゝ	人名	人名	人名	upstream			
ここ	呂色こゝ	人名	人名	人名	upstream			
くるりるく	九瑠璃るく	人名	人名	人名	upstream			
るく	九瑠璃るく	人名	人名	人名	upstream			
いまべすずり	今戸涼鈴	人名	人名	人名	upstream			
すずり	今戸涼鈴	人名	人名	人名	upstream			
つららめらく	氷柱メラク	人名	人名	人名	upstream			
めらく	氷柱メラク	人名	人名	人名	upstream			
さくらはやよい	桜花やよい	人名	人名	人名	upstream			
やよい	桜花やよい	人名	人名	人名	upstream			
けつまくえん	けつまくえん	人名	人名	人名	upstream			
ひゃっかばちみつ	百花桴みつ	人名	人名	人名	upstream			
みつ	百花桴みつ	人名	人名	人名	upstream			
くららげみくも	海々月みくも	人名	人名	人名	upstream			
みくも	海々月みくも	人名	人名	人名	upstream			
あかきすずみ	赤すずみ	人名	人名	人名	upstream			
すずみ	赤すずみ	人名	人名	人名	upstream			
あまざきすぴか	天咲スピカ	人名	人名	人名	upstream			
すぴか	天咲スピカ	人名	人名	人名	upstream			
ひめのるり	姫野ルリ	人名	人名	人名	upstream			
るり	姫野ルリ	人名	人名	人名	upstream			
ますゆるむ	升由るむ	人名	人名	人名	upstream			
ねこやなぎ	猫屋ナギ	人名	人名	人名	upstream			
なぎ	猫屋ナギ	人名	人名	人名	upstream			
さんぜんせかいめしあ	三千世界めしあ	人名	人名	人名	upstream			
めしあ	三千世界めしあ	人名	人名	人名	upstream			
ふゆさなぎ	冬沙凪。	人名	人名	人名	upstream			
なぎ	冬沙凪。	人名	人名	人名	upstream			
きらぼしそらの	輝羅星そらの	人名	人名	人名	upstream			
そらの	輝羅星そらの	人名	人名	人名	upstream			
ひめがみりしあ	姫神リシア	人名	人名	人名	upstream			
りしあ	姫神リシア	人名	人名	人名	upstream			
ものぐさあきたろう	ものぐさ秋太郎	人名	人名	人名	upstream			
あきたろう	ものぐさ秋太郎	人名	人名	人名	upstream			
しのくゆる	紫乃くゆる	人名	人名	人名	upstream			
くゆる	紫乃くゆる	人名	人名	人名	upstream			
ふゆかわなお	冬川なお	人名	人名	人名	upstream			
なお	冬川なお	人名	人名	人名	upstream			
きのええんじ	甲エンジ	人名	人名	人名	upstream			
えんじ	甲エンジ	人名	人名	人名	upstream			
ねこやあまゆ	猫八あまゆ	人名	人名	人名	upstream			
あまゆ	猫八あまゆ	人名	人名	人名	upstream			
みすみぽりか	三角ポリカ	人名	人名	人名	upstream			
ぽりか	三角ポリカ	人名	人名	人名	upstream			
わたぬきれお	四月一日レオ	人名	人名	人名	upstream			
れお	四月一日レオ	人名	人名	人名	upstream			
えいふくじゆう	永福寺ゆう	人名	人名	人名	upstream			
ゆう	永福寺ゆう	人名	人名	人名	upstream			
みやけたまこ	三宅タマコ	人名	人名	人名	upstream			
かつらぎなお	葛城なお	人名	人名	人名	upstream			
とくがわゆめの	徳川ゆめの	人名	人名	人名	upstream			
ゆめの	徳川ゆめの	人名	人名	人名	upstream			
くろいもの	黒ヰモノ	人名	人名	人名	upstream			
くろゐもの	黒ヰモノ	人名	人名	人名	upstream			
もの	黒ヰモノ	人名	人名	人名	upstream			
もえとみゅう	萌都みゅう	人名	人名	人名	upstream			
みゅう	萌都みゅう	人名	人名	人名	upstream			
おとはみる	音羽みる	人名	人名	人名	upstream			
みる	音羽みる	人名	人名	人名	upstream			
こはくしろな	狐珀シロナ	人名	人名	人名	upstream			
あやさきちと	綾崎チト	人名	人名	人名	upstream			
ちと	綾崎チト	人名	人名	人名	upstream			
ひいらぎあるく	柊アルク	人名	人名	人名	upstream			
あるく	柊アルク	人名	人名	人名	upstream			
りんこ	リン子	人名	人名	人名	upstream			
こがいらう	胡亥ラウ	人名	人名	人名	upstream			
しろはな	シロハナ	人名	人名	人名	upstream			
しぐれねね	時雨ねね	人名	人名	人名	upstream			
ねね	時雨ねね	人名	人名	人名	upstream			
しがつのふぁる	四月ノふぁる	人名	人名	人名	upstream			
もろみざとぱとりしあ	諸見里パトリシア	人名	人名	人名	upstream			
ぱとりしあ	諸見里パトリシア	人名	人名	人名	upstream			
しみずゆきの	清水ゆきの	人名	人名	人名	upstream			
ゆきの	清水ゆきの	人名	人名	人名	upstream			
きるみあ	キルミア	人名	人名	人名	upstream			
ちゅうけんわちゃこう	忠犬わちゃ公	人名	人名	人名	upstream			
わちゃ	忠犬わちゃ公	人名	人名	人名	upstream			
こめおにぎーりいっせきおうじ	イッセキ王子	人名	人名	人名	upstream			
いっせきおうじ	イッセキ王子	人名	人名	人名	upstream			
いっせき	イッセキ王子	人名	人名	人名	upstream			
ふじもちゆきの	藤餅ゆきの	人名	人名	人名	upstream			
ゆきの	藤餅ゆきの	人名	人名	人名	upstream			
みずがねせろり	汞セ口リ	人名	人名	人名	upstream			
せろり	汞セ口リ	人名	人名	人名	upstream			
けなし	ケナ氏	人名	人名	人名	upstream			
ねこゆきみやみーたろう	猫之宮みー太郎	人名	人名	人名	upstream			
みーたろう	猫之宮みー太郎	人名	人名	人名	upstream			
とげうりうばら	棘瓜ウバラ	人名	人名	人名	upstream			
うばら	棘瓜ウバラ	人名	人名	人名	upstream			
ひのもりたいが	陽ノ杜タイガ	人名	人名	人名	upstream			
たいが	陽ノ杜タイガ	人名	人名	人名	upstream			
あねきはいる	姉鬼ハイル	人名	人名	人名	upstream			
はいる	姉鬼ハイル	人名	人名	人名	upstream			
さばいてとらぽっと	鯖井テトラポット	人名	人名	人名	upstream			
さばい	鯖井テトラポット	人名	人名	人名	upstream			
ももとせもも	百歳もも	人名	人名	人名	upstream			
もも	百歳もも	人名	人名	人名	upstream			
ねことねる	猫戸ネル	人名	人名	人名	upstream			
ぷれしゃすねこの	プレシャス猫野	人名	人名	人名	upstream			
らがいしゅうや	ラガイ修也	人名	人名	人名	upstream			
しゅうや	ラガイ修也	人名	人名	人名	upstream			
くらげことこ	倉花琴子	人名	人名	人名	upstream			
ことこ	倉花琴子	人名	人名	人名	upstream			
はなかごまれ	花籠まれ	人名	人名	人名	upstream			
さそうゆき	哘ゆき	人名	人名	人名	upstream			
ゆき	哘ゆき	人名	人名	人名	upstream			
しろくまりさ	白熊りさ	人名	人名	人名	upstream			
りさ	白熊りさ	人名	人名	人名	upstream			
おうまろと	逢魔ロト	人名	人名	人名	upstream			
ろと	逢魔ロト	人名	人名	人名	upstream			
こはくるな	恋白るな	人名	人名	人名	upstream			
さぼりやにこ	サボり屋ニコ	人名	人名	人名	upstream			
にこ	サボり屋ニコ	人名	人名	人名	upstream			
ひなづきしろな	雛月シロナ	人名	人名	人名	upstream			
しろな	雛月シロナ	人名	人名	人名	upstream			
ここいかずは	茲逸和葉	人名	人名	人名	upstream			
かずは	茲逸和葉	人名	人名	人名	upstream			
はなよりかぬれ	花和カヌレ	人名	人名	人名	upstream			
かぬれ	花和カヌレ	人名	人名	人名	upstream			
くろいはく	黑伊白	人名	人名	人名	upstream			
はく	黑伊白	人名	人名	人名	upstream			
みやがせりんか	宮ヶ瀬りんか	人名	人名	人名	upstream			
りんか	宮ヶ瀬りんか	人名	人名	人名	upstream			
くれうよすみ	暮雨よすみ	人名	人名	人名	upstream			
りーぜろってまなつみ	リーゼロッテ・愛摘	人名	人名	人名	upstream			
まなつみ	リーゼロッテ・愛摘	人名	人名	人名	upstream			
うちゅういちか	宇宙イチカ	人名	人名	人名	upstream			
いちか	宇宙イチカ	人名	人名	人名	upstream			
いちばんぼしはなび	壱番星はなび	人名	人名	人名	upstream			
はなび	壱番星はなび	人名	人名	人名	upstream			
きずめめこ	鬼頭めめこ	人名	人名	人名	upstream			
さやぎここ	茶野木ここ	人名	人名	人名	upstream			
ここ	茶野木ここ	人名	人名	人名	upstream			
つきぐもめえ	月雲めえ	人名	人名	人名	upstream			
てんのみか	天乃ミカ	人名	人名	人名	upstream			
みか	天乃ミカ	人名	人名	人名	upstream			
なえ	なえ	人名	人名	人名	upstream			
ひのめめらにか	日乃芽メラニカ	人名	人名	人名	upstream			
めらにか	日乃芽メラニカ	人名	人名	人名	upstream			
しおみなぎこ	汐見なぎこ	人名	人名	人名	upstream			
なぎこ	汐見なぎこ	人名	人名	人名	upstream			
もりさきみお	杜崎みお	人名	人名	人名	upstream			
みお	杜崎みお	人名	人名	人名	upstream			
さんだいめていぱぐ	三代目亭ぱぐ	人名	人名	人名	upstream			
ぱぐ	三代目亭ぱぐ	人名	人名	人名	upstream			
たなかなた	田中なた	人名	人名	人名	upstream			
なた	田中なた	人名	人名	人名	upstream			
にじかぽぷ	虹菓ぽぷ	人名	人名	人名	upstream			
みつやなぎ	三ツ矢凪	人名	人名	人名	upstream			
なぎ	三ツ矢凪	人名	人名	人名	upstream			
れいぜんしき	冷泉シキ	人名	人名	人名	upstream			
せせらみとな	瀬々良みとな	人名	人名	人名	upstream			
もちつべ	望月朱羽	人名	人名	人名	upstream			
まくらとき	間倉トキ	人名	人名	人名	upstream			
とき	間倉トキ	人名	人名	人名	upstream			
けむりかやちなこ	煙草ちな子	人名	人名	人名	upstream			
ちなこ	煙草ちな子	人名	人名	人名	upstream			
あおいぐり	蒼威ぐり	人名	人名	人名	upstream			
ぐり	蒼威ぐり	人名	人名	人名	upstream			
しよまきの	紫代マキノ	人名	人名	人名	upstream			
まきの	紫代マキノ	人名	人名	人名	upstream			
あおべにちか	蒼紅ちか	人名	人名	人名	upstream			
ちか	蒼紅ちか	人名	人名	人名	upstream			
にしなりく	仁思成リク	人名	人名	人名	upstream			
りく	仁思成リク	人名	人名	人名	upstream			
ひめのりあ	姫野りあ	人名	人名	人名	upstream			
りあ	姫野りあ	人名	人名	人名	upstream			
めんま	めんま	人名	人名	人名	upstream			
じゅんすいなの	純粋なの	人名	人名	人名	upstream			
なの	純粋なの	人名	人名	人名	upstream			
はるのまりも	春野まりも	人名	人名	人名	upstream			
まりも	春野まりも	人名	人名	人名	upstream			
こみゆみゆ	狐見夢みゆ	人名	人名	人名	upstream			
みゆ	狐見夢みゆ	人名	人名	人名	upstream			
すおういろは	朱凰いろは	人名	人名	人名	upstream			
いろは	朱凰いろは	人名	人名	人名	upstream			
たまきのしめ	たまきのしめ	人名	人名	人名	upstream			
のしめ	たまきのしめ	人名	人名	人名	upstream			
きりゅうまる	葵龍まる	人名	人名	人名	upstream			
まる	葵龍まる	人名	人名	人名	upstream			
ゆきぞのりこりす	雪園リコリス	人名	人名	人名	upstream			
りこりす	雪園リコリス	人名	人名	人名	upstream			
きじょうゆきの	鬼城雪乃	人名	人名	人名	upstream			
ゆきの	鬼城雪乃	人名	人名	人名	upstream			
ゆずりはちほり	杠葉ちほり	人名	人名	人名	upstream			
ちほり	杠葉ちほり	人名	人名	人名	upstream			
おうさけうり	凹酒うり	人名	人名	人名	upstream			
うり	凹酒うり	人名	人名	人名	upstream			
しらなぎりあ	白凪りあ	人名	人名	人名	upstream			
りあ	白凪りあ	人名	人名	人名	upstream			
ゆうれんだいや	遊漣ダイヤ	人名	人名	人名	upstream			
だいや	遊漣ダイヤ	人名	人名	人名	upstream			
なでしこ	撫子狐	人名	人名	人名	upstream			
もちつきしろ	餅月シロ	人名	人名	人名	upstream			
しろ	餅月シロ	人名	人名	人名	upstream			
みつみねすず	三峰スズ	人名	人名	人名	upstream			
すず	三峰スズ	人名	人名	人名	upstream			
あまぎりくと	天城リクト	人名	人名	人名	upstream			
りくと	天城リクト	人名	人名	人名	upstream			
くまのふるる	熊野ふるる	人名	人名	人名	upstream			
ふるる	熊野ふるる	人名	人名	人名	upstream			
みおみぃむ	水魚みぃむ	人名	人名	人名	upstream			
みおみいむ	水魚みぃむ	人名	人名	人名	upstream			
みぃむ	水魚みぃむ	人名	人名	人名	upstream			
みいむ	水魚みぃむ	人名	人名	人名	upstream			
みかづきよる	三佳月よる	人名	人名	人名	upstream			
ほしさめりま	星雨りま	人名	人名	人名	upstream			
やつぼしたまり	八ツ星たまり	人名	人名	人名	upstream			
たまり	八ツ星たまり	人名	人名	人名	upstream			
ひたのはろけ	陽田乃はろけ	人名	人名	人名	upstream			
はろけ	陽田乃はろけ	人名	人名	人名	upstream			
すねおりまり	栖音織マリ	人名	人名	人名	upstream			
まり	栖音織マリ	人名	人名	人名	upstream			
みとうくいんと	薇灯クイント	人名	人名	人名	upstream			
くいんと	薇灯クイント	人名	人名	人名	upstream			
もやもん	茂矢門	人名	人名	人名	upstream			
ゆうしゃかき	勇者カキ	人名	人名	人名	upstream			
かき	勇者カキ	人名	人名	人名	upstream			
ごうもんやしきめーでー	拷問屋色メーデー	人名	人名	人名	upstream			
めーでー	拷問屋色メーデー	人名	人名	人名	upstream			
ぎんばねみくろ	銀羽みくろ	人名	人名	人名	upstream			
おはようまよなか	おはよう真夜中	人名	人名	人名	upstream			
まよなか	おはよう真夜中	人名	人名	人名	upstream			
さかよりちゃこ	酒依ちゃこ	人名	人名	人名	upstream			
ちゃこ	酒依ちゃこ	人名	人名	人名	upstream			
もえみのり	萌えみのり	人名	人名	人名	upstream			
みのり	萌えみのり	人名	人名	人名	upstream			
かたすみのどっか	片隅野ドッカ	人名	人名	人名	upstream			
どっか	片隅野ドッカ	人名	人名	人名	upstream			
いつやへりか	乙夜へりか	人名	人名	人名	upstream			
へりか	乙夜へりか	人名	人名	人名	upstream			
えるてぃな	艾露緹娜	人名	人名	人名	upstream			
あさぐもゆま	朝雲ゆま	人名	人名	人名	upstream			
ゆま	朝雲ゆま	人名	人名	人名	upstream			
はなのえれのあ	華埜エレノア	人名	人名	人名	upstream			
えれのあ	華埜エレノア	人名	人名	人名	upstream			
みつつきはくと	満月はくと	人名	人名	人名	upstream			
はくと	満月はくと	人名	人名	人名	upstream			
あめはれはう	雨晴はう	人名	人名	人名	upstream			
なつかよすが	夏加よすが	人名	人名	人名	upstream			
よすが	夏加よすが	人名	人名	人名	upstream			
ふじきよんしぃ	不死奇ヨンシィ	人名	人名	人名	upstream			
ふじきよんしい	不死奇ヨンシィ	人名	人名	人名	upstream			
よんしぃ	不死奇ヨンシィ	人名	人名	人名	upstream			
よんしい	不死奇ヨンシィ	人名	人名	人名	upstream			
いぶさきゆう	燻崎ユウ	人名	人名	人名	upstream			
ゆう	燻崎ユウ	人名	人名	人名	upstream			
あめさめあづさ	飴雨あづさ	人名	人名	人名	upstream			
あづさ	飴雨あづさ	人名	人名	人名	upstream			
しずくるち	紫雫るち	人名	人名	人名	upstream			
るち	紫雫るち	人名	人名	人名	upstream			
しらさきあゆ	しらさき愛結	人名	人名	人名	upstream			
あゆ	しらさき愛結	人名	人名	人名	upstream			
きたみりら	北見りら	人名	人名	人名	upstream			
りら	北見りら	人名	人名	人名	upstream			
きょざき	虚ザキ	人名	人名	人名	upstream			
ざき	虚ザキ	人名	人名	人名	upstream			
むげんぜろ	夢現零	人名	人名	人名	upstream			
ぜろ	夢現零	人名	人名	人名	upstream			
こじょうりーみん	古城りーみん	人名	人名	人名	upstream			
りーみん	古城りーみん	人名	人名	人名	upstream			
くおのむらくも	九尾乃むらくも	人名	人名	人名	upstream			
むらくも	九尾乃むらくも	人名	人名	人名	upstream			
よふかしぃ	夜深しぃ	人名	人名	人名	upstream			
よふかしい	夜深しぃ	人名	人名	人名	upstream			
しぃ	夜深しぃ	人名	人名	人名	upstream			
しい	夜深しぃ	人名	人名	人名	upstream			
おさないもゆる	幼依もゆる	人名	人名	人名	upstream			
もゆる	幼依もゆる	人名	人名	人名	upstream			
ちくげんさい	竹幻斎	人名	人名	人名	upstream			
あまぐもつゆ	雨雲つゆ	人名	人名	人名	upstream			
つゆ	雨雲つゆ	人名	人名	人名	upstream			
くれないれおーね	紅レオーネ	人名	人名	人名	upstream			
れおーね	紅レオーネ	人名	人名	人名	upstream			
さいばんちょうじゅじゅ	裁判長ジュジュ	人名	人名	人名	upstream			
じゅじゅ	裁判長ジュジュ	人名	人名	人名	upstream			
てんのうじゆーご	天王寺ユーゴ	人名	人名	人名	upstream			
ゆーご	天王寺ユーゴ	人名	人名	人名	upstream			
みつのしと	蜜乃しと	人名	人名	人名	upstream			
しと	蜜乃しと	人名	人名	人名	upstream			
おとわみな	音羽米奈	人名	人名	人名	upstream			
みな	音羽米奈	人名	人名	人名	upstream			
ゆきみさち	雪見さち	人名	人名	人名	upstream			
さち	雪見さち	人名	人名	人名	upstream			
ゆりかぬら	百合カヌラ	人名	人名	人名	upstream			
かぬら	百合カヌラ	人名	人名	人名	upstream			
まやのあめ	茉弥ノあめ	人名	人名	人名	upstream			
あめ	茉弥ノあめ	人名	人名	人名	upstream			
おうかかるら	桜華かるら	人名	人名	人名	upstream			
かるら	桜華かるら	人名	人名	人名	upstream			
めいちょういんあどにす	鳴蝶院アドニス	人名	人名	人名	upstream			
あどにす	鳴蝶院アドニス	人名	人名	人名	upstream			
べにちどりちづ	紅千鳥ちづ	人名	人名	人名	upstream			
ちづ	紅千鳥ちづ	人名	人名	人名	upstream			
きもちもち	嬉望もち	人名	人名	人名	upstream			
もち	嬉望もち	人名	人名	人名	upstream			
ひょうあげせな	豹上せな	人名	人名	人名	upstream			
せな	豹上せな	人名	人名	人名	upstream			
たけかわあゆか	岳河あゆか	人名	人名	人名	upstream			
あゆか	岳河あゆか	人名	人名	人名	upstream			
なるせろく	成瀬ろく	人名	人名	人名	upstream			
ろく	成瀬ろく	人名	人名	人名	upstream			
こんごうなぐさ	金剛ナグサ	人名	人名	人名	upstream			
なぐさ	金剛ナグサ	人名	人名	人名	upstream			
ちずかめりあ	千束めりあ	人名	人名	人名	upstream			
めりあ	千束めりあ	人名	人名	人名	upstream			
あかいうみ	有灰うみ	人名	人名	人名	upstream			
うみ	有灰うみ	人名	人名	人名	upstream			
ひょうがきぽにき	氷河喜ぽに輝	人名	人名	人名	upstream			
ぽにき	氷河喜ぽに輝	人名	人名	人名	upstream			
よばなしれいめい	夜噺黎明	人名	人名	人名	upstream			
れいめい	夜噺黎明	人名	人名	人名	upstream			
まいじょうれい	舞城伶	人名	人名	人名	upstream			
れい	舞城伶	人名	人名	人名	upstream			
あおぞらしなの	蒼空シナノ	人名	人名	人名	upstream			
しなの	蒼空シナノ	人名	人名	人名	upstream			
まんぐうにと	万宮ニト	人名	人名	人名	upstream			
にと	万宮ニト	人名	人名	人名	upstream			
しろさきれみ	白崎レミ	人名	人名	人名	upstream			
れみ	白崎レミ	人名	人名	人名	upstream			
しっぽうもこも	七宝もこも	人名	人名	人名	upstream			
もこも	七宝もこも	人名	人名	人名	upstream			
やまだなぐる	山田なぐる	人名	人名	人名	upstream			
なぐる	山田なぐる	人名	人名	人名	upstream			
ことのはことこ	言ノ葉琴子	人名	人名	人名	upstream			
ことこ	言ノ葉琴子	人名	人名	人名	upstream			
はしまめる	羽島メル	人名	人名	人名	upstream			
める	羽島メル	人名	人名	人名	upstream			
ことね	湖都音	人名	人名	人名	upstream			
こうかくるい	恋描るい	人名	人名	人名	upstream			
るい	恋描るい	人名	人名	人名	upstream			
おとぎみあ	御伽ミア	人名	人名	人名	upstream			
みあ	御伽ミア	人名	人名	人名	upstream			
ひしもちのーら	菱餅ノーラ	人名	人名	人名	upstream			
のーら	菱餅ノーラ	人名	人名	人名	upstream			
あいおいあい	相生あい	人名	人名	人名	upstream			
あい	相生あい	人名	人名	人名	upstream			
みずなしるく	瑞無るく	人名	人名	人名	upstream			
るく	瑞無るく	人名	人名	人名	upstream			
あんず	あん豆	人名	人名	人名	upstream			
ふゆれもん	冬夢れもん	人名	人名	人名	upstream			
れもん	冬夢れもん	人名	人名	人名	upstream			
えびざきしゅりんぷ	海老崎シュリンプ	人名	人名	人名	upstream			
しゅりんぷ	海老崎シュリンプ	人名	人名	人名	upstream			
ぼくしいのあ	木椎のあ	人名	人名	人名	upstream			
のあ	木椎のあ	人名	人名	人名	upstream			
ひなたのの	火陽のの	人名	人名	人名	upstream			
のの	火陽のの	人名	人名	人名	upstream			
こちょうらん	狐蝶らん	人名	人名	人名	upstream			
らん	狐蝶らん	人名	人名	人名	upstream			
しきのすたあ	四季ノすたあ	人名	人名	人名	upstream			
すたあ	四季ノすたあ	人名	人名	人名	upstream			
やまぶきなのか	山吹菜ノ花	人名	人名	人名	upstream			
なのか	山吹菜ノ花	人名	人名	人名	upstream			
すみいんちょう	スミ院長	人名	人名	人名	upstream			
すみ	スミ院長	人名	人名	人名	upstream			
こいしきき	小石キキ	人名	人名	人名	upstream			
きき	小石キキ	人名	人名	人名	upstream			
あまかわみるく	天川みるく	人名	人名	人名	upstream			
みるく	天川みるく	人名	人名	人名	upstream			
なつきちゃん	なつきちゃん	人名	人名	人名	upstream			
きゅうせんるがる	九泉ルガル	人名	人名	人名	upstream			
るがる	九泉ルガル	人名	人名	人名	upstream			
おとくらゅい	乙倉ゅい	人名	人名	人名	upstream			
おとくらゆい	乙倉ゅい	人名	人名	人名	upstream			
ゅい	乙倉ゅい	人名	人名	人名	upstream			
ゆい	乙倉ゅい	人名	人名	人名	upstream			
きざみみきざみ	刻耳きざみ	人名	人名	人名	upstream			
きざみ	刻耳きざみ	人名	人名	人名	upstream			
こうかはろるど	煌華はろるど	人名	人名	人名	upstream			
はろるど	煌華はろるど	人名	人名	人名	upstream			
あまばれてる	天晴てる	人名	人名	人名	upstream			
てる	天晴てる	人名	人名	人名	upstream			
かなしろえなが	奏白エナガ	人名	人名	人名	upstream			
えなが	奏白エナガ	人名	人名	人名	upstream			
つくよめとろ	月羊めとろ	人名	人名	人名	upstream			
めとろ	月羊めとろ	人名	人名	人名	upstream			
くらもちけい	久楽持ケイ	人名	人名	人名	upstream			
けい	久楽持ケイ	人名	人名	人名	upstream			
しらさかゆめ	白坂ゆめ	人名	人名	人名	upstream			
ゆめ	白坂ゆめ	人名	人名	人名	upstream			
るなひめ	るな姫	人名	人名	人名	upstream			
ねぎりむ	ネギリム	人名	人名	人名	upstream			
はなぶさあきはる	纐纈空春	人名	人名	人名	upstream			
あきはる	纐纈空春	人名	人名	人名	upstream			
みろく	ミロク	人名	人名	人名	upstream			
おにくらそう	鬼倉蒼	人名	人名	人名	upstream			
そう	鬼倉蒼	人名	人名	人名	upstream			
きつきすぷー	狐黄すぷー	人名	人名	人名	upstream			
すぷー	狐黄すぷー	人名	人名	人名	upstream			
とりかわせせり	鶏川せせり	人名	人名	人名	upstream			
せせり	鶏川せせり	人名	人名	人名	upstream			
とうきつまっと	透狐マット	人名	人名	人名	upstream			
まっと	透狐マット	人名	人名	人名	upstream			
しろいさとう	白色砂糖	人名	人名	人名	upstream			
さとう	白色砂糖	人名	人名	人名	upstream			
くろゆきまきな	黒雪マキナ	人名	人名	人名	upstream			
まきな	黒雪マキナ	人名	人名	人名	upstream			
ほしみなお	星海なお	人名	人名	人名	upstream			
なお	星海なお	人名	人名	人名	upstream			
ときわはると	常盤ハルト	人名	人名	人名	upstream			
はると	常盤ハルト	人名	人名	人名	upstream			
あまねるな	雨音るな	人名	人名	人名	upstream			
るな	雨音るな	人名	人名	人名	upstream			
えんまるい	閻魔るい	人名	人名	人名	upstream			
るい	閻魔るい	人名	人名	人名	upstream			
もものきよの	桃乃きよの	人名	人名	人名	upstream			
きよの	桃乃きよの	人名	人名	人名	upstream			
みもりみまり	水守みまり	人名	人名	人名	upstream			
みまり	水守みまり	人名	人名	人名	upstream			
こうのなお	黄野なお	人名	人名	人名	upstream			
なお	黄野なお	人名	人名	人名	upstream			
かざばなうろこ	風花うろこ	人名	人名	人名	upstream			
うろこ	風花うろこ	人名	人名	人名	upstream			
あいさきみお	愛咲ミオ	人名	人名	人名	upstream			
みお	愛咲ミオ	人名	人名	人名	upstream			
かすがいたむ	粕日井たむ	人名	人名	人名	upstream			
たむ	粕日井たむ	人名	人名	人名	upstream			
ふかみにあれ	深味にあれ	人名	人名	人名	upstream			
にあれ	深味にあれ	人名	人名	人名	upstream			
さむ	サム	人名	人名	人名	upstream			
いちのみやみつき	一ノ宮満月	人名	人名	人名	upstream			
みつき	一ノ宮満月	人名	人名	人名	upstream			
とうりねりゅ	透律ネリュ	人名	人名	人名	upstream			
ねりゅ	透律ネリュ	人名	人名	人名	upstream			
めるあくるー	メルア・クルー	人名	人名	人名	upstream			
めるあ	メルア・クルー	人名	人名	人名	upstream			
ねこまためる	猫又メル	人名	人名	人名	upstream			
める	猫又メル	人名	人名	人名	upstream			
じぁんしちぇんちく	減世塵ちく	人名	人名	人名	upstream			
ちく	減世塵ちく	人名	人名	人名	upstream			
うみぞう	うみぞう	人名	人名	人名	upstream			
よりとひるか	依都ヒルカ	人名	人名	人名	upstream			
ひるか	依都ヒルカ	人名	人名	人名	upstream			
このはくる	心ノ花くる	人名	人名	人名	upstream			
くる	心ノ花くる	人名	人名	人名	upstream			
このはみる	心ノ花みる	人名	人名	人名	upstream			
みる	心ノ花みる	人名	人名	人名	upstream			
ことぶきほまれ	寿ほまれ	人名	人名	人名	upstream			
ほまれ	寿ほまれ	人名	人名	人名	upstream			
なるとみじんこ	成兎みじんこ	人名	人名	人名	upstream			
みじんこ	成兎みじんこ	人名	人名	人名	upstream			
わたせもく	綿世もく	人名	人名	人名	upstream			
もく	綿世もく	人名	人名	人名	upstream			
おおかみむすめしゅう	狼娘しゅう	人名	人名	人名	upstream			
しゅう	狼娘しゅう	人名	人名	人名	upstream			
しじょうはやて	四条ハヤテ	人名	人名	人名	upstream			
はやて	四条ハヤテ	人名	人名	人名	upstream			
みどりいろのしんぞう	緑色の心臓	人名	人名	人名	upstream			
とくがわさら	徳川さら	人名	人名	人名	upstream			
さら	徳川さら	人名	人名	人名	upstream			
まほろびすいむ	眩幻日すいむ	人名	人名	人名	upstream			
すいむ	眩幻日すいむ	人名	人名	人名	upstream			
みずみねかい	水嶺カイ	人名	人名	人名	upstream			
かい	水嶺カイ	人名	人名	人名	upstream			
にくまるじゅうせんしゃ	にくまる重戦車	人名	人名	人名	upstream			
じゅうせんしゃ	にくまる重戦車	人名	人名	人名	upstream			
とこやみあいむ	常闇アイム	人名	人名	人名	upstream			
あいむ	常闇アイム	人名	人名	人名	upstream			
せんよちよ	千夜ちよ	人名	人名	人名	upstream			
ちよ	千夜ちよ	人名	人名	人名	upstream			
うすずみりくご	薄墨りくご	人名	人名	人名	upstream			
りくご	薄墨りくご	人名	人名	人名	upstream			
あまらいゆき	天雷ユ鬼	人名	人名	人名	upstream			
ゆき	天雷ユ鬼	人名	人名	人名	upstream			
あかほみのり	赤穂みのり	人名	人名	人名	upstream			
みのり	赤穂みのり	人名	人名	人名	upstream			
からいときさ	神来社キサ	人名	人名	人名	upstream			
きさ	神来社キサ	人名	人名	人名	upstream			
くやましか	九山しか	人名	人名	人名	upstream			
しか	九山しか	人名	人名	人名	upstream			
いぬかいれおる	狗灰レヲル	人名	人名	人名	upstream			
いぬかいれをる	狗灰レヲル	人名	人名	人名	upstream			
れおる	狗灰レヲル	人名	人名	人名	upstream			
れをる	狗灰レヲル	人名	人名	人名	upstream			
あでがわりんね	阿出川リンネ	人名	人名	人名	upstream			
りんね	阿出川リンネ	人名	人名	人名	upstream			
いむらむい	居村ムイ	人名	人名	人名	upstream			
むい	居村ムイ	人名	人名	人名	upstream			
よいのちる	宵ノチル	人名	人名	人名	upstream			
ちる	宵ノチル	人名	人名	人名	upstream			
こむぎだてんし	小麦田てんし	人名	人名	人名	upstream			
てんし	小麦田てんし	人名	人名	人名	upstream			
ゆめかわやむ	夢川やむ	人名	人名	人名	upstream			
やむ	夢川やむ	人名	人名	人名	upstream			
さぎりももな	紗霧ももな	人名	人名	人名	upstream			
ももな	紗霧ももな	人名	人名	人名	upstream			
ろうがおきし	狼画オキシ	人名	人名	人名	upstream			
おきし	狼画オキシ	人名	人名	人名	upstream			
つきしまあまね	月島海音	人名	人名	人名	upstream			
あまね	月島海音	人名	人名	人名	upstream			
さりゅういんしえら	左龍院シエラ	人名	人名	人名	upstream			
しえら	左龍院シエラ	人名	人名	人名	upstream			
よこねここりね	横寝ここりね	人名	人名	人名	upstream			
こりね	横寝ここりね	人名	人名	人名	upstream			
えびねまよ	海老根マヨ	人名	人名	人名	upstream			
まよ	海老根マヨ	人名	人名	人名	upstream			
こまいしゅわ	狛犬しゅわ	人名	人名	人名	upstream			
しゅわ	狛犬しゅわ	人名	人名	人名	upstream			
つきみやいちね	月宮いちね	人名	人名	人名	upstream			
いちね	月宮いちね	人名	人名	人名	upstream			
すい	翠	人名	人名	人名	upstream			
あゆみゆあ	愛未ゆあ	人名	人名	人名	upstream			
ゆあ	愛未ゆあ	人名	人名	人名	upstream			
あいなねねむ	愛鳴ねねむ	人名	人名	人名	upstream			
ねねむ	愛鳴ねねむ	人名	人名	人名	upstream			
あかいしあい	赤石愛	人名	人名	人名	upstream			
あい	赤石愛	人名	人名	人名	upstream			
いぬいぬい	戌稲ぬい	人名	人名	人名	upstream			
ぬい	戌稲ぬい	人名	人名	人名	upstream			
しのみやろぜ	四宮ロゼ	人名	人名	人名	upstream			
ろぜ	四宮ロゼ	人名	人名	人名	upstream			
こもりくづゆ	小森くづゆ	人名	人名	人名	upstream			
くづゆ	小森くづゆ	人名	人名	人名	upstream			
あいあむいあむ	逢編いあむ	人名	人名	人名	upstream			
いあむ	逢編いあむ	人名	人名	人名	upstream			
はならるむ	羽凪らるむ	人名	人名	人名	upstream			
らるむ	羽凪らるむ	人名	人名	人名	upstream			
やぎおうる	山羊生ウル	人名	人名	人名	upstream			
うる	山羊生ウル	人名	人名	人名	upstream			
いたけしごむ	痛ケシゴム	人名	人名	人名	upstream			
こちやざくろ	児稚耶ざくろ	人名	人名	人名	upstream			
ざくろ	児稚耶ざくろ	人名	人名	人名	upstream			
あんずしゅらむ	あんず・シュラム	人名	人名	人名	upstream			
しゅらむ	あんず・シュラム	人名	人名	人名	upstream			
あんず	あんず・シュラム	人名	人名	人名	upstream			
みこしばしげ	御子柴しげ	人名	人名	人名	upstream			
しげ	御子柴しげ	人名	人名	人名	upstream			
すいせんしいら	酔仙しいら	人名	人名	人名	upstream			
しいら	酔仙しいら	人名	人名	人名	upstream			
なないれお	納内れお	人名	人名	人名	upstream			
れお	納内れお	人名	人名	人名	upstream			
ましろゆめ	ましろゆめ	人名	人名	人名	upstream			
ゆめ	ましろゆめ	人名	人名	人名	upstream			
にびのみょん	弐尾乃みょん	人名	人名	人名	upstream			
みょん	弐尾乃みょん	人名	人名	人名	upstream			
あきはりい	暁羽りい	人名	人名	人名	upstream			
りい	暁羽りい	人名	人名	人名	upstream			
いしばしなぎ	石橋なぎ	人名	人名	人名	upstream			
なぎ	石橋なぎ	人名	人名	人名	upstream			
あぼかどう	丫戊个堂	人名	人名	人名	upstream			
でわひめぽわぬ	出羽姫ぽわぬ	人名	人名	人名	upstream			
ぽわぬ	出羽姫ぽわぬ	人名	人名	人名	upstream			
あっきー	あっきー	人名	人名	人名	upstream			
ながやのひよりん	長屋のひよりん	人名	人名	人名	upstream			
ひよりん	長屋のひよりん	人名	人名	人名	upstream			
あきしのゆずき	秋篠ゆずき	人名	人名	人名	upstream			
ゆずき	秋篠ゆずき	人名	人名	人名	upstream			
すいりゅうなつ	翠龍なつ	人名	人名	人名	upstream			
なつ	翠龍なつ	人名	人名	人名	upstream			
うしね	牛根	人名	人名	人名	upstream			
しなりおにたば	シナリオ二束	人名	人名	人名	upstream			
あわつきしゃぼん	泡月しゃぼん	人名	人名	人名	upstream			
しゃぼん	泡月しゃぼん	人名	人名	人名	upstream			
きさらぎねむ	如月ねむ	人名	人名	人名	upstream			
ねむ	如月ねむ	人名	人名	人名	upstream			
ゆきのまい	雪ノまい	人名	人名	人名	upstream			
まい	雪ノまい	人名	人名	人名	upstream			
きつねのみろく	狐ノみろく	人名	人名	人名	upstream			
みろく	狐ノみろく	人名	人名	人名	upstream			
べる	べる	人名	人名	人名	upstream			
かさまもる	笠真守	人名	人名	人名	upstream			
まもる	笠真守	人名	人名	人名	upstream			
ふぁいちんふるみ	淮青ふるみ	人名	人名	人名	upstream			
ふるみ	淮青ふるみ	人名	人名	人名	upstream			
くろのかくろす	黒乃架くろす	人名	人名	人名	upstream			
くろす	黒乃架くろす	人名	人名	人名	upstream			
はるさめ	春流サメ	人名	人名	人名	upstream			
さめ	春流サメ	人名	人名	人名	upstream			
りこじまいる	離児島イル	人名	人名	人名	upstream			
いる	離児島イル	人名	人名	人名	upstream			
あまいねらむね	天井音らむね	人名	人名	人名	upstream			
らむね	天井音らむね	人名	人名	人名	upstream			
ななせゆん	七瀬ゆん	人名	人名	人名	upstream			
ゆん	七瀬ゆん	人名	人名	人名	upstream			
たなかあまめ	田中あまめ	人名	人名	人名	upstream			
あまめ	田中あまめ	人名	人名	人名	upstream			
しすいせりか	紫水セリカ	人名	人名	人名	upstream			
せりか	紫水セリカ	人名	人名	人名	upstream			
あさぎあお	浅葱あお	人名	人名	人名	upstream			
あお	浅葱あお	人名	人名	人名	upstream			
ほしなみつつじ	斗涙つつじ	人名	人名	人名	upstream			
つつじ	斗涙つつじ	人名	人名	人名	upstream			
わさびつん	山葵つん	人名	人名	人名	upstream			
つん	山葵つん	人名	人名	人名	upstream			
ひまりにや	陽莉にや	人名	人名	人名	upstream			
にや	陽莉にや	人名	人名	人名	upstream			
ほしのぷらね	星乃プラネ	人名	人名	人名	upstream			
ぷらね	星乃プラネ	人名	人名	人名	upstream			
いろは	彩珀	人名	人名	人名	upstream			
らんこばる	藍こばる	人名	人名	人名	upstream			
こばる	藍こばる	人名	人名	人名	upstream			
あいがみぷれま	藍神ぷれま	人名	人名	人名	upstream			
ぷれま	藍神ぷれま	人名	人名	人名	upstream			
たまおかあさ	玉緒かあさ	人名	人名	人名	upstream			
かあさ	玉緒かあさ	人名	人名	人名	upstream			
さくらとゆき	桜兎ゆき	人名	人名	人名	upstream			
ゆき	桜兎ゆき	人名	人名	人名	upstream			
あまおりひかる	天居ひかる	人名	人名	人名	upstream			
ひかる	天居ひかる	人名	人名	人名	upstream			
やまださくら	山田桜	人名	人名	人名	upstream			
さくら	山田桜	人名	人名	人名	upstream			
りみむ	りみむ	人名	人名	人名	upstream			
ほしのるる	星乃るる	人名	人名	人名	upstream			
るる	星乃るる	人名	人名	人名	upstream			
あまやどりまお	雨宿まお	人名	人名	人名	upstream			
まお	雨宿まお	人名	人名	人名	upstream			
うたほしこかな	歌星コカナ	人名	人名	人名	upstream			
こかな	歌星コカナ	人名	人名	人名	upstream			
ないかいかいじ	内科医カイジ	人名	人名	人名	upstream			
かいじ	内科医カイジ	人名	人名	人名	upstream			
たこす	タコス	人名	人名	人名	upstream			
たくしまらん	宅島ラン	人名	人名	人名	upstream			
らん	宅島ラン	人名	人名	人名	upstream			
かきのたねうぃな	柿之田ねゐな	人名	人名	人名	upstream			
かきのたねいな	柿之田ねゐな	人名	人名	人名	upstream			
かきのたねゐな	柿之田ねゐな	人名	人名	人名	upstream			
ねうぃな	柿之田ねゐな	人名	人名	人名	upstream			
ねいな	柿之田ねゐな	人名	人名	人名	upstream			
ねゐな	柿之田ねゐな	人名	人名	人名	upstream			
ときむらいまり	朱鷺村いまり	人名	人名	人名	upstream			
いまり	朱鷺村いまり	人名	人名	人名	upstream			
みくうりん	美空りん	人名	人名	人名	upstream			
りん	美空りん	人名	人名	人名	upstream			
かあねりあん	華姉りあん	人名	人名	人名	upstream			
りあん	華姉りあん	人名	人名	人名	upstream			
わかつきひじり	若月聖	人名	人名	人名	upstream			
ひじり	若月聖	人名	人名	人名	upstream			
ふなざしことこ	船指ことこ	人名	人名	人名	upstream			
ことこ	船指ことこ	人名	人名	人名	upstream			
めざえべんじ	眼冴ベンジ	人名	人名	人名	upstream			
べんじ	眼冴ベンジ	人名	人名	人名	upstream			
ととんとん	兎沌とん	人名	人名	人名	upstream			
とん	兎沌とん	人名	人名	人名	upstream			
あんどうめだ	安藤めだ	人名	人名	人名	upstream			
めだ	安藤めだ	人名	人名	人名	upstream			
ましろもか	真白もか	人名	人名	人名	upstream			
もか	真白もか	人名	人名	人名	upstream			
しばりえ	柴リエ	人名	人名	人名	upstream			
りえ	柴リエ	人名	人名	人名	upstream			
あかつきももね	茜月ももね	人名	人名	人名	upstream			
ももね	茜月ももね	人名	人名	人名	upstream			
とぴああず	桃花あず	人名	人名	人名	upstream			
あず	桃花あず	人名	人名	人名	upstream			
いぬみぽめこ	犬見ぽめこ	人名	人名	人名	upstream			
ぽめこ	犬見ぽめこ	人名	人名	人名	upstream			
ささきりおん	佐々木リオン	人名	人名	人名	upstream			
りおん	佐々木リオン	人名	人名	人名	upstream			
さけのみともえ	酒之御ともえ	人名	人名	人名	upstream			
ともえ	酒之御ともえ	人名	人名	人名	upstream			
ひらぎりゅう	柊龍	人名	人名	人名	upstream			
りゅう	柊龍	人名	人名	人名	upstream			
ほのみちふじ	火道富士	人名	人名	人名	upstream			
ふじ	火道富士	人名	人名	人名	upstream			
あまいはな	天井はな	人名	人名	人名	upstream			
はな	天井はな	人名	人名	人名	upstream			
みやせとわ	海弥瀬とわ	人名	人名	人名	upstream			
とわ	海弥瀬とわ	人名	人名	人名	upstream			
よつやてと	夜艶てと	人名	人名	人名	upstream			
てと	夜艶てと	人名	人名	人名	upstream			
こいねこはる	恋猫はる	人名	人名	人名	upstream			
はる	恋猫はる	人名	人名	人名	upstream			
あおぼしそあ	青星そあ	人名	人名	人名	upstream			
そあ	青星そあ	人名	人名	人名	upstream			
よなぎりょう	夜凪涼	人名	人名	人名	upstream			
りょう	夜凪涼	人名	人名	人名	upstream			
ももせもあ	百瀬もあ	人名	人名	人名	upstream			
もあ	百瀬もあ	人名	人名	人名	upstream			
あおなぎこのは	蒼薙このは	人名	人名	人名	upstream			
このは	蒼薙このは	人名	人名	人名	upstream			
はなみねかざり	花嶺かざり	人名	人名	人名	upstream			
かざり	花嶺かざり	人名	人名	人名	upstream			
まきのほのか	蒔乃ほのか	人名	人名	人名	upstream			
ほのか	蒔乃ほのか	人名	人名	人名	upstream			
ももとるの	桃兎るの	人名	人名	人名	upstream			
るの	桃兎るの	人名	人名	人名	upstream			
なしろなな	奈代なな	人名	人名	人名	upstream			
なな	奈代なな	人名	人名	人名	upstream			
こなだゆき	小灘ゆき	人名	人名	人名	upstream			
ゆき	小灘ゆき	人名	人名	人名	upstream			
ひつじのめぇこ	羊之めぇこ	人名	人名	人名	upstream			
ひつじのめえこ	羊之めぇこ	人名	人名	人名	upstream			
めぇこ	羊之めぇこ	人名	人名	人名	upstream			
めえこ	羊之めぇこ	人名	人名	人名	upstream			
そらはねにゃんみ	空羽にゃんみ	人名	人名	人名	upstream			
にゃんみ	空羽にゃんみ	人名	人名	人名	upstream			
ゆうさま	YOU様	人名	人名	人名	upstream			
ゆーさま	YOU様	人名	人名	人名	upstream			
かみのみや	神埜みや	人名	人名	人名	upstream			
みや	神埜みや	人名	人名	人名	upstream			
ちさやゆえ	千彩夜ゆえ	人名	人名	人名	upstream			
ゆえ	千彩夜ゆえ	人名	人名	人名	upstream			
じょに	じょに	人名	人名	人名	upstream			
ときなれうぃむ	朝啼れゐむ	人名	人名	人名	upstream			
ときなれいむ	朝啼れゐむ	人名	人名	人名	upstream			
ときなれゐむ	朝啼れゐむ	人名	人名	人名	upstream			
れうぃむ	朝啼れゐむ	人名	人名	人名	upstream			
れいむ	朝啼れゐむ	人名	人名	人名	upstream			
れゐむ	朝啼れゐむ	人名	人名	人名	upstream			
よいもりつくね	宵森つく音	人名	人名	人名	upstream			
つくね	宵森つく音	人名	人名	人名	upstream			
あきじますぅい	秋嶋すぅい	人名	人名	人名	upstream			
あきじますうい	秋嶋すぅい	人名	人名	人名	upstream			
すぅい	秋嶋すぅい	人名	人名	人名	upstream			
すうい	秋嶋すぅい	人名	人名	人名	upstream			
きりむのいあ	伐霧のいあ	人名	人名	人名	upstream			
のいあ	伐霧のいあ	人名	人名	人名	upstream			
むいか	ムイカ	人名	人名	人名	upstream			
ちとせかい	千年世界	人名	人名	人名	upstream			
かい	千年世界	人名	人名	人名	upstream			
あおのしろ	蒼の城	人名	人名	人名	upstream			
ここああめじすと	心愛アメジスト	人名	人名	人名	upstream			
あめじすと	心愛アメジスト	人名	人名	人名	upstream			
もちづきうや	望月うや	人名	人名	人名	upstream			
うや	望月うや	人名	人名	人名	upstream			
しのともがお	紫ノ朝がお	人名	人名	人名	upstream			
がお	紫ノ朝がお	人名	人名	人名	upstream			
かがみもちくぅね	鏡餅くぅね	人名	人名	人名	upstream			
かがみもちくうね	鏡餅くぅね	人名	人名	人名	upstream			
くぅね	鏡餅くぅね	人名	人名	人名	upstream			
くうね	鏡餅くぅね	人名	人名	人名	upstream			
はなえみのばら	花咲のばら	人名	人名	人名	upstream			
のばら	花咲のばら	人名	人名	人名	upstream			
うしおだしお	潮蛇しお	人名	人名	人名	upstream			
しお	潮蛇しお	人名	人名	人名	upstream			
きょうまりるる	鏡鞠るる	人名	人名	人名	upstream			
るる	鏡鞠るる	人名	人名	人名	upstream			
もくもない	もくもない	人名	人名	人名	upstream			
どぅおでぃない	多兒蒂奈	人名	人名	人名	upstream			
にゃあゆん	猫悪ゆん	人名	人名	人名	upstream			
ゆん	猫悪ゆん	人名	人名	人名	upstream			
くろぐろのいぬ	黒々ノイヌ	人名	人名	人名	upstream			
のいぬ	黒々ノイヌ	人名	人名	人名	upstream			
ほしのねしずく	星ノ音しずく	人名	人名	人名	upstream			
しずく	星ノ音しずく	人名	人名	人名	upstream			
ねむりねりま	眠音りま	人名	人名	人名	upstream			
りま	眠音りま	人名	人名	人名	upstream			
はくあうりゅ	白亜うりゅ	人名	人名	人名	upstream			
うりゅ	白亜うりゅ	人名	人名	人名	upstream			
いさきちぃ	井崎ちぃ	人名	人名	人名	upstream			
いさきちい	井崎ちぃ	人名	人名	人名	upstream			
ちぃ	井崎ちぃ	人名	人名	人名	upstream			
ちい	井崎ちぃ	人名	人名	人名	upstream			
あかどりたいさ	赤鶏たいさ	人名	人名	人名	upstream			
たいさ	赤鶏たいさ	人名	人名	人名	upstream			
おおわらこむぎ	大原こむぎ	人名	人名	人名	upstream			
こむぎ	大原こむぎ	人名	人名	人名	upstream			
たこだいだ	蛸田イダ	人名	人名	人名	upstream			
いだ	蛸田イダ	人名	人名	人名	upstream			
しらつゆれい	白露れい	人名	人名	人名	upstream			
れい	白露れい	人名	人名	人名	upstream			
よあけだいだい	夜明橙	人名	人名	人名	upstream			
だいだい	夜明橙	人名	人名	人名	upstream			
くろきよるの	黒杞よるの	人名	人名	人名	upstream			
よるの	黒杞よるの	人名	人名	人名	upstream			
うすらいいより	薄氷いより	人名	人名	人名	upstream			
いより	薄氷いより	人名	人名	人名	upstream			
ゆきのまざにあ	雪乃魔ザニア	人名	人名	人名	upstream			
ざにあ	雪乃魔ザニア	人名	人名	人名	upstream			
ひむろつばき	氷室つばき	人名	人名	人名	upstream			
つばき	氷室つばき	人名	人名	人名	upstream			
よるのぐも	夜の羊雲	人名	人名	人名	upstream			
げんんかいつとむ	限界ツトム	人名	人名	人名	upstream			
つとむ	限界ツトム	人名	人名	人名	upstream			
わたあめゆめ	綿飴ユメ	人名	人名	人名	upstream			
ゆめ	綿飴ユメ	人名	人名	人名	upstream			
こさきもな	小崎もな	人名	人名	人名	upstream			
もな	小崎もな	人名	人名	人名	upstream			
あめみしろっぷ	天水しろっぷ	人名	人名	人名	upstream			
しろっぷ	天水しろっぷ	人名	人名	人名	upstream			
はなさきめろる	はなさきめろる	人名	人名	人名	upstream			
めろる	はなさきめろる	人名	人名	人名	upstream			
あおねこくう	青猫くう	人名	人名	人名	upstream			
くう	青猫くう	人名	人名	人名	upstream			
にがやにな	二茅ニナ	人名	人名	人名	upstream			
にな	二茅ニナ	人名	人名	人名	upstream			
のらうさぎ	野良うさぎ	人名	人名	人名	upstream			
うさぎ	野良うさぎ	人名	人名	人名	upstream			
こいぶみるり	恋部みるり	人名	人名	人名	upstream			
みるり	恋部みるり	人名	人名	人名	upstream			
いぬがみりん	犬神りん	人名	人名	人名	upstream			
りん	犬神りん	人名	人名	人名	upstream			
でんこ	でん子	人名	人名	人名	upstream			
ぱるぺてぃ	ぱるぺてぃ	人名	人名	人名	upstream			
あまあいりと	天愛りと	人名	人名	人名	upstream			
りと	天愛りと	人名	人名	人名	upstream			
あおまがろま	碧熊ガロマ	人名	人名	人名	upstream			
がろま	碧熊ガロマ	人名	人名	人名	upstream			
こいぬまるあやね	小犬丸あやね	人名	人名	人名	upstream			
あやね	小犬丸あやね	人名	人名	人名	upstream			
かぷりのりこ	歌振乃リコ	人名	人名	人名	upstream			
りこ	歌振乃リコ	人名	人名	人名	upstream			
ほしつかかすみ	星使カスミ	人名	人名	人名	upstream			
かすみ	星使カスミ	人名	人名	人名	upstream			
あおぞらつぼみ	青空ツボミ	人名	人名	人名	upstream			
つぼみ	青空ツボミ	人名	人名	人名	upstream			
けんじゃかと	犬者禍斗	人名	人名	人名	upstream			
かと	犬者禍斗	人名	人名	人名	upstream			
そしろぱきら	楚白ぱきら	人名	人名	人名	upstream			
ぱきら	楚白ぱきら	人名	人名	人名	upstream			
はずき	葉月尋	人名	人名	人名	upstream			
ひろ	葉月尋	人名	人名	人名	upstream			
しゃろんあーるゔぁなるがんど	シャロン＝R・ヴァナルガンド	人名	人名	人名	upstream			
しゃろん	シャロン＝R・ヴァナルガンド	人名	人名	人名	upstream			
うぉー	浯	人名	人名	人名	upstream			
をお	浯	人名	人名	人名	upstream			
をー	浯	人名	人名	人名	upstream			
みかはらみく	美ヶ原みく	人名	人名	人名	upstream			
みく	美ヶ原みく	人名	人名	人名	upstream			
つきがみこはね	月皇こはね	人名	人名	人名	upstream			
こはね	月皇こはね	人名	人名	人名	upstream			
ろぴかるななみや	ろぴかる七宮	人名	人名	人名	upstream			
ななみや	ろぴかる七宮	人名	人名	人名	upstream			
がらんどうふしぎ	伽藍堂ふしぎ	人名	人名	人名	upstream			
ふしぎ	伽藍堂ふしぎ	人名	人名	人名	upstream			
ありがとこな	有賀とこな	人名	人名	人名	upstream			
とこな	有賀とこな	人名	人名	人名	upstream			
みなとぼしいぐれ	湊星いぐれ	人名	人名	人名	upstream			
いぐれ	湊星いぐれ	人名	人名	人名	upstream			
ごうほうばつこちゃん	合法!!バツ子ﾁｬﾝ	人名	人名	人名	upstream			
ばつこちゃん	合法!!バツ子ﾁｬﾝ	人名	人名	人名	upstream			
ほしづきりりー	星月リリー	人名	人名	人名	upstream			
りりー	星月リリー	人名	人名	人名	upstream			
うるるうる	羽瑠流ウル	人名	人名	人名	upstream			
うる	羽瑠流ウル	人名	人名	人名	upstream			
あおばりあか	碧葉リアカ	人名	人名	人名	upstream			
りあか	碧葉リアカ	人名	人名	人名	upstream			
りじちよ	りじちよ	人名	人名	人名	upstream			
みずたるり	水田瑠璃	人名	人名	人名	upstream			
るり	水田瑠璃	人名	人名	人名	upstream			
うづきるな	卯月るな	人名	人名	人名	upstream			
るな	卯月るな	人名	人名	人名	upstream			
しらせれん	白瀬れん	人名	人名	人名	upstream			
れん	白瀬れん	人名	人名	人名	upstream			
しろへびれい	しろへびれい	人名	人名	人名	upstream			
れい	しろへびれい	人名	人名	人名	upstream			
よもつくにいっさ	夜泉國イッサ	人名	人名	人名	upstream			
いっさ	夜泉國イッサ	人名	人名	人名	upstream			
ちむすびりこた	知結リコタ	人名	人名	人名	upstream			
りこた	知結リコタ	人名	人名	人名	upstream			
ゆるまる	ゆるまる	人名	人名	人名	upstream			
あまいみつ	甘癒蜜	人名	人名	人名	upstream			
みつ	甘癒蜜	人名	人名	人名	upstream			
しみずわかこ	清水わかこ	人名	人名	人名	upstream			
わかこ	清水わかこ	人名	人名	人名	upstream			
かやのりこ	栢野りこ	人名	人名	人名	upstream			
りこ	栢野りこ	人名	人名	人名	upstream			
みみずつくろー	みゝ津ツクロー	人名	人名	人名	upstream			
つくろー	みゝ津ツクロー	人名	人名	人名	upstream			
うたせかなん	宇多瀬カナン	人名	人名	人名	upstream			
かなん	宇多瀬カナン	人名	人名	人名	upstream			
ととここ	飛渡ココ	人名	人名	人名	upstream			
ここ	飛渡ココ	人名	人名	人名	upstream			
そにどりりり	翠鳥リリ	人名	人名	人名	upstream			
りり	翠鳥リリ	人名	人名	人名	upstream			
みなとらぎ	湊音ラギ	人名	人名	人名	upstream			
らぎ	湊音ラギ	人名	人名	人名	upstream			
みことばしき	水琴葉しき	人名	人名	人名	upstream			
しき	水琴葉しき	人名	人名	人名	upstream			
しはるゆき	紫陽ゆき	人名	人名	人名	upstream			
ゆき	紫陽ゆき	人名	人名	人名	upstream			
さなぎみひろ	佐薙みひろ	人名	人名	人名	upstream			
みひろ	佐薙みひろ	人名	人名	人名	upstream			
このとことは	狐之杜ことは	人名	人名	人名	upstream			
ことは	狐之杜ことは	人名	人名	人名	upstream			
なすのがく	為ノ隠	人名	人名	人名	upstream			
がく	為ノ隠	人名	人名	人名	upstream			
ありせある	有世ある	人名	人名	人名	upstream			
ある	有世ある	人名	人名	人名	upstream			
ゆりのゆりあ	百合乃ユリア	人名	人名	人名	upstream			
ゆりあ	百合乃ユリア	人名	人名	人名	upstream			
しくふく	しくふく	人名	人名	人名	upstream			
どようびせきね	土曜日関根	人名	人名	人名	upstream			
せきね	土曜日関根	人名	人名	人名	upstream			
さえきそら	佐伯ソラ	人名	人名	人名	upstream			
そら	佐伯ソラ	人名	人名	人名	upstream			
ひのみのり	日野みのり	人名	人名	人名	upstream			
みのり	日野みのり	人名	人名	人名	upstream			
みつくりあぐな	箕作アグナ	人名	人名	人名	upstream			
あぐな	箕作アグナ	人名	人名	人名	upstream			
むせいらん	無精ラン	人名	人名	人名	upstream			
らん	無精ラン	人名	人名	人名	upstream			
さとうめろめろ	佐藤メロメロ	人名	人名	人名	upstream			
めろめろ	佐藤メロメロ	人名	人名	人名	upstream			
ふぅちゃん	ふぅちゃん	人名	人名	人名	upstream			
るるららりりぃ	るる・らら・りりぃ	人名	人名	人名	upstream			
りりぃ	るる・らら・りりぃ	人名	人名	人名	upstream			
りりい	るる・らら・りりぃ	人名	人名	人名	upstream			
りりー	るる・らら・りりぃ	人名	人名	人名	upstream			
しきもりことり	四季森ことり	人名	人名	人名	upstream			
ことり	四季森ことり	人名	人名	人名	upstream			
なみうおいかなで	波宵かなで	人名	人名	人名	upstream			
かなで	波宵かなで	人名	人名	人名	upstream			
ひのみやひまり	緋ノ宮ヒマリ	人名	人名	人名	upstream			
ひまり	緋ノ宮ヒマリ	人名	人名	人名	upstream			
るぅねるじーにあす	ルゥ・ネル・ジーニアス	人名	人名	人名	upstream			
るぅねる	ルゥ・ネル・ジーニアス	人名	人名	人名	upstream			
るうねる	ルゥ・ネル・ジーニアス	人名	人名	人名	upstream			
るぅ	ルゥ・ネル・ジーニアス	人名	人名	人名	upstream			
るう	ルゥ・ネル・ジーニアス	人名	人名	人名	upstream			
すぴかでろっぷ	スピカ・デ・ロップ	人名	人名	人名	upstream			
すぴか	スピカ・デ・ロップ	人名	人名	人名	upstream			
ぺありーあるまく	ペア・リー・アルマク	人名	人名	人名	upstream			
ぺあ	ペア・リー・アルマク	人名	人名	人名	upstream			
ましなふぉーじ	マシ・ナ・フォージ	人名	人名	人名	upstream			
まし	マシ・ナ・フォージ	人名	人名	人名	upstream			
まっどまちゅびー	マッド・マ・チュビー	人名	人名	人名	upstream			
まっど	マッド・マ・チュビー	人名	人名	人名	upstream			
いけだえま	池田エマ	人名	人名	人名	upstream			
えま	池田エマ	人名	人名	人名	upstream			
てんどうにとろ	天道ニトロ	人名	人名	人名	upstream			
にとろ	天道ニトロ	人名	人名	人名	upstream			
かぐらいろ	神楽いろ	人名	人名	人名	upstream			
いろ	神楽いろ	人名	人名	人名	upstream			
しずおかるこ	静丘るこ	人名	人名	人名	upstream			
るこ	静丘るこ	人名	人名	人名	upstream			
しずおかるてぃ	静丘るてぃ	人名	人名	人名	upstream			
るてぃ	静丘るてぃ	人名	人名	人名	upstream			
さかなかおる	坂中オル	人名	人名	人名	upstream			
おる	坂中オル	人名	人名	人名	upstream			
ふきはるめい	吹春明依	人名	人名	人名	upstream			
めい	吹春明依	人名	人名	人名	upstream			
めいどうめいか	冥堂めいか	人名	人名	人名	upstream			
めいか	冥堂めいか	人名	人名	人名	upstream			
おりつきなぎ	折憑なぎ	人名	人名	人名	upstream			
なぎ	折憑なぎ	人名	人名	人名	upstream			
ようびたつこ	妖美辰虎	人名	人名	人名	upstream			
たつこ	妖美辰虎	人名	人名	人名	upstream			
ななせなな	七瀬なな	人名	人名	人名	upstream			
なな	七瀬なな	人名	人名	人名	upstream			
つばさ	翼	人名	人名	人名	upstream			
おんみょうじいん	陰陽師陰	人名	人名	人名	upstream			
いん	陰陽師陰	人名	人名	人名	upstream			
ここはるりぃ	恋羽るりぃ	人名	人名	人名	upstream			
るりぃ	恋羽るりぃ	人名	人名	人名	upstream			
きりのもりのん	霧の森ノン	人名	人名	人名	upstream			
のん	霧の森ノン	人名	人名	人名	upstream			
みやこあめこ	京あめこ	人名	人名	人名	upstream			
あめこ	京あめこ	人名	人名	人名	upstream			
すーぱーごみこ	スーパーゴミ子	人名	人名	人名	upstream			
ごみこ	スーパーゴミ子	人名	人名	人名	upstream			
しゔ	スーパーゴミ子	人名	人名	人名	upstream			
いずみかいり	出海カイリ	人名	人名	人名	upstream			
かいり	出海カイリ	人名	人名	人名	upstream			
きすいたくみ	鬼翠たくみ	人名	人名	人名	upstream			
たくみ	鬼翠たくみ	人名	人名	人名	upstream			
あまのうづ	天乃うづ	人名	人名	人名	upstream			
うづ	天乃うづ	人名	人名	人名	upstream			
みなせなな	水瀬なな	人名	人名	人名	upstream			
なな	水瀬なな	人名	人名	人名	upstream			
くるるぎるか	枢祇るか	人名	人名	人名	upstream			
るか	枢祇るか	人名	人名	人名	upstream			
こいがくぼあき	恋ヶ窪あき	人名	人名	人名	upstream			
あき	恋ヶ窪あき	人名	人名	人名	upstream			
いぬいこはく	犬井狛白	人名	人名	人名	upstream			
こはく	犬井狛白	人名	人名	人名	upstream			
かすみるあ	花澄るあ	人名	人名	人名	upstream			
るあ	花澄るあ	人名	人名	人名	upstream			
こゆめえいる	虚夢えいる	人名	人名	人名	upstream			
えいる	虚夢えいる	人名	人名	人名	upstream			
いのるちあーの	イノ･ルチアーノ	人名	人名	人名	upstream			
いの	イノ･ルチアーノ	人名	人名	人名	upstream			
もっさーいーれふぇると	モッサー･イーレフェルト	人名	人名	人名	upstream			
もっさー	モッサー･イーレフェルト	人名	人名	人名	upstream			
やずきるな	夜月ルナ	人名	人名	人名	upstream			
るな	夜月ルナ	人名	人名	人名	upstream			
ねこまれむ	猫羽れむ	人名	人名	人名	upstream			
れむ	猫羽れむ	人名	人名	人名	upstream			
あわてるる	あわてるる	人名	人名	人名	upstream			
てるる	あわてるる	人名	人名	人名	upstream			
あだちちどり	足立千鳥	人名	人名	人名	upstream			
ちどり	足立千鳥	人名	人名	人名	upstream			
あめのめあ	雨乃メア	人名	人名	人名	upstream			
めあ	雨乃メア	人名	人名	人名	upstream			
おしてみゅ	推手みゅ	人名	人名	人名	upstream			
みゅ	推手みゅ	人名	人名	人名	upstream			
さくらいらみる	朔雷らみる	人名	人名	人名	upstream			
らみる	朔雷らみる	人名	人名	人名	upstream			
はなよりおもち	華和おもち	人名	人名	人名	upstream			
おもち	華和おもち	人名	人名	人名	upstream			
あまいふれじぇ	甘衣ふれじぇ	人名	人名	人名	upstream			
ふれじぇ	甘衣ふれじぇ	人名	人名	人名	upstream			
くろみやりく	黒宮裡玖	人名	人名	人名	upstream			
りく	黒宮裡玖	人名	人名	人名	upstream			
さくらるな	桜ルナ	人名	人名	人名	upstream			
るな	桜ルナ	人名	人名	人名	upstream			
よつゆのえりす	夜露乃エリス	人名	人名	人名	upstream			
えりす	夜露乃エリス	人名	人名	人名	upstream			
かくうぶい	架空ぶい	人名	人名	人名	upstream			
ぶい	架空ぶい	人名	人名	人名	upstream			
ぎんがたいていにゃるら	銀河大帝ニャルラ	人名	人名	人名	upstream			
にゃるら	銀河大帝ニャルラ	人名	人名	人名	upstream			
あにま	アニマ	人名	人名	人名	upstream			
つぁーるいんたーすてら	ツァール・インターステラ	人名	人名	人名	upstream			
つぁーる	ツァール・インターステラ	人名	人名	人名	upstream			
ろいがーいんたーすてら	ロイガー・インターステラ	人名	人名	人名	upstream			
ろいがー	ロイガー・インターステラ	人名	人名	人名	upstream			
けい	ケイ	人名	人名	人名	upstream			
らいだはると	雷田ハルト	人名	人名	人名	upstream			
はると	雷田ハルト	人名	人名	人名	upstream			
はくれいふれや	白麗ふれや	人名	人名	人名	upstream			
ふれや	白麗ふれや	人名	人名	人名	upstream			
あびたからん	アビ鷹ラン	人名	人名	人名	upstream			
らん	アビ鷹ラン	人名	人名	人名	upstream			
いちやうる	終宵ウル	人名	人名	人名	upstream			
うる	終宵ウル	人名	人名	人名	upstream			
しゃふてきゆとり	社不適ゆとり	人名	人名	人名	upstream			
ゆとり	社不適ゆとり	人名	人名	人名	upstream			
あまかさけろり	甘傘けろり	人名	人名	人名	upstream			
けろり	甘傘けろり	人名	人名	人名	upstream			
やちよちや	八千代ちや	人名	人名	人名	upstream			
ちや	八千代ちや	人名	人名	人名	upstream			
うらだぐぃ	裏蛇ぐぃ	人名	人名	人名	upstream			
うらだぐい	裏蛇ぐぃ	人名	人名	人名	upstream			
ぐぃ	裏蛇ぐぃ	人名	人名	人名	upstream			
ぐい	裏蛇ぐぃ	人名	人名	人名	upstream			
ふくろくまけにー	福禄魔けにー	人名	人名	人名	upstream			
けにー	福禄魔けにー	人名	人名	人名	upstream			
ゆうづきみや	幽月みや	人名	人名	人名	upstream			
みや	幽月みや	人名	人名	人名	upstream			
とってもいぬ	とっても犬	人名	人名	人名	upstream			
いぬ	とっても犬	人名	人名	人名	upstream			
ひめずきもも	姫月もも	人名	人名	人名	upstream			
もも	姫月もも	人名	人名	人名	upstream			
きつねじねじ	狐耳ねじ	人名	人名	人名	upstream			
ねじ	狐耳ねじ	人名	人名	人名	upstream			
しちさいなな	七彩なな	人名	人名	人名	upstream			
なな	七彩なな	人名	人名	人名	upstream			
からくりくろあ	絡繰くろあ	人名	人名	人名	upstream			
くろあ	絡繰くろあ	人名	人名	人名	upstream			
あんゆめ	杏夢	人名	人名	人名	upstream			
あきめぎょろ	秋奇目ぎょろ	人名	人名	人名	upstream			
ぎょろ	秋奇目ぎょろ	人名	人名	人名	upstream			
かいばおと	海馬渚音	人名	人名	人名	upstream			
おと	海馬渚音	人名	人名	人名	upstream			
うすいいるな	羽水いるな	人名	人名	人名	upstream			
いるな	羽水いるな	人名	人名	人名	upstream			
あかととなみ	朱灯となみ	人名	人名	人名	upstream			
となみ	朱灯となみ	人名	人名	人名	upstream			
かみやつきね	神谷月音	人名	人名	人名	upstream			
おと	神谷月音	人名	人名	人名	upstream			
すどうみん	守藤みん	人名	人名	人名	upstream			
みん	守藤みん	人名	人名	人名	upstream			
てつなかえる	鉄菜カエル	人名	人名	人名	upstream			
かえる	鉄菜カエル	人名	人名	人名	upstream			
せとないさしみ	瀬ト内さしみ	人名	人名	人名	upstream			
さしみ	瀬ト内さしみ	人名	人名	人名	upstream			
こはなまめ	狐花まめ	人名	人名	人名	upstream			
まめ	狐花まめ	人名	人名	人名	upstream			
でまちやなぎゆき	出町柳ゆき	人名	人名	人名	upstream			
ゆき	出町柳ゆき	人名	人名	人名	upstream			
きすきいお	綺月唯桜	人名	人名	人名	upstream			
いお	綺月唯桜	人名	人名	人名	upstream			
たけち	たけち	人名	人名	人名	upstream			
もがみもなか	最上モナカ	人名	人名	人名	upstream			
もなか	最上モナカ	人名	人名	人名	upstream			
なりみやだむ	成宮だむ	人名	人名	人名	upstream			
だむ	成宮だむ	人名	人名	人名	upstream			
ふよう	芙蓉	人名	人名	人名	upstream			
あきばねぢ	秋場ねぢ	人名	人名	人名	upstream			
ねぢ	秋場ねぢ	人名	人名	人名	upstream			
あやせがわかとれあ	彩瀬川カトレア	人名	人名	人名	upstream			
かとれあ	彩瀬川カトレア	人名	人名	人名	upstream			
くぜゆかり	玖世縁	人名	人名	人名	upstream			
ゆかり	玖世縁	人名	人名	人名	upstream			
ななかわれい	菜々河れい	人名	人名	人名	upstream			
れい	菜々河れい	人名	人名	人名	upstream			
だらくしう	堕落しう	人名	人名	人名	upstream			
しう	堕落しう	人名	人名	人名	upstream			
しののめりさ	紫雲りさ	人名	人名	人名	upstream			
りさ	紫雲りさ	人名	人名	人名	upstream			
ささやきひそり	紗彩木ひそり	人名	人名	人名	upstream			
ひそり	紗彩木ひそり	人名	人名	人名	upstream			
ことざりら	琴座リラ	人名	人名	人名	upstream			
りら	琴座リラ	人名	人名	人名	upstream			
ぼくようまもる	牧羊まもる	人名	人名	人名	upstream			
まもる	牧羊まもる	人名	人名	人名	upstream			
めめんともりこ	メメントモリ子	人名	人名	人名	upstream			
もりこ	メメントモリ子	人名	人名	人名	upstream			
にいのぶるま	新野ぶるま	人名	人名	人名	upstream			
ぶるま	新野ぶるま	人名	人名	人名	upstream			
ももぞのももか	桃園ももか	人名	人名	人名	upstream			
ももか	桃園ももか	人名	人名	人名	upstream			
かたやまゆうり	片山ゆうり	人名	人名	人名	upstream			
ゆうり	片山ゆうり	人名	人名	人名	upstream			
おうじえるめ	王城えるめ	人名	人名	人名	upstream			
えるめ	王城えるめ	人名	人名	人名	upstream			
ちちすりあむ	莉々栖りあむ	人名	人名	人名	upstream			
りあむ	莉々栖りあむ	人名	人名	人名	upstream			
くどうりんか	駆導リンカ	人名	人名	人名	upstream			
りんか	駆導リンカ	人名	人名	人名	upstream			
いろはにほへと	彩埴ほへと	人名	人名	人名	upstream			
ほへと	彩埴ほへと	人名	人名	人名	upstream			
きたぐにしむは	北国しむは	人名	人名	人名	upstream			
しむは	北国しむは	人名	人名	人名	upstream			
ひずるかづさ	緋弦かづさ	人名	人名	人名	upstream			
かづさ	緋弦かづさ	人名	人名	人名	upstream			
きさきてぃな	妃てぃな	人名	人名	人名	upstream			
てぃな	妃てぃな	人名	人名	人名	upstream			
ゆかぺるお	床ぺるお	人名	人名	人名	upstream			
ぺるお	床ぺるお	人名	人名	人名	upstream			
あまぎりりあん	雨霧リアン	人名	人名	人名	upstream			
りあん	雨霧リアン	人名	人名	人名	upstream			
くうそうだるま	空想達磨	人名	人名	人名	upstream			
だるま	空想達磨	人名	人名	人名	upstream			
かんばるてろ	神原てろ	人名	人名	人名	upstream			
てろ	神原てろ	人名	人名	人名	upstream			
みそのいのり	三尊いのり	人名	人名	人名	upstream			
いのり	三尊いのり	人名	人名	人名	upstream			
まどろみうと	微睡うと	人名	人名	人名	upstream			
うと	微睡うと	人名	人名	人名	upstream			
めあともえ	めあともえ	人名	人名	人名	upstream			
ともえ	めあともえ	人名	人名	人名	upstream			
くりむぞんれお	クリムゾンレオ	人名	人名	人名	upstream			
かさねあーまいん	花茶寧あーまいん	人名	人名	人名	upstream			
あーまいん	花茶寧あーまいん	人名	人名	人名	upstream			
あけみやゆずき	明宮柚月	人名	人名	人名	upstream			
ゆずき	明宮柚月	人名	人名	人名	upstream			
ひゃくやしろとり	百夜白鳥	人名	人名	人名	upstream			
しろとり	百夜白鳥	人名	人名	人名	upstream			
はねすみほかぜ	羽澄ほかぜ	人名	人名	人名	upstream			
ほかぜ	羽澄ほかぜ	人名	人名	人名	upstream			
かんばねおゆ	冠羽おゆ。	人名	人名	人名	upstream			
おゆ	冠羽おゆ。	人名	人名	人名	upstream			
しおんぴよ	栞鳳ぴよ	人名	人名	人名	upstream			
ぴよ	栞鳳ぴよ	人名	人名	人名	upstream			
こはる	こはる	人名	人名	人名	upstream			
じん	ジン	人名	人名	人名	upstream			
ひきこもりみはる	轢恋森ミハル	人名	人名	人名	upstream			
みはる	轢恋森ミハル	人名	人名	人名	upstream			
げぼくれい	げぼく隷	人名	人名	人名	upstream			
れい	げぼく隷	人名	人名	人名	upstream			
いなかおた	井中ヲタ	人名	人名	人名	upstream			
いなかをた	井中ヲタ	人名	人名	人名	upstream			
おた	井中ヲタ	人名	人名	人名	upstream			
をた	井中ヲタ	人名	人名	人名	upstream			
さいとうさりぃ	鎖鋳刀サリィ	人名	人名	人名	upstream			
さいとうさりい	鎖鋳刀サリィ	人名	人名	人名	upstream			
さりぃ	鎖鋳刀サリィ	人名	人名	人名	upstream			
さりい	鎖鋳刀サリィ	人名	人名	人名	upstream			
あおもりきゃべつ	碧守キャベツ	人名	人名	人名	upstream			
きゃべつ	碧守キャベツ	人名	人名	人名	upstream			
がんりゅうこじろう	岩流小次郎	人名	人名	人名	upstream			
こじろう	岩流小次郎	人名	人名	人名	upstream			
いえねこれん	居枝猫蓮	人名	人名	人名	upstream			
れん	居枝猫蓮	人名	人名	人名	upstream			
あすみいのり	明澄祈	人名	人名	人名	upstream			
いのり	明澄祈	人名	人名	人名	upstream			
はなむれほのめ	花牟礼ほのめ	人名	人名	人名	upstream			
ほのめ	花牟礼ほのめ	人名	人名	人名	upstream			
おねえのとおる	オネエのトオルちゃん	人名	人名	人名	upstream			
とおる	オネエのトオルちゃん	人名	人名	人名	upstream			
あおかまみや	蒼香まみや	人名	人名	人名	upstream			
まみや	蒼香まみや	人名	人名	人名	upstream			
こくおうめみ	国愛めみ	人名	人名	人名	upstream			
めみ	国愛めみ	人名	人名	人名	upstream			
あきちねこみけ	空地猫みけ	人名	人名	人名	upstream			
みけ	空地猫みけ	人名	人名	人名	upstream			
ふしぎばなな	不思議ばなな	人名	人名	人名	upstream			
ばなな	不思議ばなな	人名	人名	人名	upstream			
あきずきふらむ	秋月フラム	人名	人名	人名	upstream			
ふらむ	秋月フラム	人名	人名	人名	upstream			
すめらぎゆうま	皇ユウマ	人名	人名	人名	upstream			
ゆうま	皇ユウマ	人名	人名	人名	upstream			
ずんだあいり	豆打あいり	人名	人名	人名	upstream			
あいり	豆打あいり	人名	人名	人名	upstream			
すずもりあねす	鈴森アネス	人名	人名	人名	upstream			
あねす	鈴森アネス	人名	人名	人名	upstream			
じょうてんきはれ	上天気ハレ	人名	人名	人名	upstream			
はれ	上天気ハレ	人名	人名	人名	upstream			
まよいしずく	間宵雫	人名	人名	人名	upstream			
しずく	間宵雫	人名	人名	人名	upstream			
にいめめぐり	新居めぐり	人名	人名	人名	upstream			
めぐり	新居めぐり	人名	人名	人名	upstream			
にいめあかり	新居あかり	人名	人名	人名	upstream			
あかり	新居あかり	人名	人名	人名	upstream			
きさらぎやみ	如月やみ	人名	人名	人名	upstream			
やみ	如月やみ	人名	人名	人名	upstream			
よかりうる	夜狩うる	人名	人名	人名	upstream			
うる	夜狩うる	人名	人名	人名	upstream			
れんまこと	小狼	人名	人名	人名	upstream			
まこと	小狼	人名	人名	人名	upstream			
ねこまたせんり	猫又せんり	人名	人名	人名	upstream			
せんり	猫又せんり	人名	人名	人名	upstream			
しゃごぞう	しゃごぞう	人名	人名	人名	upstream			
はなのみやあやね	花ノ宮綾音	人名	人名	人名	upstream			
あやね	花ノ宮綾音	人名	人名	人名	upstream			
そのやしきてん	園屋敷てん	人名	人名	人名	upstream			
てん	園屋敷てん	人名	人名	人名	upstream			
くまのみ	クマの深	人名	人名	人名	upstream			
たかみやましゅ	高宮真珠	人名	人名	人名	upstream			
ましゅ	高宮真珠	人名	人名	人名	upstream			
れおぱーどしゅとらーせ	レオパード・シュトラーセ	人名	人名	人名	upstream			
れおぱーど	レオパード・シュトラーセ	人名	人名	人名	upstream			
えくれあととと	永久恋愛ととと	人名	人名	人名	upstream			
ととと	永久恋愛ととと	人名	人名	人名	upstream			
さとみやいち	里海やいち	人名	人名	人名	upstream			
やいち	里海やいち	人名	人名	人名	upstream			
げんせきじぇむ	幻石じぇむ	人名	人名	人名	upstream			
じぇむ	幻石じぇむ	人名	人名	人名	upstream			
はくねこのあ	白音このあ	人名	人名	人名	upstream			
このあ	白音このあ	人名	人名	人名	upstream			
いちのせなゆた	一ノ瀬なゆた	人名	人名	人名	upstream			
なゆた	一ノ瀬なゆた	人名	人名	人名	upstream			
たきがわななは	滝川七羽	人名	人名	人名	upstream			
ななは	滝川七羽	人名	人名	人名	upstream			
とれぞあ	トレゾア	人名	人名	人名	upstream			
ほりえありす	堀江ありす	人名	人名	人名	upstream			
ありす	堀江ありす	人名	人名	人名	upstream			
ともりまつり	友利まつり。	人名	人名	人名	upstream			
まつり	友利まつり。	人名	人名	人名	upstream			
しのみやるか	篠宮るか	人名	人名	人名	upstream			
るか	篠宮るか	人名	人名	人名	upstream			
ゆっけ	ゆっけ	人名	人名	人名	upstream			
びゃっこきゅう	白狐きゅう	人名	人名	人名	upstream			
きゅう	白狐きゅう	人名	人名	人名	upstream			
こいぞらあいら	恋空アイラ	人名	人名	人名	upstream			
あいら	恋空アイラ	人名	人名	人名	upstream			
いちのせあかり	一ノ瀬あかり	人名	人名	人名	upstream			
あかり	一ノ瀬あかり	人名	人名	人名	upstream			
ひゃっきやこう	百鬼夜行	人名	人名	人名	upstream			
うどんこぽんず	うどん粉ぽんず	人名	人名	人名	upstream			
ぽんず	うどん粉ぽんず	人名	人名	人名	upstream			
ゆあふぃりあちゃんねーりよんせい	ユアフィリア・チャンネーリⅣ世	人名	人名	人名	upstream			
ゆあふぃりあ	ユアフィリア・チャンネーリⅣ世	人名	人名	人名	upstream			
くろはしにしな	黒橋西菜	人名	人名	人名	upstream			
にしな	黒橋西菜	人名	人名	人名	upstream			
にびいろいぶし	鈍色いぶし	人名	人名	人名	upstream			
いぶし	鈍色いぶし	人名	人名	人名	upstream			
くおんのあ	玖遠のあ	人名	人名	人名	upstream			
のあ	玖遠のあ	人名	人名	人名	upstream			
はたのともひろ	幡野智宏	人名	人名	人名	upstream			
ともひろ	幡野智宏	人名	人名	人名	upstream			
かぐらみう	神楽みう	人名	人名	人名	upstream			
かんらみう	神楽みう	人名	人名	人名	upstream			
みう	神楽みう	人名	人名	人名	upstream			
あまはりこいし	天針こいし	人名	人名	人名	upstream			
こいし	天針こいし	人名	人名	人名	upstream			
くぎつねあお	九狐蒼	人名	人名	人名	upstream			
あお	九狐蒼	人名	人名	人名	upstream			
もりおおかみると	森狼ルト	人名	人名	人名	upstream			
ると	森狼ルト	人名	人名	人名	upstream			
おりべしき	織部シキ	人名	人名	人名	upstream			
しき	織部シキ	人名	人名	人名	upstream			
かねくらぎんじろう	金倉銀次郎	人名	人名	人名	upstream			
ぎんじろう	金倉銀次郎	人名	人名	人名	upstream			
こはなだふに	小花ダフ二	人名	人名	人名	upstream			
だふに	小花ダフ二	人名	人名	人名	upstream			
なるこみゆ	鳴子みゆ	人名	人名	人名	upstream			
みゆ	鳴子みゆ	人名	人名	人名	upstream			
どらやまとうげるりるら	竜山峠るりるら	人名	人名	人名	upstream			
るりるら	竜山峠るりるら	人名	人名	人名	upstream			
あいうぃよる	青ヰヨル	人名	人名	人名	upstream			
あおいよる	青ヰヨル	人名	人名	人名	upstream			
あおゐよる	青ヰヨル	人名	人名	人名	upstream			
よる	青ヰヨル	人名	人名	人名	upstream			
あんしゃふみ	安社不実｡	人名	人名	人名	upstream			
ふみ	安社不実｡	人名	人名	人名	upstream			
かざみてん	風見てん	人名	人名	人名	upstream			
てん	風見てん	人名	人名	人名	upstream			
すえっこかわい	末っ子かわい	人名	人名	人名	upstream			
かわい	末っ子かわい	人名	人名	人名	upstream			
うわずみべる	上澄べる	人名	人名	人名	upstream			
べる	上澄べる	人名	人名	人名	upstream			
あまのじゃくるな	天邪鬼ルナ	人名	人名	人名	upstream			
るな	天邪鬼ルナ	人名	人名	人名	upstream			
むらさきのだいとくじあかにゃ	紫野大徳寺あかにゃ	人名	人名	人名	upstream			
あかにゃ	紫野大徳寺あかにゃ	人名	人名	人名	upstream			
ならくもがら	鳴雲ガラ	人名	人名	人名	upstream			
がら	鳴雲ガラ	人名	人名	人名	upstream			
つきしたきさき	月下キサキ	人名	人名	人名	upstream			
きさき	月下キサキ	人名	人名	人名	upstream			
ちしろちせ	千代ちせ	人名	人名	人名	upstream			
ちせ	千代ちせ	人名	人名	人名	upstream			
みずのなの	水乃なの	人名	人名	人名	upstream			
なの	水乃なの	人名	人名	人名	upstream			
きすいのあきら	汽水乃アキラ	人名	人名	人名	upstream			
あきら	汽水乃アキラ	人名	人名	人名	upstream			
ぬるたいっぽ	塗田一帆	人名	人名	人名	upstream			
いっぽ	塗田一帆	人名	人名	人名	upstream			
ゆずりはうぃおみ	杠ゐお実	人名	人名	人名	upstream			
ゆずりはいおみ	杠ゐお実	人名	人名	人名	upstream			
ゆずりはゐおみ	杠ゐお実	人名	人名	人名	upstream			
うぃおみ	杠ゐお実	人名	人名	人名	upstream			
いおみ	杠ゐお実	人名	人名	人名	upstream			
ゐおみ	杠ゐお実	人名	人名	人名	upstream			
ゆめみめい	夢見めい	人名	人名	人名	upstream			
めい	夢見めい	人名	人名	人名	upstream			
こちやつばき	児稚耶つばき	人名	人名	人名	upstream			
つばき	児稚耶つばき	人名	人名	人名	upstream			
いすずきょう	五十鈴響	人名	人名	人名	upstream			
きょう	五十鈴響	人名	人名	人名	upstream			
こーぷすえこりす	コープス＝エコリス	人名	人名	人名	upstream			
こーぷす	コープス＝エコリス	人名	人名	人名	upstream			
きらら	きらら	人名	人名	人名	upstream			
おんみょうじよう	陰陽師陽	人名	人名	人名	upstream			
よう	陰陽師陽	人名	人名	人名	upstream			
いちはなあすたー	一花アスター	人名	人名	人名	upstream			
あすたー	一花アスター	人名	人名	人名	upstream			
しえんあるせ	紫煙アルセ	人名	人名	人名	upstream			
あるせ	紫煙アルセ	人名	人名	人名	upstream			
みやびや	みやびや	人名	人名	人名	upstream			
むじょうむじょ	無常むじょ	人名	人名	人名	upstream			
むじょ	無常むじょ	人名	人名	人名	upstream			
くろうもんじゅうろう	玄紋寿郎	人名	人名	人名	upstream			
もんじゅうろう	玄紋寿郎	人名	人名	人名	upstream			
ごごのごごご	午後野ゴゴゴ	人名	人名	人名	upstream			
ごごご	午後野ゴゴゴ	人名	人名	人名	upstream			
くるるぎくるる	枢木くるる	人名	人名	人名	upstream			
くるる	枢木くるる	人名	人名	人名	upstream			
かがやきひじり	輝聖	人名	人名	人名	upstream			
ひじり	輝聖	人名	人名	人名	upstream			
こみやゆず	狐宮ゆず	人名	人名	人名	upstream			
ゆず	狐宮ゆず	人名	人名	人名	upstream			
さとうりど	甘庶リド	人名	人名	人名	upstream			
りど	甘庶リド	人名	人名	人名	upstream			
もちむぎうめこ	もち麦梅子	人名	人名	人名	upstream			
うめこ	もち麦梅子	人名	人名	人名	upstream			
こひなたえだ	小日向えだ	人名	人名	人名	upstream			
えだ	小日向えだ	人名	人名	人名	upstream			
ほしたりん	星田りん	人名	人名	人名	upstream			
りん	星田りん	人名	人名	人名	upstream			
みしろまお	深白まお	人名	人名	人名	upstream			
まお	深白まお	人名	人名	人名	upstream			
よなきかすか	夜鳴かすか	人名	人名	人名	upstream			
かすか	夜鳴かすか	人名	人名	人名	upstream			
あかがみりと	赤神リト	人名	人名	人名	upstream			
りと	赤神リト	人名	人名	人名	upstream			
みかげゆら	御影ゆら	人名	人名	人名	upstream			
ゆら	御影ゆら	人名	人名	人名	upstream			
おとぎのゆがみ	御伽乃歪	人名	人名	人名	upstream			
ゆがみ	御伽乃歪	人名	人名	人名	upstream			
ひくいなぎさ	氷杙なぎさ	人名	人名	人名	upstream			
なぎさ	氷杙なぎさ	人名	人名	人名	upstream			
さくしてる	咲詩てる	人名	人名	人名	upstream			
てる	咲詩てる	人名	人名	人名	upstream			
ふようのえる	芙羊のえる	人名	人名	人名	upstream			
のえる	芙羊のえる	人名	人名	人名	upstream			
あやね	あや猫	人名	人名	人名	upstream			
すなみつみれ	須波つみれ	人名	人名	人名	upstream			
つみれ	須波つみれ	人名	人名	人名	upstream			
どうしたさとり	堂下さとり	人名	人名	人名	upstream			
さとり	堂下さとり	人名	人名	人名	upstream			
あきのいちょう	秋野イチョウ	人名	人名	人名	upstream			
いちょう	秋野イチョウ	人名	人名	人名	upstream			
ひざねれおんはると	緋真レオンハルト	人名	人名	人名	upstream			
れおんはると	緋真レオンハルト	人名	人名	人名	upstream			
れおん	緋真レオンハルト	人名	人名	人名	upstream			
あかぎりまがり	朱霧まがり	人名	人名	人名	upstream			
まがり	朱霧まがり	人名	人名	人名	upstream			
かねながまさきち	カネナガ正吉	人名	人名	人名	upstream			
まさきち	カネナガ正吉	人名	人名	人名	upstream			
ゆまちりこ	湯町りこ	人名	人名	人名	upstream			
りこ	湯町りこ	人名	人名	人名	upstream			
いおとねこ	伊音ねこ	人名	人名	人名	upstream			
ねこ	伊音ねこ	人名	人名	人名	upstream			
あおのらずり	碧乃ラズリ	人名	人名	人名	upstream			
らずり	碧乃ラズリ	人名	人名	人名	upstream			
かいざきしょうこ	怪崎ショウ子	人名	人名	人名	upstream			
しょうこ	怪崎ショウ子	人名	人名	人名	upstream			
ぐえすてぃーまんすぃ	グエス・T・マンスィ	人名	人名	人名	upstream			
ぐえすてぃーまんすい	グエス・T・マンスィ	人名	人名	人名	upstream			
ぐえす	グエス・T・マンスィ	人名	人名	人名	upstream			
ゆめるりらん	夢琉りらん	人名	人名	人名	upstream			
りらん	夢琉りらん	人名	人名	人名	upstream			
みなみまよ	美南まよ	人名	人名	人名	upstream			
まよ	美南まよ	人名	人名	人名	upstream			
るてんめると	琉天メルト	人名	人名	人名	upstream			
めると	琉天メルト	人名	人名	人名	upstream			
きさらぎゔぁん	如月ヴァン	人名	人名	人名	upstream			
ゔぁん	如月ヴァン	人名	人名	人名	upstream			
ばん	如月ヴァン	人名	人名	人名	upstream			
ななすじなとり	七條なとり	人名	人名	人名	upstream			
なとり	七條なとり	人名	人名	人名	upstream			
みそじねき	三十路ネキ	人名	人名	人名	upstream			
ねき	三十路ネキ	人名	人名	人名	upstream			
もりのくまのみ	森野くまのみ	人名	人名	人名	upstream			
くまのみ	森野くまのみ	人名	人名	人名	upstream			
はつひちつく	初陽ちつく	人名	人名	人名	upstream			
ちつく	初陽ちつく	人名	人名	人名	upstream			
なかだゆら	中田揺。	人名	人名	人名	upstream			
ゆら	中田揺。	人名	人名	人名	upstream			
かものねぎ	鴨野ねぎ	人名	人名	人名	upstream			
ねぎ	鴨野ねぎ	人名	人名	人名	upstream			
くらすめいと	久良栖メイト	人名	人名	人名	upstream			
めいと	久良栖メイト	人名	人名	人名	upstream			
しとうせんぱい	紫藤前輩	人名	人名	人名	upstream			
かすみなん	香澄なん	人名	人名	人名	upstream			
なん	香澄なん	人名	人名	人名	upstream			
ねぎりん	ねぎりん	人名	人名	人名	upstream			
ゆりずきゆうり	百合月ユウリ	人名	人名	人名	upstream			
ゆうり	百合月ユウリ	人名	人名	人名	upstream			
あませくう	天瀬くう	人名	人名	人名	upstream			
くう	天瀬くう	人名	人名	人名	upstream			
うさまるちょみ	兎円ちょみ	人名	人名	人名	upstream			
ちょみ	兎円ちょみ	人名	人名	人名	upstream			
かねこはと	カネコ鳩	人名	人名	人名	upstream			
はと	カネコ鳩	人名	人名	人名	upstream			
しいかあんぬ	紫陽花アンヌ	人名	人名	人名	upstream			
あんぬ	紫陽花アンヌ	人名	人名	人名	upstream			
あさほしりお	朝星リオ	人名	人名	人名	upstream			
りお	朝星リオ	人名	人名	人名	upstream			
ももかわきらたそ	桃川きらたそ	人名	人名	人名	upstream			
きらたそ	桃川きらたそ	人名	人名	人名	upstream			
しろさきくれあ	白沙姫クレア	人名	人名	人名	upstream			
くれあ	白沙姫クレア	人名	人名	人名	upstream			
おもてどおりぽこ	表通りぽこ	人名	人名	人名	upstream			
ぽこ	表通りぽこ	人名	人名	人名	upstream			
しろくましぇいく	白クマシェイク	人名	人名	人名	upstream			
しぇいく	白クマシェイク	人名	人名	人名	upstream			
じんどうおぼろ	刃堂朧	人名	人名	人名	upstream			
おぼろ	刃堂朧	人名	人名	人名	upstream			
ほしかわすてら	星川ステラ	人名	人名	人名	upstream			
すてら	星川ステラ	人名	人名	人名	upstream			
こにー	空霓	人名	人名	人名	upstream			
けんぴぽて	戌妃ぽて	人名	人名	人名	upstream			
ぽて	戌妃ぽて	人名	人名	人名	upstream			
なんよりゅうか	南予りゅうか	人名	人名	人名	upstream			
りゅうか	南予りゅうか	人名	人名	人名	upstream			
ふくだなお	福田ナオ	人名	人名	人名	upstream			
なお	福田ナオ	人名	人名	人名	upstream			
よもよもよも	四方夜もよも	人名	人名	人名	upstream			
もよも	四方夜もよも	人名	人名	人名	upstream			
かみしろたんて	神城たんて	人名	人名	人名	upstream			
たんて	神城たんて	人名	人名	人名	upstream			
やちよよる	八千代よる	人名	人名	人名	upstream			
よる	八千代よる	人名	人名	人名	upstream			
くろさきあむ	黒咲あむ。	人名	人名	人名	upstream			
あむ	黒咲あむ。	人名	人名	人名	upstream			
さなかまや	最仲摩耶	人名	人名	人名	upstream			
まや	最仲摩耶	人名	人名	人名	upstream			
わすれなきう	勿忘きう	人名	人名	人名	upstream			
きう	勿忘きう	人名	人名	人名	upstream			
ろくぼうせいすばる	六昴星スバル	人名	人名	人名	upstream			
すばる	六昴星スバル	人名	人名	人名	upstream			
あまがふちおろち	天が淵おろち	人名	人名	人名	upstream			
おろち	天が淵おろち	人名	人名	人名	upstream			
よるみべるの	夜見ベルノ	人名	人名	人名	upstream			
べるの	夜見ベルノ	人名	人名	人名	upstream			
くろとゆうみ	黒斗ゆうみ	人名	人名	人名	upstream			
ゆうみ	黒斗ゆうみ	人名	人名	人名	upstream			
しろくま	46熊	人名	人名	人名	upstream			
こきゅうとす	狐裘とす	人名	人名	人名	upstream			
とす	狐裘とす	人名	人名	人名	upstream			
みずたにあずみ	水谷あずみ	人名	人名	人名	upstream			
あずみ	水谷あずみ	人名	人名	人名	upstream			
ぽぴーあん	ポピー•アン	人名	人名	人名	upstream			
あん	ポピー•アン	人名	人名	人名	upstream			
このはみき	木乃葉ミキ	人名	人名	人名	upstream			
みき	木乃葉ミキ	人名	人名	人名	upstream			
かすがえり	春日エリ	人名	人名	人名	upstream			
えり	春日エリ	人名	人名	人名	upstream			
ほしのすみれ	星野スミレ	人名	人名	人名	upstream			
すみれ	星野スミレ	人名	人名	人名	upstream			
ななしちゅん	鳴無ちゅん	人名	人名	人名	upstream			
ちゅん	鳴無ちゅん	人名	人名	人名	upstream			
どうどうぐおちゃい	豆豆果柴	人名	人名	人名	upstream			
おにひめきき	鬼姫キキ	人名	人名	人名	upstream			
きき	鬼姫キキ	人名	人名	人名	upstream			
ひろころく	比呂ころく	人名	人名	人名	upstream			
ころく	比呂ころく	人名	人名	人名	upstream			
ゆきやなぎ	幽鬼夜なぎ	人名	人名	人名	upstream			
なぎ	幽鬼夜なぎ	人名	人名	人名	upstream			
ともたけかんな	朝武神奈	人名	人名	人名	upstream			
かんな	朝武神奈	人名	人名	人名	upstream			
あまがさかなめ	雨傘奏雨	人名	人名	人名	upstream			
かなめ	雨傘奏雨	人名	人名	人名	upstream			
さとうさん	砂糖さん	人名	人名	人名	upstream			
いなふ	伊那府	人名	人名	人名	upstream			
あんざいひじり	杏西ひじり	人名	人名	人名	upstream			
ひじり	杏西ひじり	人名	人名	人名	upstream			
さとうゆゆ	佐藤ゆゆ。	人名	人名	人名	upstream			
ゆゆ	佐藤ゆゆ。	人名	人名	人名	upstream			
まほうしょうじょしゅねー	魔法少女シュネー	人名	人名	人名	upstream			
しゅねー	魔法少女シュネー	人名	人名	人名	upstream			
ゆしろぴりか	熊白ぴりか	人名	人名	人名	upstream			
ぴりか	熊白ぴりか	人名	人名	人名	upstream			
あやつりいと	綾吊イト	人名	人名	人名	upstream			
いと	綾吊イト	人名	人名	人名	upstream			
ひいらぎはる	柊はる	人名	人名	人名	upstream			
はる	柊はる	人名	人名	人名	upstream			
まかまお	摩訶まお	人名	人名	人名	upstream			
まお	摩訶まお	人名	人名	人名	upstream			
ほしみやこあえる	星都あえる	人名	人名	人名	upstream			
あえる	星都あえる	人名	人名	人名	upstream			
こいとりゆ	恋音りゆ	人名	人名	人名	upstream			
りゆ	恋音りゆ	人名	人名	人名	upstream			
ほしろうる	星白ウル	人名	人名	人名	upstream			
うる	星白ウル	人名	人名	人名	upstream			
しだはらしょうこ	しだはらしょうこ	人名	人名	人名	upstream			
しょうこ	しだはらしょうこ	人名	人名	人名	upstream			
やわらかとうふ	柔歌とうふ	人名	人名	人名	upstream			
とうふ	柔歌とうふ	人名	人名	人名	upstream			
こんのゆに	紺野ゆに	人名	人名	人名	upstream			
ゆに	紺野ゆに	人名	人名	人名	upstream			
ゆきまるひお	雪丸ひお	人名	人名	人名	upstream			
ひお	雪丸ひお	人名	人名	人名	upstream			
くろせふたば	黒瀬ふたば	人名	人名	人名	upstream			
ふたば	黒瀬ふたば	人名	人名	人名	upstream			
きつねざきめい	狐崎冥	人名	人名	人名	upstream			
めい	狐崎冥	人名	人名	人名	upstream			
もりのなかこっこ	森ノ中こっこ	人名	人名	人名	upstream			
こっこ	森ノ中こっこ	人名	人名	人名	upstream			
ゆきひこおり	雪氷こおり	人名	人名	人名	upstream			
こおり	雪氷こおり	人名	人名	人名	upstream			
みつみね	三峯	人名	人名	人名	upstream			
ろくのたたみ	六乃たたみ	人名	人名	人名	upstream			
たたみ	六乃たたみ	人名	人名	人名	upstream			
かんじゃみつき	神蛇みつき	人名	人名	人名	upstream			
みつき	神蛇みつき	人名	人名	人名	upstream			
めいぷるかえで	メイプル楓	人名	人名	人名	upstream			
かえで	メイプル楓	人名	人名	人名	upstream			
くろこねこちーたー	黒仔猫チータ	人名	人名	人名	upstream			
ちーたー	黒仔猫チータ	人名	人名	人名	upstream			
ももせあそぶ	百世アソブ	人名	人名	人名	upstream			
あそぶ	百世アソブ	人名	人名	人名	upstream			
たいからくり	紿綶ラクリ	人名	人名	人名	upstream			
らくり	紿綶ラクリ	人名	人名	人名	upstream			
しらくもしぐ	白雲シグ	人名	人名	人名	upstream			
しぐ	白雲シグ	人名	人名	人名	upstream			
ななせちゆ	七星チユ	人名	人名	人名	upstream			
ちゆ	七星チユ	人名	人名	人名	upstream			
あかつきれん	暁れん	人名	人名	人名	upstream			
れん	暁れん	人名	人名	人名	upstream			
あまつきいな	暁天イナ	人名	人名	人名	upstream			
いな	暁天イナ	人名	人名	人名	upstream			
ひめぎみあいこ	愛子姫君	人名	人名	人名	upstream			
あいこ	愛子姫君	人名	人名	人名	upstream			
とうかわなな	透川ナナ	人名	人名	人名	upstream			
なな	透川ナナ	人名	人名	人名	upstream			
ゆめのむぅこ	夢乃むぅこ	人名	人名	人名	upstream			
むぅこ	夢乃むぅこ	人名	人名	人名	upstream			
むうこ	夢乃むぅこ	人名	人名	人名	upstream			
ろうなしょこら	狼奈ショコラ	人名	人名	人名	upstream			
しょこら	狼奈ショコラ	人名	人名	人名	upstream			
かみなべべ	上那べべ	人名	人名	人名	upstream			
べべ	上那べべ	人名	人名	人名	upstream			
りんどうるし	林檸るし	人名	人名	人名	upstream			
るし	林檸るし	人名	人名	人名	upstream			
あすくすーりえる	アスク・スーリエル	人名	人名	人名	upstream			
あすく	アスク・スーリエル	人名	人名	人名	upstream			
まちやらて	町屋らて	人名	人名	人名	upstream			
らて	町屋らて	人名	人名	人名	upstream			
じごくだにくまち	地獄谷くまち	人名	人名	人名	upstream			
くまち	地獄谷くまち	人名	人名	人名	upstream			
ひやみりお	氷見りお	人名	人名	人名	upstream			
りお	氷見りお	人名	人名	人名	upstream			
なでこ	なでこ	人名	人名	人名	upstream			
うごかないせきぞう	動かない石像	人名	人名	人名	upstream			
あかねあおも	朱音あおも	人名	人名	人名	upstream			
あおも	朱音あおも	人名	人名	人名	upstream			
しとうめる	紫桃める	人名	人名	人名	upstream			
める	紫桃める	人名	人名	人名	upstream			
まっちゃねう	抹茶ねう	人名	人名	人名	upstream			
ねう	抹茶ねう	人名	人名	人名	upstream			
いたりんっ	いたりんっ	人名	人名	人名	upstream			
せんけついあ	鮮血いあ	人名	人名	人名	upstream			
いあ	鮮血いあ	人名	人名	人名	upstream			
きびだんご	鬼備ダンゴ	人名	人名	人名	upstream			
だんご	鬼備ダンゴ	人名	人名	人名	upstream			
うづきつかさ	兎月つかさ	人名	人名	人名	upstream			
つかさ	兎月つかさ	人名	人名	人名	upstream			
てんまゆらふ	天魔ゆらふ	人名	人名	人名	upstream			
ゆらふ	天魔ゆらふ	人名	人名	人名	upstream			
いつきすばる	斎昴	人名	人名	人名	upstream			
すばる	斎昴	人名	人名	人名	upstream			
はるせすぴ	春瀬すぴ	人名	人名	人名	upstream			
すぴ	春瀬すぴ	人名	人名	人名	upstream			
あいがめぷでぃ	藍瓶ぷでぃ	人名	人名	人名	upstream			
ぷでぃ	藍瓶ぷでぃ	人名	人名	人名	upstream			
うゆれぷすうゆ	兎結-Lepus-うゆ	人名	人名	人名	upstream			
うゆ	兎結-Lepus-うゆ	人名	人名	人名	upstream			
ねこまためいど	猫又めいど	人名	人名	人名	upstream			
めいど	猫又めいど	人名	人名	人名	upstream			
りこち	りこち	人名	人名	人名	upstream			
やそがみまりあ	八十神マリア	人名	人名	人名	upstream			
まりあ	八十神マリア	人名	人名	人名	upstream			
ふたばななせ	双葉ななせ	人名	人名	人名	upstream			
ななせ	双葉ななせ	人名	人名	人名	upstream			
なぎさるい	凪佐ルイ	人名	人名	人名	upstream			
るい	凪佐ルイ	人名	人名	人名	upstream			
はいろうるあ	吠狼ルア	人名	人名	人名	upstream			
るあ	吠狼ルア	人名	人名	人名	upstream			
ひのばひのめ	火羽ひのめ	人名	人名	人名	upstream			
ひのめ	火羽ひのめ	人名	人名	人名	upstream			
あまはぽち	天葉ぽち	人名	人名	人名	upstream			
ぽち	天葉ぽち	人名	人名	人名	upstream			
ななせくのえ	七彩クノエ	人名	人名	人名	upstream			
くのえ	七彩クノエ	人名	人名	人名	upstream			
うさきちさ	卯咲ちさ	人名	人名	人名	upstream			
ちさ	卯咲ちさ	人名	人名	人名	upstream			
くろめみるく	黒苺みるく	人名	人名	人名	upstream			
みるく	黒苺みるく	人名	人名	人名	upstream			
もえぎゆいん	萌葱ゆいん	人名	人名	人名	upstream			
ゆいん	萌葱ゆいん	人名	人名	人名	upstream			
いのうえゆきた	井上ゆきた。	人名	人名	人名	upstream			
ゆきた	井上ゆきた。	人名	人名	人名	upstream			
みなもかいな	海萌かいな	人名	人名	人名	upstream			
かいな	海萌かいな	人名	人名	人名	upstream			
まんげきょうかのん	万華鏡かのん	人名	人名	人名	upstream			
かのん	万華鏡かのん	人名	人名	人名	upstream			
はくまいにぎる	白苺にぎる	人名	人名	人名	upstream			
にぎる	白苺にぎる	人名	人名	人名	upstream			
しうんなぎさ	紫雲渚	人名	人名	人名	upstream			
なぎさ	紫雲渚	人名	人名	人名	upstream			
ねこざねこひる	猫実こひる	人名	人名	人名	upstream			
こひる	猫実こひる	人名	人名	人名	upstream			
はらんゔぉご	波蘭ヴォゴ	人名	人名	人名	upstream			
ゔぉご	波蘭ヴォゴ	人名	人名	人名	upstream			
ととまいっか	ととま一花	人名	人名	人名	upstream			
いっか	ととま一花	人名	人名	人名	upstream			
おーうぇんあやめひなぎくあくいれぎあ	オーウェン・菖蒲雛菊・アクイレギア	人名	人名	人名	upstream			
おーうぇん	オーウェン・菖蒲雛菊・アクイレギア	人名	人名	人名	upstream			
とらくろくめづ	虎黒くめづ	人名	人名	人名	upstream			
くめづ	虎黒くめづ	人名	人名	人名	upstream			
かんざきさき	甘崎サキ	人名	人名	人名	upstream			
さき	甘崎サキ	人名	人名	人名	upstream			
あつあげひやや	厚揚ひやや	人名	人名	人名	upstream			
ひやや	厚揚ひやや	人名	人名	人名	upstream			
すいねちこ	翠音ちこ	人名	人名	人名	upstream			
ちこ	翠音ちこ	人名	人名	人名	upstream			
くろはねしろま	黒羽しろま	人名	人名	人名	upstream			
しろま	黒羽しろま	人名	人名	人名	upstream			
しとうぜるか	熾套ゼルカ	人名	人名	人名	upstream			
ぜるか	熾套ゼルカ	人名	人名	人名	upstream			
ねこしまのら	貓島ノラ	人名	人名	人名	upstream			
のら	貓島ノラ	人名	人名	人名	upstream			
くもそとかがみ	雲外鏡	人名	人名	人名	upstream			
かがみ	雲外鏡	人名	人名	人名	upstream			
ひとみりんご	ヒトミリンゴ	人名	人名	人名	upstream			
りんご	ヒトミリンゴ	人名	人名	人名	upstream			
なずまたむね	無不マタムネ	人名	人名	人名	upstream			
またむね	無不マタムネ	人名	人名	人名	upstream			
あうたしゅが	逢歌シュガ	人名	人名	人名	upstream			
しゅが	逢歌シュガ	人名	人名	人名	upstream			
つくよみさき	月詠サキ	人名	人名	人名	upstream			
さき	月詠サキ	人名	人名	人名	upstream			
いりすなな	入洲ナナ	人名	人名	人名	upstream			
なな	入洲ナナ	人名	人名	人名	upstream			
かしみやめい	花糸宮芽依	人名	人名	人名	upstream			
めい	花糸宮芽依	人名	人名	人名	upstream			
にしみやふさぎ	西宮フサギ	人名	人名	人名	upstream			
ふさぎ	西宮フサギ	人名	人名	人名	upstream			
きさらちろ	橒良チロ	人名	人名	人名	upstream			
ちろ	橒良チロ	人名	人名	人名	upstream			
なるせねむ	鳴瀬ねむ	人名	人名	人名	upstream			
ねむ	鳴瀬ねむ	人名	人名	人名	upstream			
つのだてとと	角盾トト	人名	人名	人名	upstream			
とと	角盾トト	人名	人名	人名	upstream			
ましろでぼあ	熊白デボア	人名	人名	人名	upstream			
でぼあ	熊白デボア	人名	人名	人名	upstream			
ほしいろゆな	星綺ゆな	人名	人名	人名	upstream			
ゆな	星綺ゆな	人名	人名	人名	upstream			
ひりゅういく	飛龍いく	人名	人名	人名	upstream			
いく	飛龍いく	人名	人名	人名	upstream			
くろまめ	くろまめ	人名	人名	人名	upstream			
うたげだしゅろ	宴酡朱楼	人名	人名	人名	upstream			
しゅろ	宴酡朱楼	人名	人名	人名	upstream			
ひさかきみり	姫榊みり	人名	人名	人名	upstream			
みり	姫榊みり	人名	人名	人名	upstream			
ぬかるみろっと	泥濘ロット	人名	人名	人名	upstream			
ろっと	泥濘ロット	人名	人名	人名	upstream			
ごーるでんがちごりら	ゴールデン☆ガチゴリラ	人名	人名	人名	upstream			
ごがご	ゴールデン☆ガチゴリラ	人名	人名	人名	upstream			
うめぞめたぬき	梅染たぬき	人名	人名	人名	upstream			
たぬき	梅染たぬき	人名	人名	人名	upstream			
えれみえるえふふぇりすのーゔぇ	エレミエル・F・フェリスノーヴェ	人名	人名	人名	upstream			
えれみえる	エレミエル・F・フェリスノーヴェ	人名	人名	人名	upstream			
おおあざらしお	大字らしお	人名	人名	人名	upstream			
らしお	大字らしお	人名	人名	人名	upstream			
さいがわお	才賀ワオ	人名	人名	人名	upstream			
わお	才賀ワオ	人名	人名	人名	upstream			
ほしなせい	星科静	人名	人名	人名	upstream			
せい	星科静	人名	人名	人名	upstream			
ゆうきりま	神月リマ	人名	人名	人名	upstream			
りま	神月リマ	人名	人名	人名	upstream			
よいみやつきは	宵宮つきは	人名	人名	人名	upstream			
つきは	宵宮つきは	人名	人名	人名	upstream			
せらよう	瀬良よう	人名	人名	人名	upstream			
よう	瀬良よう	人名	人名	人名	upstream			
しらいたま	白井たま	人名	人名	人名	upstream			
たま	白井たま	人名	人名	人名	upstream			
いぬみやうり	戌宮うり	人名	人名	人名	upstream			
うり	戌宮うり	人名	人名	人名	upstream			
おにわもの	鬼庭モノ	人名	人名	人名	upstream			
もの	鬼庭モノ	人名	人名	人名	upstream			
あまかわばんざい	天川ばんざい	人名	人名	人名	upstream			
ばんざい	天川ばんざい	人名	人名	人名	upstream			
めじろやえ	芽白やえ	人名	人名	人名	upstream			
やえ	芽白やえ	人名	人名	人名	upstream			
よまわりあんと	夜廻あんと	人名	人名	人名	upstream			
あんと	夜廻あんと	人名	人名	人名	upstream			
あさいねむ	浅井音紫	人名	人名	人名	upstream			
ねむ	浅井音紫	人名	人名	人名	upstream			
せと	セト	人名	人名	人名	upstream			
うたげだしゅろ	朱	人名	人名	人名	upstream			
しゅろ	朱	人名	人名	人名	upstream			
らいりーらいりー	ライリーライリー	人名	人名	人名	upstream			
みやおみおたろう	宮尾みおたろう	人名	人名	人名	upstream			
みおたろう	宮尾みおたろう	人名	人名	人名	upstream			
うささきめる	宇佐咲める	人名	人名	人名	upstream			
める	宇佐咲める	人名	人名	人名	upstream			
さいぜんかんり	祭前完理	人名	人名	人名	upstream			
かんり	祭前完理	人名	人名	人名	upstream			
くまがりいお	熊狩いお	人名	人名	人名	upstream			
いお	熊狩いお	人名	人名	人名	upstream			
おんどるぅ	音頭・ルゥ	人名	人名	人名	upstream			
おんどるう	音頭・ルゥ	人名	人名	人名	upstream			
るぅ	音頭・ルゥ	人名	人名	人名	upstream			
るう	音頭・ルゥ	人名	人名	人名	upstream			
こくふうゆき	黒楓ユキ	人名	人名	人名	upstream			
ゆき	黒楓ユキ	人名	人名	人名	upstream			
ももいいちご	桃井いちご	人名	人名	人名	upstream			
いちご	桃井いちご	人名	人名	人名	upstream			
そよかぜみらい	そよかぜみらい	人名	人名	人名	upstream			
みらい	そよかぜみらい	人名	人名	人名	upstream			
ののはらまどか	野々原まどか	人名	人名	人名	upstream			
まどか	野々原まどか	人名	人名	人名	upstream			
こまぬうぃわふ	狛ヌヰわふ	人名	人名	人名	upstream			
こまぬいわふ	狛ヌヰわふ	人名	人名	人名	upstream			
こまぬゐわふ	狛ヌヰわふ	人名	人名	人名	upstream			
わふ	狛ヌヰわふ	人名	人名	人名	upstream			
ひすい	氷彗	人名	人名	人名	upstream			
あいばらりい	愛薔薇りい	人名	人名	人名	upstream			
りい	愛薔薇りい	人名	人名	人名	upstream			
ねこのかみかれん	猫ノ神歌恋	人名	人名	人名	upstream			
かれん	猫ノ神歌恋	人名	人名	人名	upstream			
ねこのかみかや	猫ノ神歌焚	人名	人名	人名	upstream			
かや	猫ノ神歌焚	人名	人名	人名	upstream			
とらしろねあ	虎白ネア	人名	人名	人名	upstream			
ねあ	虎白ネア	人名	人名	人名	upstream			
かなぎまな	花凪まな	人名	人名	人名	upstream			
まな	花凪まな	人名	人名	人名	upstream			
かなきねこな	花鳴ねこな	人名	人名	人名	upstream			
ねこな	花鳴ねこな	人名	人名	人名	upstream			
まだらゆきがぶお	斑雪がぶお	人名	人名	人名	upstream			
がぶお	斑雪がぶお	人名	人名	人名	upstream			
みならいまお	見習マオ	人名	人名	人名	upstream			
まお	見習マオ	人名	人名	人名	upstream			
はがねしろがね	刃金しろがね	人名	人名	人名	upstream			
しろがね	刃金しろがね	人名	人名	人名	upstream			
ふくぶちょー	ふくぶちょー	人名	人名	人名	upstream			
かすかいこい	幽花いこい	人名	人名	人名	upstream			
いこい	幽花いこい	人名	人名	人名	upstream			
あかつきあめ	朱月あめ	人名	人名	人名	upstream			
あめ	朱月あめ	人名	人名	人名	upstream			
ひいらぎりりぃ	柊りりぃ	人名	人名	人名	upstream			
ひいらぎりりい	柊りりぃ	人名	人名	人名	upstream			
りりぃ	柊りりぃ	人名	人名	人名	upstream			
りりい	柊りりぃ	人名	人名	人名	upstream			
いがらしじゃがーのーと	五十嵐ジャガーノート	人名	人名	人名	upstream			
じゃがーのーと	五十嵐ジャガーノート	人名	人名	人名	upstream			
きのみやれい	來宮零	人名	人名	人名	upstream			
れい	來宮零	人名	人名	人名	upstream			
せつなじーく	雪那ジーク	人名	人名	人名	upstream			
じーく	雪那ジーク	人名	人名	人名	upstream			
まんもすー	マンモ・スー	人名	人名	人名	upstream			
すー	マンモ・スー	人名	人名	人名	upstream			
あめのひしずく	雨ノ日しずく	人名	人名	人名	upstream			
しずく	雨ノ日しずく	人名	人名	人名	upstream			
ちえちえ	蜜番茄	人名	人名	人名	upstream			
ひとりみけい	火鳥見煢	人名	人名	人名	upstream			
けい	火鳥見煢	人名	人名	人名	upstream			
すずめちる	鈴芽チル	人名	人名	人名	upstream			
ちる	鈴芽チル	人名	人名	人名	upstream			
みるふぃ	みるふぃ	人名	人名	人名	upstream			
ことぶきもくじ	言吹もくじ	人名	人名	人名	upstream			
もくじ	言吹もくじ	人名	人名	人名	upstream			
すずむらうづき	鈴村うづき	人名	人名	人名	upstream			
うづき	鈴村うづき	人名	人名	人名	upstream			
うしろいつか	有城いつか	人名	人名	人名	upstream			
いつか	有城いつか	人名	人名	人名	upstream			
うちは	室内巴	人名	人名	人名	upstream			
むろ	室内巴	人名	人名	人名	upstream			
あわゆきえる	沫幸える	人名	人名	人名	upstream			
える	沫幸える	人名	人名	人名	upstream			
くろうぃひじり	黒ヰ聖	人名	人名	人名	upstream			
くろいひじり	黒ヰ聖	人名	人名	人名	upstream			
くろゐひじり	黒ヰ聖	人名	人名	人名	upstream			
ひじり	黒ヰ聖	人名	人名	人名	upstream			
でゅえるあかでみあすうがくか	デュエルアカデミア数学科	人名	人名	人名	upstream			
でゅえあか	デュエルアカデミア数学科	人名	人名	人名	upstream			
はくあてち	白愛てち	人名	人名	人名	upstream			
てち	白愛てち	人名	人名	人名	upstream			
なつかないのら	夏香内のら	人名	人名	人名	upstream			
のら	夏香内のら	人名	人名	人名	upstream			
なせあんず	名瀬杏	人名	人名	人名	upstream			
あんず	名瀬杏	人名	人名	人名	upstream			
めたるか	メタるか	人名	人名	人名	upstream			
ほしぞらつばさ	星空ツバサ	人名	人名	人名	upstream			
つばさ	星空ツバサ	人名	人名	人名	upstream			
はつゆきまそろ	初雪まそろ	人名	人名	人名	upstream			
まそろ	初雪まそろ	人名	人名	人名	upstream			
ゆめみやねむり	夢宮ねむり。	人名	人名	人名	upstream			
ねむり	夢宮ねむり。	人名	人名	人名	upstream			
わたりわこ	渡わこ	人名	人名	人名	upstream			
わこ	渡わこ	人名	人名	人名	upstream			
みりあばーとりー	ミリア・バートリー	人名	人名	人名	upstream			
みりあ	ミリア・バートリー	人名	人名	人名	upstream			
みなせななぎ	湊暒ななぎ	人名	人名	人名	upstream			
ななぎ	湊暒ななぎ	人名	人名	人名	upstream			
どんたこ	首領たこ	人名	人名	人名	upstream			
たこ	首領たこ	人名	人名	人名	upstream			
はなまるそーすけ	花丸ソースケ	人名	人名	人名	upstream			
そうすけ	花丸ソースケ	人名	人名	人名	upstream			
そーすけ	花丸ソースケ	人名	人名	人名	upstream			
くろうかずと	黒烏一十	人名	人名	人名	upstream			
かずと	黒烏一十	人名	人名	人名	upstream			
まぼろしののあ	幻ノノア	人名	人名	人名	upstream			
ののあ	幻ノノア	人名	人名	人名	upstream			
あまねさくや	天音朔夜	人名	人名	人名	upstream			
さくや	天音朔夜	人名	人名	人名	upstream			
なつぎんじ	夏銀次	人名	人名	人名	upstream			
ぎんじ	夏銀次	人名	人名	人名	upstream			
おおとりあすみ	凰アスミ	人名	人名	人名	upstream			
あすみ	凰アスミ	人名	人名	人名	upstream			
あまいぬあまな	甘犬あまな	人名	人名	人名	upstream			
あまな	甘犬あまな	人名	人名	人名	upstream			
ゆうかみふり	遊過未フリ	人名	人名	人名	upstream			
ふり	遊過未フリ	人名	人名	人名	upstream			
ちのあめかがり	血の雨篝	人名	人名	人名	upstream			
かがり	血の雨篝	人名	人名	人名	upstream			
まくらぎらくま	枕木らくま	人名	人名	人名	upstream			
らくま	枕木らくま	人名	人名	人名	upstream			
かぜまちぴりか	風街ピリカ	人名	人名	人名	upstream			
ぴりか	風街ピリカ	人名	人名	人名	upstream			
しいのせら	椎野せら	人名	人名	人名	upstream			
せら	椎野せら	人名	人名	人名	upstream			
かんだゆめ	甘田ゆめ	人名	人名	人名	upstream			
ゆめ	甘田ゆめ	人名	人名	人名	upstream			
なつなぎきぎ	夏凪きぎ	人名	人名	人名	upstream			
きぎ	夏凪きぎ	人名	人名	人名	upstream			
とのうるる	唱羽ルル	人名	人名	人名	upstream			
るる	唱羽ルル	人名	人名	人名	upstream			
くるとくゅう	來叶くゅう	人名	人名	人名	upstream			
くるとくゆう	來叶くゅう	人名	人名	人名	upstream			
くゅう	來叶くゅう	人名	人名	人名	upstream			
くゆう	來叶くゅう	人名	人名	人名	upstream			
よりみつりりあ	依光リリア	人名	人名	人名	upstream			
りりあ	依光リリア	人名	人名	人名	upstream			
しもつきひそら	霜月氷空	人名	人名	人名	upstream			
ひそら	霜月氷空	人名	人名	人名	upstream			
みとりかわひまり	水鳥川ひまり	人名	人名	人名	upstream			
ひまり	水鳥川ひまり	人名	人名	人名	upstream			
つづりのーと	綴のーと	人名	人名	人名	upstream			
のーと	綴のーと	人名	人名	人名	upstream			
あおなぎしの	碧凪しの	人名	人名	人名	upstream			
しの	碧凪しの	人名	人名	人名	upstream			
はくいまうぃ	白井まゐ	人名	人名	人名	upstream			
はくいまい	白井まゐ	人名	人名	人名	upstream			
はくいまゐ	白井まゐ	人名	人名	人名	upstream			
まうぃ	白井まゐ	人名	人名	人名	upstream			
まい	白井まゐ	人名	人名	人名	upstream			
まゐ	白井まゐ	人名	人名	人名	upstream			
まぐもろろえ	舞雲ロロエ	人名	人名	人名	upstream			
ろろえ	舞雲ロロエ	人名	人名	人名	upstream			
ちさきちさ	千咲ちさ	人名	人名	人名	upstream			
ちさ	千咲ちさ	人名	人名	人名	upstream			
からくさりーふ	唐草リーフ	人名	人名	人名	upstream			
りーふ	唐草リーフ	人名	人名	人名	upstream			
おおぎまちぜらす	正親町ぜらす	人名	人名	人名	upstream			
ぜらす	正親町ぜらす	人名	人名	人名	upstream			
ひよみのとりひのと	酉丁	人名	人名	人名	upstream			
ひのと	酉丁	人名	人名	人名	upstream			
にこみしぐれ	弐古見しぐれ	人名	人名	人名	upstream			
しぐれ	弐古見しぐれ	人名	人名	人名	upstream			
かぎとすゆ	鍵透すゆ	人名	人名	人名	upstream			
すゆ	鍵透すゆ	人名	人名	人名	upstream			
もとこま	モトコマ	人名	人名	人名	upstream			
つなぎいろ	紲凪いろ	人名	人名	人名	upstream			
いろ	紲凪いろ	人名	人名	人名	upstream			
さとうあめ	佐糖アメ	人名	人名	人名	upstream			
あめ	佐糖アメ	人名	人名	人名	upstream			
さくらのみやぴあの	桜ノ宮ぴあの	人名	人名	人名	upstream			
ぴあの	桜ノ宮ぴあの	人名	人名	人名	upstream			
えくうみれあ	江空ミレア	人名	人名	人名	upstream			
みれあ	江空ミレア	人名	人名	人名	upstream			
くろもりゆうな	黒森ゆうな	人名	人名	人名	upstream			
ゆうな	黒森ゆうな	人名	人名	人名	upstream			
ゆめきゆめこ	梦岐ゆめこ	人名	人名	人名	upstream			
ゆめこ	梦岐ゆめこ	人名	人名	人名	upstream			
もりーにゃ	モリーニャ	人名	人名	人名	upstream			
やくしらくと	薬師ラクト	人名	人名	人名	upstream			
らくと	薬師ラクト	人名	人名	人名	upstream			
たかのせりん	高ノ瀬凛	人名	人名	人名	upstream			
りん	高ノ瀬凛	人名	人名	人名	upstream			
にきけん	仁城ケン	人名	人名	人名	upstream			
けん	仁城ケン	人名	人名	人名	upstream			
いちのなばな	市乃菜花	人名	人名	人名	upstream			
なばな	市乃菜花	人名	人名	人名	upstream			
みやもとうぉるす	宮本ウォルス	人名	人名	人名	upstream			
うぉるす	宮本ウォルス	人名	人名	人名	upstream			
うみほしかるめ	海星かるめ	人名	人名	人名	upstream			
かるめ	海星かるめ	人名	人名	人名	upstream			
あまいらえる	天衣ラエル	人名	人名	人名	upstream			
らえる	天衣ラエル	人名	人名	人名	upstream			
ゆめみるな	夢眠るな	人名	人名	人名	upstream			
くにしろまもる	國城護	人名	人名	人名	upstream			
まもる	國城護	人名	人名	人名	upstream			
ままれうぃど	魔々れゐど	人名	人名	人名	upstream			
ままれいど	魔々れゐど	人名	人名	人名	upstream			
ままれゐど	魔々れゐど	人名	人名	人名	upstream			
うぃど	魔々れゐど	人名	人名	人名	upstream			
れいど	魔々れゐど	人名	人名	人名	upstream			
れゐど	魔々れゐど	人名	人名	人名	upstream			
でびるすたーしんり	魔星しんり	人名	人名	人名	upstream			
しんり	魔星しんり	人名	人名	人名	upstream			
つきみやめあ	月宮メア	人名	人名	人名	upstream			
めあ	月宮メア	人名	人名	人名	upstream			
しろゆみなぎ	代弓七葵	人名	人名	人名	upstream			
なぎ	代弓七葵	人名	人名	人名	upstream			
たましろもち	珠白もち	人名	人名	人名	upstream			
もち	珠白もち	人名	人名	人名	upstream			
しずくどう	雫洞	人名	人名	人名	upstream			
もりのくま	森乃くま	人名	人名	人名	upstream			
くま	森乃くま	人名	人名	人名	upstream			
みやまみつめ	海山みつめ	人名	人名	人名	upstream			
みつめ	海山みつめ	人名	人名	人名	upstream			
あまぎりなめこ	雨霧なめこ	人名	人名	人名	upstream			
なめこ	雨霧なめこ	人名	人名	人名	upstream			
ゆめかなどら	夢叶どら	人名	人名	人名	upstream			
どら	夢叶どら	人名	人名	人名	upstream			
ぬばたまうぬ	射干玉ウヌ	人名	人名	人名	upstream			
うぬ	射干玉ウヌ	人名	人名	人名	upstream			
ししおうがるる	獅子王がるる	人名	人名	人名	upstream			
がるる	獅子王がるる	人名	人名	人名	upstream			
ほしのくず	星乃くず	人名	人名	人名	upstream			
くず	星乃くず	人名	人名	人名	upstream			
しんれいしう	森玲しう	人名	人名	人名	upstream			
しう	森玲しう	人名	人名	人名	upstream			
つくよみみと	月詠みと	人名	人名	人名	upstream			
みと	月詠みと	人名	人名	人名	upstream			
しばねころず	柴寝子ろず	人名	人名	人名	upstream			
ろず	柴寝子ろず	人名	人名	人名	upstream			
きみのこっくり	キミノ狐狗狸	人名	人名	人名	upstream			
こっくり	キミノ狐狗狸	人名	人名	人名	upstream			
すいまのむぅ	睡魔のむぅ。	人名	人名	人名	upstream			
すいまのむう	睡魔のむぅ。	人名	人名	人名	upstream			
むぅ	睡魔のむぅ。	人名	人名	人名	upstream			
むう	睡魔のむぅ。	人名	人名	人名	upstream			
ほしぞらかりん	星空カリン	人名	人名	人名	upstream			
かりん	星空カリン	人名	人名	人名	upstream			
あいのえりぃ	逢乃エリィ	人名	人名	人名	upstream			
あいのえりい	逢乃エリィ	人名	人名	人名	upstream			
えりぃ	逢乃エリィ	人名	人名	人名	upstream			
えりい	逢乃エリィ	人名	人名	人名	upstream			
だいてんしえる	大天使える	人名	人名	人名	upstream			
える	大天使える	人名	人名	人名	upstream			
あいせおふぃりあ	藍瀬おふぃりあ	人名	人名	人名	upstream			
おふぃりあ	藍瀬おふぃりあ	人名	人名	人名	upstream			
そうげつとあ	奏月とあ	人名	人名	人名	upstream			
とあ	奏月とあ	人名	人名	人名	upstream			
ばんりなお	絆吏なお	人名	人名	人名	upstream			
なお	絆吏なお	人名	人名	人名	upstream			
るか	狗兒	人名	人名	人名	upstream			
わんころもち	戌衣もち	人名	人名	人名	upstream			
もち	戌衣もち	人名	人名	人名	upstream			
はなまる	花丸	人名	人名	人名	upstream			
せいかりせ	星華りせ	人名	人名	人名	upstream			
りせ	星華りせ	人名	人名	人名	upstream			
はなかごもあ	花籠モア	人名	人名	人名	upstream			
もあ	花籠モア	人名	人名	人名	upstream			
ゆうひなみやる	幽雛みやる	人名	人名	人名	upstream			
みやる	幽雛みやる	人名	人名	人名	upstream			
にのみやさい	二之宮サイ	人名	人名	人名	upstream			
さい	二之宮サイ	人名	人名	人名	upstream			
つばき	水樹椿	人名	人名	人名	upstream			
かなやなら	鹿菜屋なら	人名	人名	人名	upstream			
なら	鹿菜屋なら	人名	人名	人名	upstream			
ましかおけまる	丸鹿おけまる	人名	人名	人名	upstream			
おけまる	丸鹿おけまる	人名	人名	人名	upstream			
ほうりいはぜる	鳳梨はぜる	人名	人名	人名	upstream			
ほーりーはぜる	鳳梨はぜる	人名	人名	人名	upstream			
ほうりはぜる	鳳梨はぜる	人名	人名	人名	upstream			
はぜる	鳳梨はぜる	人名	人名	人名	upstream			
ぽちやまぽちたろう	ぽち山ぽち太郎	人名	人名	人名	upstream			
ぽちたろう	ぽち山ぽち太郎	人名	人名	人名	upstream			
みあけやかな	三明夜奏	人名	人名	人名	upstream			
やかな	三明夜奏	人名	人名	人名	upstream			
やしろるな	夜城るな	人名	人名	人名	upstream			
るな	夜城るな	人名	人名	人名	upstream			
れいほんあめ	霊本あめ	人名	人名	人名	upstream			
あめ	霊本あめ	人名	人名	人名	upstream			
しらゆきうさぎ	白雪うさぎ	人名	人名	人名	upstream			
うさぎ	白雪うさぎ	人名	人名	人名	upstream			
あいらるう	愛蘭るう	人名	人名	人名	upstream			
るう	愛蘭るう	人名	人名	人名	upstream			
ざく	ザク	人名	人名	人名	upstream			
おぼろげぶらんこ	朧家ブランコ	人名	人名	人名	upstream			
ぶらんこ	朧家ブランコ	人名	人名	人名	upstream			
ののみやくおん	野宮狗音	人名	人名	人名	upstream			
くおん	野宮狗音	人名	人名	人名	upstream			
つきのみやよる	月ノ宮よる	人名	人名	人名	upstream			
よる	月ノ宮よる	人名	人名	人名	upstream			
はむたろりす	ハム田ロリス	人名	人名	人名	upstream			
ろりす	ハム田ロリス	人名	人名	人名	upstream			
とねかすみ	戸根かすみ	人名	人名	人名	upstream			
かすみ	戸根かすみ	人名	人名	人名	upstream			
さるじゅよる	猴珠よる	人名	人名	人名	upstream			
よる	猴珠よる	人名	人名	人名	upstream			
かんなぎみつば	神凪三葉	人名	人名	人名	upstream			
みつば	神凪三葉	人名	人名	人名	upstream			
まじょまなつ	魔女まなつ	人名	人名	人名	upstream			
まなつ	魔女まなつ	人名	人名	人名	upstream			
しずねりん	静猫リン	人名	人名	人名	upstream			
りん	静猫リン	人名	人名	人名	upstream			
ねこざめるん	猫鮫るん	人名	人名	人名	upstream			
るん	猫鮫るん	人名	人名	人名	upstream			
ゆいらぎあむ	結城あむ	人名	人名	人名	upstream			
あむ	結城あむ	人名	人名	人名	upstream			
きづきしの	鬼月しの	人名	人名	人名	upstream			
しの	鬼月しの	人名	人名	人名	upstream			
そらいろみゅー	宙虹みゅー	人名	人名	人名	upstream			
みゅー	宙虹みゅー	人名	人名	人名	upstream			
せきゅうりと	世級リト	人名	人名	人名	upstream			
りと	世級リト	人名	人名	人名	upstream			
あるぎゅろす	アルギュロス	人名	人名	人名	upstream			
いただきまくり	戴真久利	人名	人名	人名	upstream			
まくり	戴真久利	人名	人名	人名	upstream			
あるかふぇにこ	アルカ・フェニコ	人名	人名	人名	upstream			
あるか	アルカ・フェニコ	人名	人名	人名	upstream			
みやまりゅこす	深山リュコス	人名	人名	人名	upstream			
りゅこす	深山リュコス	人名	人名	人名	upstream			
さざなみながれ	小波ながれ	人名	人名	人名	upstream			
ながれ	小波ながれ	人名	人名	人名	upstream			
びよるおあこは	美夜尾あこは	人名	人名	人名	upstream			
あこは	美夜尾あこは	人名	人名	人名	upstream			
りーちゃたいちょう	リーチャ隊長	人名	人名	人名	upstream			
ぼっすけくろねこ	Bossuke黒猫	人名	人名	人名	upstream			
くろねこ	Bossuke黒猫	人名	人名	人名	upstream			
たかなしりも	璃墨リモ	人名	人名	人名	upstream			
りも	璃墨リモ	人名	人名	人名	upstream			
くろいにゃん	クロイニャン	人名	人名	人名	upstream			
とわりゆくゆ	永遠理ユクユ	人名	人名	人名	upstream			
ゆくゆ	永遠理ユクユ	人名	人名	人名	upstream			
うみいなまりえ	海稲まりえ	人名	人名	人名	upstream			
まりえ	海稲まりえ	人名	人名	人名	upstream			
くれまあおい	暮間淡宵	人名	人名	人名	upstream			
あおい	暮間淡宵	人名	人名	人名	upstream			
かいれんしぴ	灰漣しぴ	人名	人名	人名	upstream			
しぴ	灰漣しぴ	人名	人名	人名	upstream			
じんぐうじみどり	神宮司みどり	人名	人名	人名	upstream			
みどり	神宮司みどり	人名	人名	人名	upstream			
ひなもりひつぎ	日奈森ヒツギ	人名	人名	人名	upstream			
ひつぎ	日奈森ヒツギ	人名	人名	人名	upstream			
くろうここのえ	九楼ココノエ	人名	人名	人名	upstream			
ここのえ	九楼ココノエ	人名	人名	人名	upstream			
やまだちゃろ	山田ちゃろ	人名	人名	人名	upstream			
ちゃろ	山田ちゃろ	人名	人名	人名	upstream			
みなもすず	水萌スズ	人名	人名	人名	upstream			
すず	水萌スズ	人名	人名	人名	upstream			
うぇつ	ゑxゑ	人名	人名	人名	upstream			
えつ	ゑxゑ	人名	人名	人名	upstream			
ゑつ	ゑxゑ	人名	人名	人名	upstream			
ゆかなぜら	結叶ゼラ	人名	人名	人名	upstream			
ぜら	結叶ゼラ	人名	人名	人名	upstream			
ねこどうあーきしゃ	猫堂アーキシャ	人名	人名	人名	upstream			
あーきしゃ	猫堂アーキシャ	人名	人名	人名	upstream			
あやねこまちふゆき	綾音小町フユキ	人名	人名	人名	upstream			
ふゆき	綾音小町フユキ	人名	人名	人名	upstream			
はねいれもな	羽根井レモナ	人名	人名	人名	upstream			
れもな	羽根井レモナ	人名	人名	人名	upstream			
ななせせな	七瀬セナ	人名	人名	人名	upstream			
せな	七瀬セナ	人名	人名	人名	upstream			
くろ	クロ	人名	人名	人名	upstream			
ぞんびこちゃん	ゾンビ子ちゃん	人名	人名	人名	upstream			
かんなづきまこと	神無月真	人名	人名	人名	upstream			
まこと	神無月真	人名	人名	人名	upstream			
ときとうあきと	時盗アキト	人名	人名	人名	upstream			
あきと	時盗アキト	人名	人名	人名	upstream			
おとねねおと	音音音音	人名	人名	人名	upstream			
おと	音音音音	人名	人名	人名	upstream			
あまがらく	天河ラク	人名	人名	人名	upstream			
らく	天河ラク	人名	人名	人名	upstream			
おしろいこな	白粉こな	人名	人名	人名	upstream			
こな	白粉こな	人名	人名	人名	upstream			
るいぐりむ	ルイ・グリム	人名	人名	人名	upstream			
るい	ルイ・グリム	人名	人名	人名	upstream			
こひなたりゅーこ	小日向りゅーこ	人名	人名	人名	upstream			
りゅーこ	小日向りゅーこ	人名	人名	人名	upstream			
えるぜふぉんえーでるしゅたいん	エルゼ・フォン・エーデルシュタイン	人名	人名	人名	upstream			
えるぜ	エルゼ・フォン・エーデルシュタイン	人名	人名	人名	upstream			
はやみみてね	早見みてね	人名	人名	人名	upstream			
みてね	早見みてね	人名	人名	人名	upstream			
ほうかえみあ	宝華エミア	人名	人名	人名	upstream			
えみあ	宝華エミア	人名	人名	人名	upstream			
まことだれい	真田レイ	人名	人名	人名	upstream			
れい	真田レイ	人名	人名	人名	upstream			
くもがはたやや	雲ケ畑やや	人名	人名	人名	upstream			
やや	雲ケ畑やや	人名	人名	人名	upstream			
いまながさらら	今永さらら	人名	人名	人名	upstream			
さらら	今永さらら	人名	人名	人名	upstream			
たちみぼしまきり	辰星マキリ	人名	人名	人名	upstream			
まきり	辰星マキリ	人名	人名	人名	upstream			
ほしずみさかね	星沈さかね	人名	人名	人名	upstream			
さかね	星沈さかね	人名	人名	人名	upstream			
たまもさくら	玉藻さくら	人名	人名	人名	upstream			
さくら	玉藻さくら	人名	人名	人名	upstream			
ごりさわ	ゴリ沢	人名	人名	人名	upstream			
ゆいごんあるか	結魂アルカ	人名	人名	人名	upstream			
あるか	結魂アルカ	人名	人名	人名	upstream			
るりつきみゆ	瑠璃月みゆ	人名	人名	人名	upstream			
みゆ	瑠璃月みゆ	人名	人名	人名	upstream			
ゆめのことか	夢野ことか	人名	人名	人名	upstream			
ことか	夢野ことか	人名	人名	人名	upstream			
かまいるか	鎌井ルカ	人名	人名	人名	upstream			
るか	鎌井ルカ	人名	人名	人名	upstream			
ななつぼしほくさい	七ツ星北賽	人名	人名	人名	upstream			
ほくさい	七ツ星北賽	人名	人名	人名	upstream			
しょううちゅう	小欝U	人名	人名	人名	upstream			
あまいくもち	雨云くもち	人名	人名	人名	upstream			
くもち	雨云くもち	人名	人名	人名	upstream			
とこなつゆきの	常夏ゆきの	人名	人名	人名	upstream			
ゆきの	常夏ゆきの	人名	人名	人名	upstream			
きさきるな	鬼咲るな	人名	人名	人名	upstream			
るな	鬼咲るな	人名	人名	人名	upstream			
しだつぐみ	椎田つぐみ	人名	人名	人名	upstream			
つぐみ	椎田つぐみ	人名	人名	人名	upstream			
ねこのあまは	猫乃天羽	人名	人名	人名	upstream			
あまは	猫乃天羽	人名	人名	人名	upstream			
おにわそと	御庭そと。	人名	人名	人名	upstream			
そと	御庭そと。	人名	人名	人名	upstream			
なごやかい	和夜カイ	人名	人名	人名	upstream			
かい	和夜カイ	人名	人名	人名	upstream			
たくざわたくこ	卓沢たく子	人名	人名	人名	upstream			
たくこ	卓沢たく子	人名	人名	人名	upstream			
くろわに	クロ鰐	人名	人名	人名	upstream			
すいせんしある	水仙シアル	人名	人名	人名	upstream			
しある	水仙シアル	人名	人名	人名	upstream			
かとうしい	花糖しい	人名	人名	人名	upstream			
しい	花糖しい	人名	人名	人名	upstream			
びょずきなじみ	錨月なじみ	人名	人名	人名	upstream			
なじみ	錨月なじみ	人名	人名	人名	upstream			
しえんくゆる	紫煙くゆる	人名	人名	人名	upstream			
くゆる	紫煙くゆる	人名	人名	人名	upstream			
うちゃゆき	嗚洽ゆき	人名	人名	人名	upstream			
ゆき	嗚洽ゆき	人名	人名	人名	upstream			
むじゅうりょくぴの	無重力ぴの	人名	人名	人名	upstream			
ぴの	無重力ぴの	人名	人名	人名	upstream			
ほしのやみや	星ノ谷みや	人名	人名	人名	upstream			
みや	星ノ谷みや	人名	人名	人名	upstream			
くろすやひろ	黒須やひろ	人名	人名	人名	upstream			
やひろ	黒須やひろ	人名	人名	人名	upstream			
てん	甜	人名	人名	人名	upstream			
つきしろむい	月城むい	人名	人名	人名	upstream			
むい	月城むい	人名	人名	人名	upstream			
つくるみらんてぃ	造海ランティ	人名	人名	人名	upstream			
らんてぃ	造海ランティ	人名	人名	人名	upstream			
よみずきあると	夜見月アルト	人名	人名	人名	upstream			
あると	夜見月アルト	人名	人名	人名	upstream			
いずもりるいく	犾守ルイク	人名	人名	人名	upstream			
るいく	犾守ルイク	人名	人名	人名	upstream			
よるのひづき	夜乃ひづき	人名	人名	人名	upstream			
ひづき	夜乃ひづき	人名	人名	人名	upstream			
とりめりと	酉目りと	人名	人名	人名	upstream			
りと	酉目りと	人名	人名	人名	upstream			
ゆうとあび	遊翔アビ	人名	人名	人名	upstream			
あび	遊翔アビ	人名	人名	人名	upstream			
おもち	おもち	人名	人名	人名	upstream			
いのり	いのり	人名	人名	人名	upstream			
こうらすてぃ	小浦すてぃ	人名	人名	人名	upstream			
こーらすてぃ	小浦すてぃ	人名	人名	人名	upstream			
すてぃ	小浦すてぃ	人名	人名	人名	upstream			
みやか	みやか	人名	人名	人名	upstream			
きくちいちは	菊千一葉	人名	人名	人名	upstream			
いちは	菊千一葉	人名	人名	人名	upstream			
こはくゆう	琥珀ユウ	人名	人名	人名	upstream			
ゆう	琥珀ユウ	人名	人名	人名	upstream			
ひなたあり	陽葵アリ	人名	人名	人名	upstream			
あり	陽葵アリ	人名	人名	人名	upstream			
つきよのみすか	月夜野ミスカ	人名	人名	人名	upstream			
みすか	月夜野ミスカ	人名	人名	人名	upstream			
ややや	ややや	人名	人名	人名	upstream			
くろたまなお	黒玉なお	人名	人名	人名	upstream			
なお	黒玉なお	人名	人名	人名	upstream			
けもやまぎんこ	獣山ギンコ	人名	人名	人名	upstream			
ぎんこ	獣山ギンコ	人名	人名	人名	upstream			
びゃくやらん	白夜らん	人名	人名	人名	upstream			
らん	白夜らん	人名	人名	人名	upstream			
しらさぎある	白鷺アル	人名	人名	人名	upstream			
ある	白鷺アル	人名	人名	人名	upstream			
あきばあゆき	アキバ・鮎χ	人名	人名	人名	upstream			
あゆき	アキバ・鮎χ	人名	人名	人名	upstream			
うさみじぇしか	宇佐美ジェシカ	人名	人名	人名	upstream			
じぇしか	宇佐美ジェシカ	人名	人名	人名	upstream			
てんきゅうしるく	天泣しるく	人名	人名	人名	upstream			
しるく	天泣しるく	人名	人名	人名	upstream			
うららかはる	麗日ハル	人名	人名	人名	upstream			
はる	麗日ハル	人名	人名	人名	upstream			
よひかりとれにあ	夜光トレニア	人名	人名	人名	upstream			
とれにあ	夜光トレニア	人名	人名	人名	upstream			
ほしぞらるぴか	星空ルピカ	人名	人名	人名	upstream			
るぴか	星空ルピカ	人名	人名	人名	upstream			
しろはないゔ	白花いゔ	人名	人名	人名	upstream			
いゔ	白花いゔ	人名	人名	人名	upstream			
ほないこか	炎梛いこか	人名	人名	人名	upstream			
いこか	炎梛いこか	人名	人名	人名	upstream			
まきたつぐみ	蒔田つぐみ	人名	人名	人名	upstream			
つぐみ	蒔田つぐみ	人名	人名	人名	upstream			
うさしろりこ	兎白りこ	人名	人名	人名	upstream			
りこ	兎白りこ	人名	人名	人名	upstream			
ほっしー	ホッシー	人名	人名	人名	upstream			
ろくもんきあろ	緑紋キアロ	人名	人名	人名	upstream			
きあろ	緑紋キアロ	人名	人名	人名	upstream			
ちとせちゃそまる	千歳ちゃそまる	人名	人名	人名	upstream			
ちゃそまる	千歳ちゃそまる	人名	人名	人名	upstream			
しらべせいか	調星歌	人名	人名	人名	upstream			
せいか	調星歌	人名	人名	人名	upstream			
とふのかど	豆腐乃カド	人名	人名	人名	upstream			
かど	豆腐乃カド	人名	人名	人名	upstream			
やこうつばき	夜行椿	人名	人名	人名	upstream			
つばき	夜行椿	人名	人名	人名	upstream			
はなかばなはなか	花花花花花	人名	人名	人名	upstream			
はなか	花花花花花	人名	人名	人名	upstream			
かざりあぺろ	花去アペロ	人名	人名	人名	upstream			
あぺろ	花去アペロ	人名	人名	人名	upstream			
はでらあいね	葉寺愛祢	人名	人名	人名	upstream			
あいね	葉寺愛祢	人名	人名	人名	upstream			
せんどうしき	千堂しき	人名	人名	人名	upstream			
しき	千堂しき	人名	人名	人名	upstream			
ゆずこ	ゆずこ	人名	人名	人名	upstream			
あやねはるな	彩音はるな	人名	人名	人名	upstream			
はるな	彩音はるな	人名	人名	人名	upstream			
としきるい	冬季ルイ	人名	人名	人名	upstream			
るい	冬季ルイ	人名	人名	人名	upstream			
さいかるく	彩戯華ルク	人名	人名	人名	upstream			
るく	彩戯華ルク	人名	人名	人名	upstream			
みずのずの	水野ずの	人名	人名	人名	upstream			
ずの	水野ずの	人名	人名	人名	upstream			
まなひとは	愛ひとは	人名	人名	人名	upstream			
ひとは	愛ひとは	人名	人名	人名	upstream			
しらせくい	報瀬クイ	人名	人名	人名	upstream			
くい	報瀬クイ	人名	人名	人名	upstream			
けいとりん	ケイトリン	人名	人名	人名	upstream			
うづきりり	卯月凛織	人名	人名	人名	upstream			
りり	卯月凛織	人名	人名	人名	upstream			
あまきせつま	天城雪真	人名	人名	人名	upstream			
せつま	天城雪真	人名	人名	人名	upstream			
あんゆり	安雪璃	人名	人名	人名	upstream			
ななしさん	名無しさん	人名	人名	人名	upstream			
ななし	名無しさん	人名	人名	人名	upstream			
みやびつかさ	宮弥ツカサ	人名	人名	人名	upstream			
つかさ	宮弥ツカサ	人名	人名	人名	upstream			
あるまお	水豚阿毛	人名	人名	人名	upstream			
ふじさきしや	藤咲紫夜	人名	人名	人名	upstream			
しや	藤咲紫夜	人名	人名	人名	upstream			
あまねうた	雨音ウタ	人名	人名	人名	upstream			
うた	雨音ウタ	人名	人名	人名	upstream			
ねこはにあ	猫葉ニア	人名	人名	人名	upstream			
にあ	猫葉ニア	人名	人名	人名	upstream			
ほしはなありす	星花アリス	人名	人名	人名	upstream			
ありす	星花アリス	人名	人名	人名	upstream			
つきよ	つきよ	人名	人名	人名	upstream			
なつやみあら	夏夜ミアラ	人名	人名	人名	upstream			
みあら	夏夜ミアラ	人名	人名	人名	upstream			
なとりそじ	名取そじ	人名	人名	人名	upstream			
そじ	名取そじ	人名	人名	人名	upstream			
こばしべにこ	コバシ紅子	人名	人名	人名	upstream			
べにこ	コバシ紅子	人名	人名	人名	upstream			
もあこ	もあこ	人名	人名	人名	upstream			
はなのいみお	華埜井みお	人名	人名	人名	upstream			
みお	華埜井みお	人名	人名	人名	upstream			
しらもちあむこ	白餅あむこ	人名	人名	人名	upstream			
あむこ	白餅あむこ	人名	人名	人名	upstream			
あさいさざなみ	浅井さざなみ	人名	人名	人名	upstream			
さざなみ	浅井さざなみ	人名	人名	人名	upstream			
ならくあびす	七楽アビス	人名	人名	人名	upstream			
あびす	七楽アビス	人名	人名	人名	upstream			
そまなつくも	杣菜つくも	人名	人名	人名	upstream			
つくも	杣菜つくも	人名	人名	人名	upstream			
むぎちゃたいさ	むぎちゃ大佐	人名	人名	人名	upstream			
むぎちゃ	むぎちゃ大佐	人名	人名	人名	upstream			
かんなびりた	甘奈比リタ	人名	人名	人名	upstream			
りた	甘奈比リタ	人名	人名	人名	upstream			
あまねねね	雨音ネネ	人名	人名	人名	upstream			
ねね	雨音ネネ	人名	人名	人名	upstream			
あまはみぅ	天晴みぅ	人名	人名	人名	upstream			
あまはみう	天晴みぅ	人名	人名	人名	upstream			
みぅ	天晴みぅ	人名	人名	人名	upstream			
みう	天晴みぅ	人名	人名	人名	upstream			
よつきみうさ	夜月美うさ	人名	人名	人名	upstream			
うさ	夜月美うさ	人名	人名	人名	upstream			
あぐいものり	明久居モノリ	人名	人名	人名	upstream			
ものり	明久居モノリ	人名	人名	人名	upstream			
みりめい	みりめい	人名	人名	人名	upstream			
ゆるふわぺてこ	ゆるふわペテ子	人名	人名	人名	upstream			
ぺてこ	ゆるふわペテ子	人名	人名	人名	upstream			
にしのあぬ	西野あぬ	人名	人名	人名	upstream			
あぬ	西野あぬ	人名	人名	人名	upstream			
まもるもん	魔守もん	人名	人名	人名	upstream			
もん	魔守もん	人名	人名	人名	upstream			
あめのもりすみれ	雨ノ杜スミレ	人名	人名	人名	upstream			
すみれ	雨ノ杜スミレ	人名	人名	人名	upstream			
あず	あず	人名	人名	人名	upstream			
まめごはん	まめごはん	人名	人名	人名	upstream			
まうねむ	まうねむ	人名	人名	人名	upstream			
あきらんご	あきらんご	人名	人名	人名	upstream			
えちごきんのすけ	越後きんのすけ	人名	人名	人名	upstream			
きんのすけ	越後きんのすけ	人名	人名	人名	upstream			
まおういんゔぇるの	魔王インヴェルノ	人名	人名	人名	upstream			
いんゔぇるの	魔王インヴェルノ	人名	人名	人名	upstream			
しまのはぴ	しまのはぴ	人名	人名	人名	upstream			
ひびさきねおん	響咲祢音	人名	人名	人名	upstream			
ねおん	響咲祢音	人名	人名	人名	upstream			
みつぼしふみ	三ツ星ふみ	人名	人名	人名	upstream			
ふみ	三ツ星ふみ	人名	人名	人名	upstream			
くれさきであ	呉咲デア	人名	人名	人名	upstream			
であ	呉咲デア	人名	人名	人名	upstream			
はずみゆらん	羽澄ゆらん	人名	人名	人名	upstream			
ゆらん	羽澄ゆらん	人名	人名	人名	upstream			
しろがねすん	白金すん	人名	人名	人名	upstream			
すん	白金すん	人名	人名	人名	upstream			
だいせりかわなす	大芹川ナス	人名	人名	人名	upstream			
なす	大芹川ナス	人名	人名	人名	upstream			
さゆかぜしらべ	冴風しらべ	人名	人名	人名	upstream			
しらべ	冴風しらべ	人名	人名	人名	upstream			
あまみやろろ	雨宮ろろ	人名	人名	人名	upstream			
ろろ	雨宮ろろ	人名	人名	人名	upstream			
こがゆきひら	久我ユキヒラ	人名	人名	人名	upstream			
ゆきひら	久我ユキヒラ	人名	人名	人名	upstream			
かわばたちよ	川端ちよ	人名	人名	人名	upstream			
ちよ	川端ちよ	人名	人名	人名	upstream			
はじめてみる	始芽手ミル	人名	人名	人名	upstream			
みる	始芽手ミル	人名	人名	人名	upstream			
まおうたにし	魔王タニ氏	人名	人名	人名	upstream			
たにし	魔王タニ氏	人名	人名	人名	upstream			
くろもりあいね	黒森愛音	人名	人名	人名	upstream			
あいね	黒森愛音	人名	人名	人名	upstream			
ほしくずれん	星屑れん	人名	人名	人名	upstream			
れん	星屑れん	人名	人名	人名	upstream			
やえしろゆめ	八重代癒夢	人名	人名	人名	upstream			
ゆめ	八重代癒夢	人名	人名	人名	upstream			
にあ	ニア	人名	人名	人名	upstream			
ねこみやれお	猫宮れお	人名	人名	人名	upstream			
れお	猫宮れお	人名	人名	人名	upstream			
ぷりぷりうちゅうじん	ぷりぷりうちゅうじん	人名	人名	人名	upstream			
ぷりぷり	ぷりぷりうちゅうじん	人名	人名	人名	upstream			
きつねづかめめ	狐塚めめ	人名	人名	人名	upstream			
めめ	狐塚めめ	人名	人名	人名	upstream			
へと	へと	人名	人名	人名	upstream			
うりたかすみ	瓜田花純	人名	人名	人名	upstream			
かすみ	瓜田花純	人名	人名	人名	upstream			
ひきこもりん	引篭凜	人名	人名	人名	upstream			
りん	引篭凜	人名	人名	人名	upstream			
さびきあじ	紗匹アジ	人名	人名	人名	upstream			
あじ	紗匹アジ	人名	人名	人名	upstream			
さみだれやずき	五月雨夜月	人名	人名	人名	upstream			
やずき	五月雨夜月	人名	人名	人名	upstream			
まぼろしでんぱ	まぼろし電波	人名	人名	人名	upstream			
てんのうじせかい	天王寺セカイ	人名	人名	人名	upstream			
せかい	天王寺セカイ	人名	人名	人名	upstream			
ねこのいりりぃ	猫乃井リリィ	人名	人名	人名	upstream			
ねこのいりりい	猫乃井リリィ	人名	人名	人名	upstream			
りりぃ	猫乃井リリィ	人名	人名	人名	upstream			
りりい	猫乃井リリィ	人名	人名	人名	upstream			
そそぎばなしん	雪花しん	人名	人名	人名	upstream			
しん	雪花しん	人名	人名	人名	upstream			
あもういな	天羽イナ	人名	人名	人名	upstream			
いな	天羽イナ	人名	人名	人名	upstream			
いぶきみか	伊吹巳花	人名	人名	人名	upstream			
みか	伊吹巳花	人名	人名	人名	upstream			
やみのうつつ	夜深乃うつつ	人名	人名	人名	upstream			
うつつ	夜深乃うつつ	人名	人名	人名	upstream			
しずくるり	雫瑠璃	人名	人名	人名	upstream			
るり	雫瑠璃	人名	人名	人名	upstream			
いばらきかいき	茨機カイキ	人名	人名	人名	upstream			
かいき	茨機カイキ	人名	人名	人名	upstream			
あまそらてんてん	天天てんてん	人名	人名	人名	upstream			
てんてん	天天てんてん	人名	人名	人名	upstream			
ありさかねる	有坂ネル	人名	人名	人名	upstream			
ねる	有坂ネル	人名	人名	人名	upstream			
おとみよしの	音海ヨシノ	人名	人名	人名	upstream			
よしの	音海ヨシノ	人名	人名	人名	upstream			
ろみ	ロミ	人名	人名	人名	upstream			
はなぞのはるき	花薗春樹	人名	人名	人名	upstream			
はるき	花薗春樹	人名	人名	人名	upstream			
さとうなつき	砂糖奈月	人名	人名	人名	upstream			
なつき	砂糖奈月	人名	人名	人名	upstream			
さくらてけり	佐倉てけり	人名	人名	人名	upstream			
てけり	佐倉てけり	人名	人名	人名	upstream			
はざきねろ	羽崎ネロ	人名	人名	人名	upstream			
ねろ	羽崎ネロ	人名	人名	人名	upstream			
しらぼしむく	白星むく	人名	人名	人名	upstream			
むく	白星むく	人名	人名	人名	upstream			
おうばろえ	桜葉ろえ	人名	人名	人名	upstream			
ろえ	桜葉ろえ	人名	人名	人名	upstream			
さとうろい	佐藤ロイ	人名	人名	人名	upstream			
ろい	佐藤ロイ	人名	人名	人名	upstream			
ききょうねむ	桔梗ねむ	人名	人名	人名	upstream			
ねむ	桔梗ねむ	人名	人名	人名	upstream			
なお	娜歐	人名	人名	人名	upstream			
おさかよい	御酒よい	人名	人名	人名	upstream			
よい	御酒よい	人名	人名	人名	upstream			
ゆうなぎそる	夕凪そる	人名	人名	人名	upstream			
そる	夕凪そる	人名	人名	人名	upstream			
ぐーしゃおゆい	顧小魚	人名	人名	人名	upstream			
みづきれと	未槻れと	人名	人名	人名	upstream			
れと	未槻れと	人名	人名	人名	upstream			
やまつきしるし	夜真月しるし	人名	人名	人名	upstream			
しるし	夜真月しるし	人名	人名	人名	upstream			
かえんくゆる	香煙クユル	人名	人名	人名	upstream			
くゆる	香煙クユル	人名	人名	人名	upstream			
さいらんこちょう	彩蘭胡蝶	人名	人名	人名	upstream			
こちょう	彩蘭胡蝶	人名	人名	人名	upstream			
いえいりけぶる	家入ケブル	人名	人名	人名	upstream			
けぶる	家入ケブル	人名	人名	人名	upstream			
なんきんめめ	南京めめ	人名	人名	人名	upstream			
めめ	南京めめ	人名	人名	人名	upstream			
ふじしろゆき	藤代幸	人名	人名	人名	upstream			
ゆき	藤代幸	人名	人名	人名	upstream			
あまがみむむ	甘噛むむ	人名	人名	人名	upstream			
むむ	甘噛むむ	人名	人名	人名	upstream			
ゆうきゆきる	結城ゆきる	人名	人名	人名	upstream			
ゆきる	結城ゆきる	人名	人名	人名	upstream			
こうしだみる	小牛田みる	人名	人名	人名	upstream			
みる	小牛田みる	人名	人名	人名	upstream			
うたらりの	歌良りの	人名	人名	人名	upstream			
りの	歌良りの	人名	人名	人名	upstream			
ともりえめ	兎杜エメ	人名	人名	人名	upstream			
えめ	兎杜エメ	人名	人名	人名	upstream			
かなたすみ	彼方スミ	人名	人名	人名	upstream			
すみ	彼方スミ	人名	人名	人名	upstream			
さえきゆう	佐伯ゆう	人名	人名	人名	upstream			
ゆう	佐伯ゆう	人名	人名	人名	upstream			
かさねぎことは	かさねぎことは	人名	人名	人名	upstream			
ことは	かさねぎことは	人名	人名	人名	upstream			
ねことりあ	猫戸りあ	人名	人名	人名	upstream			
りあ	猫戸りあ	人名	人名	人名	upstream			
おおもりれいや	大森レイヤ	人名	人名	人名	upstream			
れいや	大森レイヤ	人名	人名	人名	upstream			
あかほしいちご	赤星一吾	人名	人名	人名	upstream			
いちご	赤星一吾	人名	人名	人名	upstream			
まおりん	真奥りん	人名	人名	人名	upstream			
りん	真奥りん	人名	人名	人名	upstream			
かすみこうぼう	かすみ工房	人名	人名	人名	upstream			
ぜろ	劫羅	人名	人名	人名	upstream			
ゆきのしたおりゆき	雪之下織雪	人名	人名	人名	upstream			
おりゆき	雪之下織雪	人名	人名	人名	upstream			
えこーる	依可露	人名	人名	人名	upstream			
はかないねこ	儚依ねこ	人名	人名	人名	upstream			
ねこ	儚依ねこ	人名	人名	人名	upstream			
おぼろ	朧	人名	人名	人名	upstream			
すき	舒芙	人名	人名	人名	upstream			
しゅむるめいふぇい	舒穆祿梅緋	人名	人名	人名	upstream			
めいふぇい	舒穆祿梅緋	人名	人名	人名	upstream			
よるの	宵	人名	人名	人名	upstream			
つきみやくぅ	月宮くぅ	人名	人名	人名	upstream			
くぅ	月宮くぅ	人名	人名	人名	upstream			
くう	月宮くぅ	人名	人名	人名	upstream			
ぞふぃ	佐霏	人名	人名	人名	upstream			
まあしぇん	猫仙人	人名	人名	人名	upstream			
やどくけろる	矢毒けろる	人名	人名	人名	upstream			
けろる	矢毒けろる	人名	人名	人名	upstream			
けむりくされまこ	煙火草れまこ	人名	人名	人名	upstream			
れまこ	煙火草れまこ	人名	人名	人名	upstream			
こはくれん	恋白れん	人名	人名	人名	upstream			
れん	恋白れん	人名	人名	人名	upstream			
あめにわやえ	雨庭やえ	人名	人名	人名	upstream			
やえ	雨庭やえ	人名	人名	人名	upstream			
ひまもりぽた	向日守ぽた	人名	人名	人名	upstream			
ぽた	向日守ぽた	人名	人名	人名	upstream			
ねこやまみあ	猫山みあ	人名	人名	人名	upstream			
あおそら	あおそら	人名	人名	人名	upstream			
つきみやあお	月宮あお	人名	人名	人名	upstream			
あお	月宮あお	人名	人名	人名	upstream			
さいかわはゆり	狭韋川はゆり	人名	人名	人名	upstream			
ななせゆい	七瀬ゆい	人名	人名	人名	upstream			
ゆい	七瀬ゆい	人名	人名	人名	upstream			
はる	哈魯	人名	人名	人名	upstream			
ここしろゆあら	心城ゆあら	人名	人名	人名	upstream			
ゆあら	心城ゆあら	人名	人名	人名	upstream			
さおひめゆえ	佐保姫ユエ	人名	人名	人名	upstream			
ゆえ	佐保姫ユエ	人名	人名	人名	upstream			
せり	星璃	人名	人名	人名	upstream			
にゃほろばとばり	猫滅刃とばり	人名	人名	人名	upstream			
とばり	猫滅刃とばり	人名	人名	人名	upstream			
こぬえのさね	小鵺野紗音	人名	人名	人名	upstream			
さね	小鵺野紗音	人名	人名	人名	upstream			
なるせもち	成瀬もち	人名	人名	人名	upstream			
もち	成瀬もち	人名	人名	人名	upstream			
だーち	ダーチ	人名	人名	人名	upstream			
ねつきくろす	禰月くろす	人名	人名	人名	upstream			
くろす	禰月くろす	人名	人名	人名	upstream			
ももしのもみじ	沐沐シノもみじ	人名	人名	人名	upstream			
もみじ	沐沐シノもみじ	人名	人名	人名	upstream			
きつつきれんげ	狐月れんげ	人名	人名	人名	upstream			
れんげ	狐月れんげ	人名	人名	人名	upstream			
みこざわこくじら	神子澤小鯨	人名	人名	人名	upstream			
こくじら	神子澤小鯨	人名	人名	人名	upstream			
しゅおうしゅお	秋桜しゅお	人名	人名	人名	upstream			
しゅお	秋桜しゅお	人名	人名	人名	upstream			
みょうどういんみこと	冥道院ミコト	人名	人名	人名	upstream			
みこと	冥道院ミコト	人名	人名	人名	upstream			
ことのはみくろ	言ノ葉みくろ	人名	人名	人名	upstream			
しるくまりうね	譜熊りうね	人名	人名	人名	upstream			
りうね	譜熊りうね	人名	人名	人名	upstream			
このかさくや	木花サクヤ	人名	人名	人名	upstream			
さくや	木花サクヤ	人名	人名	人名	upstream			
しらひめいのり	白姫祈	人名	人名	人名	upstream			
いのり	白姫祈	人名	人名	人名	upstream			
かみしろにあ	神白ニア	人名	人名	人名	upstream			
にあ	神白ニア	人名	人名	人名	upstream			
さきばしる	咲刃シル	人名	人名	人名	upstream			
しる	咲刃シル	人名	人名	人名	upstream			
ゆめみとびら	夢見とびら	人名	人名	人名	upstream			
とびら	夢見とびら	人名	人名	人名	upstream			
かしまがみはるひ	鹿島神春日	人名	人名	人名	upstream			
はるひ	鹿島神春日	人名	人名	人名	upstream			
きしろれも	黄白レモ	人名	人名	人名	upstream			
れも	黄白レモ	人名	人名	人名	upstream			
やづつあぽろ	矢筒あぽろ	人名	人名	人名	upstream			
あぽろ	矢筒あぽろ	人名	人名	人名	upstream			
うらわとと	浦和とと	人名	人名	人名	upstream			
とと	浦和とと	人名	人名	人名	upstream			
うすばとおる	薄葉透	人名	人名	人名	upstream			
とおる	薄葉透	人名	人名	人名	upstream			
うやむやからめ	愛耶夢耶からめ	人名	人名	人名	upstream			
からめ	愛耶夢耶からめ	人名	人名	人名	upstream			
ここねむいる	心恋音むいる	人名	人名	人名	upstream			
むいる	心恋音むいる	人名	人名	人名	upstream			
たおたおたおちえ	滔滔饕餮	人名	人名	人名	upstream			
たおちえ	滔滔饕餮	人名	人名	人名	upstream			
あまかけるどらこ	天翔ドラコ	人名	人名	人名	upstream			
どらこ	天翔ドラコ	人名	人名	人名	upstream			
しちはちくまの	七八くまの	人名	人名	人名	upstream			
くまの	七八くまの	人名	人名	人名	upstream			
あきね	秋音	人名	人名	人名	upstream			
とがみとと	兎神とと	人名	人名	人名	upstream			
とと	兎神とと	人名	人名	人名	upstream			
ゆめみえるの	夢見エルノ	人名	人名	人名	upstream			
えるの	夢見エルノ	人名	人名	人名	upstream			
はごろもまよ	羽衣まよ	人名	人名	人名	upstream			
まよ	羽衣まよ	人名	人名	人名	upstream			
かんいみつ	甘井みつ	人名	人名	人名	upstream			
みつ	甘井みつ	人名	人名	人名	upstream			
しぇんるー	姜呂	人名	人名	人名	upstream			
あちゅりーいーぐる	アチュリー・イーグル	人名	人名	人名	upstream			
あちゅりー	アチュリー・イーグル	人名	人名	人名	upstream			
よるのすみ	夜乃すみ	人名	人名	人名	upstream			
すみ	夜乃すみ	人名	人名	人名	upstream			
こがみれお	狐守れを	人名	人名	人名	upstream			
こがみれを	狐守れを	人名	人名	人名	upstream			
れお	狐守れを	人名	人名	人名	upstream			
れを	狐守れを	人名	人名	人名	upstream			
まえむきなの	前向なの	人名	人名	人名	upstream			
なの	前向なの	人名	人名	人名	upstream			
さたんぱりか	朔炭パリカ	人名	人名	人名	upstream			
ぱりか	朔炭パリカ	人名	人名	人名	upstream			
かなたいお	華鉈イオ	人名	人名	人名	upstream			
いお	華鉈イオ	人名	人名	人名	upstream			
くのりこうめいく	九里江めいく	人名	人名	人名	upstream			
めいく	九里江めいく	人名	人名	人名	upstream			
かくうなぎ	駆空なぎ	人名	人名	人名	upstream			
なぎ	駆空なぎ	人名	人名	人名	upstream			
だいごおりか	醍醐御梨花	人名	人名	人名	upstream			
おりか	醍醐御梨花	人名	人名	人名	upstream			
かすみひびき	霞翠ひびき	人名	人名	人名	upstream			
ひびき	霞翠ひびき	人名	人名	人名	upstream			
こよいりあ	恋宵りあ	人名	人名	人名	upstream			
りあ	恋宵りあ	人名	人名	人名	upstream			
あじゃらびび	戯びび	人名	人名	人名	upstream			
びび	戯びび	人名	人名	人名	upstream			
いぬがみゆのし	犬神幽乃詩	人名	人名	人名	upstream			
ゆのし	犬神幽乃詩	人名	人名	人名	upstream			
いちはつあまよ	紫羅傘雨夜	人名	人名	人名	upstream			
あまよ	紫羅傘雨夜	人名	人名	人名	upstream			
あまやかしぃ	甘夜かしぃ	人名	人名	人名	upstream			
あまやかしい	甘夜かしぃ	人名	人名	人名	upstream			
かしぃ	甘夜かしぃ	人名	人名	人名	upstream			
かしい	甘夜かしぃ	人名	人名	人名	upstream			
わくせいと	惑世いと	人名	人名	人名	upstream			
いと	惑世いと	人名	人名	人名	upstream			
るのあひるね	瑠乃亜ひるね	人名	人名	人名	upstream			
ひるね	瑠乃亜ひるね	人名	人名	人名	upstream			
うたわん	宇田わん	人名	人名	人名	upstream			
わん	宇田わん	人名	人名	人名	upstream			
つむじむぎ	街風むぎ	人名	人名	人名	upstream			
むぎ	街風むぎ	人名	人名	人名	upstream			
あたりつづく	与璃つづく	人名	人名	人名	upstream			
つづく	与璃つづく	人名	人名	人名	upstream			
ろくじょうしらん	六条しらん	人名	人名	人名	upstream			
しらん	六条しらん	人名	人名	人名	upstream			
ききょうひめの	桔梗姫乃	人名	人名	人名	upstream			
ひめの	桔梗姫乃	人名	人名	人名	upstream			
たちばなちなり	龍華ちなり	人名	人名	人名	upstream			
ちなり	龍華ちなり	人名	人名	人名	upstream			
だてんしすた	堕天しすた	人名	人名	人名	upstream			
しすた	堕天しすた	人名	人名	人名	upstream			
れいれいふよこ	靈嶺不夜狐	人名	人名	人名	upstream			
ふよこ	靈嶺不夜狐	人名	人名	人名	upstream			
くぜんしあ	玖染しあ	人名	人名	人名	upstream			
しあ	玖染しあ	人名	人名	人名	upstream			
いずもれね	出雲れね	人名	人名	人名	upstream			
れね	出雲れね	人名	人名	人名	upstream			
めちゃごてんかぷら	超御天かぷら	人名	人名	人名	upstream			
かぷら	超御天かぷら	人名	人名	人名	upstream			
みつどりぴよん	蜜鳥ピヨン	人名	人名	人名	upstream			
ぴよん	蜜鳥ピヨン	人名	人名	人名	upstream			
ふくいんるり	福音るり	人名	人名	人名	upstream			
るり	福音るり	人名	人名	人名	upstream			
こここないゔ	恋凪イヴ	人名	人名	人名	upstream			
いゔ	恋凪イヴ	人名	人名	人名	upstream			
きりしまよい	霧島宵	人名	人名	人名	upstream			
よい	霧島宵	人名	人名	人名	upstream			
そらいろるり	空色るり	人名	人名	人名	upstream			
るり	空色るり	人名	人名	人名	upstream			
ほうとうももじる	宝灯桃汁	人名	人名	人名	upstream			
ももじる	宝灯桃汁	人名	人名	人名	upstream			
ましろゆに	苺白ゆに	人名	人名	人名	upstream			
ゆに	苺白ゆに	人名	人名	人名	upstream			
ほうじょうなぎさ	北条なぎさ	人名	人名	人名	upstream			
なぎさ	北条なぎさ	人名	人名	人名	upstream			
りべれつべる	リベレツ・ベル	人名	人名	人名	upstream			
べる	リベレツ・ベル	人名	人名	人名	upstream			
みさきてと	岬テト	人名	人名	人名	upstream			
てと	岬テト	人名	人名	人名	upstream			
はともときゅう	鳩本キュウ	人名	人名	人名	upstream			
きゅう	鳩本キュウ	人名	人名	人名	upstream			
さくらみまお	桜巳マオ	人名	人名	人名	upstream			
まお	桜巳マオ	人名	人名	人名	upstream			
ぴび	皮比	人名	人名	人名	upstream			
ほしむしゃろん	星夢しゃろん	人名	人名	人名	upstream			
しゃろん	星夢しゃろん	人名	人名	人名	upstream			
やすみえあ	夜澄えあ	人名	人名	人名	upstream			
えあ	夜澄えあ	人名	人名	人名	upstream			
はやまるちゅん	隼丸ちゅん	人名	人名	人名	upstream			
ちゅん	隼丸ちゅん	人名	人名	人名	upstream			
はくつるちい	白鶴ちい	人名	人名	人名	upstream			
ちい	白鶴ちい	人名	人名	人名	upstream			
いこりーる	イコ･リール	人名	人名	人名	upstream			
りーる	イコ･リール	人名	人名	人名	upstream			
みづきくおん	眠月玖音	人名	人名	人名	upstream			
くおん	眠月玖音	人名	人名	人名	upstream			
ぜんこうていりべる	全皇帝リベル	人名	人名	人名	upstream			
りべる	全皇帝リベル	人名	人名	人名	upstream			
ろぁ	ろぁ	人名	人名	人名	upstream			
ろあ	ろぁ	人名	人名	人名	upstream			
ひずきてら	陽月てら	人名	人名	人名	upstream			
てら	陽月てら	人名	人名	人名	upstream			
わたさきもか	綿咲もか	人名	人名	人名	upstream			
もか	綿咲もか	人名	人名	人名	upstream			
いえねこみあ	家猫ミア	人名	人名	人名	upstream			
みあ	家猫ミア	人名	人名	人名	upstream			
ましろももな	茉白モモナ	人名	人名	人名	upstream			
ももな	茉白モモナ	人名	人名	人名	upstream			
あまとうゆら	甘十うゆら	人名	人名	人名	upstream			
うゆら	甘十うゆら	人名	人名	人名	upstream			
いちさん	井口さん	人名	人名	人名	upstream			
ねこのくろね	猫乃くろね	人名	人名	人名	upstream			
くろね	猫乃くろね	人名	人名	人名	upstream			
こくようにぐらす	黒羊ニグラス	人名	人名	人名	upstream			
にぐらす	黒羊ニグラス	人名	人名	人名	upstream			
しろかみこのは	白狼このは	人名	人名	人名	upstream			
このは	白狼このは	人名	人名	人名	upstream			
おおつぶぐみえな	大粒グミエナ	人名	人名	人名	upstream			
ぐみえな	大粒グミエナ	人名	人名	人名	upstream			
つるのつる	鶴乃つる	人名	人名	人名	upstream			
つる	鶴乃つる	人名	人名	人名	upstream			
はやせやよい	早瀬やよい	人名	人名	人名	upstream			
やよい	早瀬やよい	人名	人名	人名	upstream			
かぬいもの	花縫モノ	人名	人名	人名	upstream			
もの	花縫モノ	人名	人名	人名	upstream			
うたしろこはく	詩白小白	人名	人名	人名	upstream			
こはく	詩白小白	人名	人名	人名	upstream			
みたらいこもる	御手洗こもる	人名	人名	人名	upstream			
こもる	御手洗こもる	人名	人名	人名	upstream			
あまかろろぬ	甘香ろろぬ	人名	人名	人名	upstream			
ろろぬ	甘香ろろぬ	人名	人名	人名	upstream			
あのえねん	天ノ咲ねん	人名	人名	人名	upstream			
ねん	天ノ咲ねん	人名	人名	人名	upstream			
つきゆりきら	月百合鬼ら	人名	人名	人名	upstream			
きら	月百合鬼ら	人名	人名	人名	upstream			
みつぼしりさ	三ツ星リサ	人名	人名	人名	upstream			
りさ	三ツ星リサ	人名	人名	人名	upstream			
るいせんうるる	涙腺うるる	人名	人名	人名	upstream			
うるる	涙腺うるる	人名	人名	人名	upstream			
あまくずもち	甘葛もち	人名	人名	人名	upstream			
もち	甘葛もち	人名	人名	人名	upstream			
しのめりん	紫乃めりん。	人名	人名	人名	upstream			
めりん	紫乃めりん。	人名	人名	人名	upstream			
にゃにゃみねのあ	猫々嶺のあ	人名	人名	人名	upstream			
のあ	猫々嶺のあ	人名	人名	人名	upstream			
しゃくらえん	灼楽えん	人名	人名	人名	upstream			
えん	灼楽えん	人名	人名	人名	upstream			
せつなあすとらいあ	刹那アストライア	人名	人名	人名	upstream			
あすとらいあ	刹那アストライア	人名	人名	人名	upstream			
ころちょうさたい	ころ調査隊	人名	人名	人名	upstream			
おきつねりこ	御鬼常りこ	人名	人名	人名	upstream			
りこ	御鬼常りこ	人名	人名	人名	upstream			
せんぼんきりさおり	千本桐サオリ	人名	人名	人名	upstream			
さおり	千本桐サオリ	人名	人名	人名	upstream			
いわぎりゆかな	岩桐ゆかな	人名	人名	人名	upstream			
ゆかな	岩桐ゆかな	人名	人名	人名	upstream			
おおみうみ	大海ウミ	人名	人名	人名	upstream			
うみ	大海ウミ	人名	人名	人名	upstream			
きおん	祈音	人名	人名	人名	upstream			
ほしうみりっか	星海りっか	人名	人名	人名	upstream			
りっか	星海りっか	人名	人名	人名	upstream			
りんづききょう	隣月キョウ	人名	人名	人名	upstream			
きょう	隣月キョウ	人名	人名	人名	upstream			
ふゆゆ	浮幽幽	人名	人名	人名	upstream			
はかなうみう	儚羽みう	人名	人名	人名	upstream			
みう	儚羽みう	人名	人名	人名	upstream			
わすれなぐさゆめ	勿忘草幽冥	人名	人名	人名	upstream			
ゆめ	勿忘草幽冥	人名	人名	人名	upstream			
あおいみや	蒼依海夜	人名	人名	人名	upstream			
みや	蒼依海夜	人名	人名	人名	upstream			
ねこまちい	猫魔ちい	人名	人名	人名	upstream			
ちい	猫魔ちい	人名	人名	人名	upstream			
ひかげこもり	陽陰こもり	人名	人名	人名	upstream			
こもり	陽陰こもり	人名	人名	人名	upstream			
おとこのりつ	乙娘ノりつ	人名	人名	人名	upstream			
りつ	乙娘ノりつ	人名	人名	人名	upstream			
よつゆびはりこ	夜露日はりこ	人名	人名	人名	upstream			
はりこ	夜露日はりこ	人名	人名	人名	upstream			
さいこめとり	彩湖めとり	人名	人名	人名	upstream			
めとり	彩湖めとり	人名	人名	人名	upstream			
ままままほ	魔儘まほ	人名	人名	人名	upstream			
まほ	魔儘まほ	人名	人名	人名	upstream			
ぶんぶくこのは	分福このは	人名	人名	人名	upstream			
このは	分福このは	人名	人名	人名	upstream			
てんぴてらす	天日テラス	人名	人名	人名	upstream			
てらす	天日テラス	人名	人名	人名	upstream			
ふたごあみ	双恋アミ	人名	人名	人名	upstream			
あみ	双恋アミ	人名	人名	人名	upstream			
かたくりねぇね	片栗ねぇね	人名	人名	人名	upstream			
かたくりねえね	片栗ねぇね	人名	人名	人名	upstream			
ねぇね	片栗ねぇね	人名	人名	人名	upstream			
ねえね	片栗ねぇね	人名	人名	人名	upstream			
ひょうかりの	氷花りの	人名	人名	人名	upstream			
りの	氷花りの	人名	人名	人名	upstream			
ゆめみやいろは	夢宮色羽	人名	人名	人名	upstream			
いろは	夢宮色羽	人名	人名	人名	upstream			
ほしふるこゆ	星降こゆ	人名	人名	人名	upstream			
こゆ	星降こゆ	人名	人名	人名	upstream			
からやいと	絡屋イト	人名	人名	人名	upstream			
いと	絡屋イト	人名	人名	人名	upstream			
かれんゆう	歌恋憂	人名	人名	人名	upstream			
ゆう	歌恋憂	人名	人名	人名	upstream			
いっしるい	一絲るい	人名	人名	人名	upstream			
るい	一絲るい	人名	人名	人名	upstream			
ゆめかよぐう	夢通ぐう	人名	人名	人名	upstream			
ぐう	夢通ぐう	人名	人名	人名	upstream			
とぜんじよう	東禪寺陽	人名	人名	人名	upstream			
よう	東禪寺陽	人名	人名	人名	upstream			
はあとのみゅう	羽愛兎みゅう	人名	人名	人名	upstream			
みゅう	羽愛兎みゅう	人名	人名	人名	upstream			
おりしのおるの	織篠オルノ	人名	人名	人名	upstream			
おるの	織篠オルノ	人名	人名	人名	upstream			
みどりのららん	緑埜ララン	人名	人名	人名	upstream			
ららん	緑埜ララン	人名	人名	人名	upstream			
むつらぼしなる	六連星なる	人名	人名	人名	upstream			
なる	六連星なる	人名	人名	人名	upstream			
くゅた	くゅ汰。	人名	人名	人名	upstream			
くゆた	くゅ汰。	人名	人名	人名	upstream			
いなりなお	稻荷七櫻	人名	人名	人名	upstream			
なお	稻荷七櫻	人名	人名	人名	upstream			
くろがねしゅあ	黒銀しゅあ	人名	人名	人名	upstream			
しゅあ	黒銀しゅあ	人名	人名	人名	upstream			
もものもれん	桃之もれん	人名	人名	人名	upstream			
もれん	桃之もれん	人名	人名	人名	upstream			
ほしつきねいろ	星月音彩	人名	人名	人名	upstream			
ねいろ	星月音彩	人名	人名	人名	upstream			
おねむらむ	乙眠らむ	人名	人名	人名	upstream			
らむ	乙眠らむ	人名	人名	人名	upstream			
とうかよい	灯華よい	人名	人名	人名	upstream			
よい	灯華よい	人名	人名	人名	upstream			
こはくりょう	琥珀りょう	人名	人名	人名	upstream			
りょう	琥珀りょう	人名	人名	人名	upstream			
あいどうるう	愛糖るう	人名	人名	人名	upstream			
るう	愛糖るう	人名	人名	人名	upstream			
よいこしこいん	宵越こいん	人名	人名	人名	upstream			
こいん	宵越こいん	人名	人名	人名	upstream			
みしまあいら	美嶋アイラ	人名	人名	人名	upstream			
あいら	美嶋アイラ	人名	人名	人名	upstream			
やまねこい	山寧恋	人名	人名	人名	upstream			
こい	山寧恋	人名	人名	人名	upstream			
あおはなみや	華宮愛音	人名	人名	人名	upstream			
みや	華宮愛音	人名	人名	人名	upstream			
さつきあおば	五月アオバ	人名	人名	人名	upstream			
あおば	五月アオバ	人名	人名	人名	upstream			
ほしあめあゆき	星飴あゆき	人名	人名	人名	upstream			
あゆき	星飴あゆき	人名	人名	人名	upstream			
びしょうじょにか	美少女ニカ	人名	人名	人名	upstream			
にか	美少女ニカ	人名	人名	人名	upstream			
ともしびゆら	灯火ゆら	人名	人名	人名	upstream			
ゆら	灯火ゆら	人名	人名	人名	upstream			
はなしろめんも	花城めんも	人名	人名	人名	upstream			
めんも	花城めんも	人名	人名	人名	upstream			
みなもとにこ	源ニコ	人名	人名	人名	upstream			
にこ	源ニコ	人名	人名	人名	upstream			
くりうぇとい	繰ヱとい	人名	人名	人名	upstream			
くりえとい	繰ヱとい	人名	人名	人名	upstream			
くりゑとい	繰ヱとい	人名	人名	人名	upstream			
とい	繰ヱとい	人名	人名	人名	upstream			
かいとうしょうじょみる	怪盗少女ミル	人名	人名	人名	upstream			
みる	怪盗少女ミル	人名	人名	人名	upstream			
めるゆき	めるゆき	人名	人名	人名	upstream			
ねこすずりか	猫鈴りか	人名	人名	人名	upstream			
りか	猫鈴りか	人名	人名	人名	upstream			
にゃがはまにゃお	猫ヶ濱にゃお	人名	人名	人名	upstream			
にゃお	猫ヶ濱にゃお	人名	人名	人名	upstream			
さやまふう	鎖山ふう	人名	人名	人名	upstream			
ふう	鎖山ふう	人名	人名	人名	upstream			
さくら	紗紅楽	人名	人名	人名	upstream			
みないさいね	薬袋さいね	人名	人名	人名	upstream			
さいね	薬袋さいね	人名	人名	人名	upstream			
ただのはむ	只乃ハム	人名	人名	人名	upstream			
はむ	只乃ハム	人名	人名	人名	upstream			
あけしろすざく	朱城スザク	人名	人名	人名	upstream			
すざく	朱城スザク	人名	人名	人名	upstream			
うたどりみい	歌鳥みい	人名	人名	人名	upstream			
みい	歌鳥みい	人名	人名	人名	upstream			
あやふじさきや	彩藤些希夜	人名	人名	人名	upstream			
さきや	彩藤些希夜	人名	人名	人名	upstream			
そうめいかいり	爽明カイリ	人名	人名	人名	upstream			
かいり	爽明カイリ	人名	人名	人名	upstream			
ととせぺち	兎々星ぺち	人名	人名	人名	upstream			
ぺち	兎々星ぺち	人名	人名	人名	upstream			
ねこてるめにあ	猫照めにあ	人名	人名	人名	upstream			
めにあ	猫照めにあ	人名	人名	人名	upstream			
あおいうい	碧衣うい	人名	人名	人名	upstream			
うい	碧衣うい	人名	人名	人名	upstream			
てんわちゃちゃ	天輪ちゃちゃ	人名	人名	人名	upstream			
ちゃちゃ	天輪ちゃちゃ	人名	人名	人名	upstream			
ねこたにはなび	猫谷花火	人名	人名	人名	upstream			
はなび	猫谷花火	人名	人名	人名	upstream			
やこうるみな	夜光ルミナ	人名	人名	人名	upstream			
るみな	夜光ルミナ	人名	人名	人名	upstream			
こくじょうあす	黒穣あす	人名	人名	人名	upstream			
あす	黒穣あす	人名	人名	人名	upstream			
あませりるむ	天瀬リルム	人名	人名	人名	upstream			
りるむ	天瀬リルム	人名	人名	人名	upstream			
ねこはゆの	猫葉ゆの	人名	人名	人名	upstream			
ゆの	猫葉ゆの	人名	人名	人名	upstream			
あまさきくっきー	甘咲クッキー	人名	人名	人名	upstream			
くっきー	甘咲クッキー	人名	人名	人名	upstream			
ぼさついんあしゅら	菩薩院アシュラ	人名	人名	人名	upstream			
あしゅら	菩薩院アシュラ	人名	人名	人名	upstream			
ももいろゆにこ	桃色ユニコ	人名	人名	人名	upstream			
ゆにこ	桃色ユニコ	人名	人名	人名	upstream			
ゆきみめる	雪水める	人名	人名	人名	upstream			
める	雪水める	人名	人名	人名	upstream			
あまはねみかど	天羽ミカド	人名	人名	人名	upstream			
みかど	天羽ミカド	人名	人名	人名	upstream			
はくらいりず	拍雷りず	人名	人名	人名	upstream			
りず	拍雷りず	人名	人名	人名	upstream			
はなはねほまり	花羽ほまり	人名	人名	人名	upstream			
ほまり	花羽ほまり	人名	人名	人名	upstream			
だらあんみあび	荼楽庵みあび	人名	人名	人名	upstream			
みあび	荼楽庵みあび	人名	人名	人名	upstream			
ひょうげつかふぇりしあ	氷月華フェリシア	人名	人名	人名	upstream			
ふぇりしあ	氷月華フェリシア	人名	人名	人名	upstream			
まひるねる	真昼ねる	人名	人名	人名	upstream			
ねる	真昼ねる	人名	人名	人名	upstream			
いぬゆのぽみ	犬癒乃波米	人名	人名	人名	upstream			
ぽみ	犬癒乃波米	人名	人名	人名	upstream			
かためぷりん	結夢プリン	人名	人名	人名	upstream			
ぷりん	結夢プリン	人名	人名	人名	upstream			
あまがいおるた	天海をるた	人名	人名	人名	upstream			
あまがいをるた	天海をるた	人名	人名	人名	upstream			
おるた	天海をるた	人名	人名	人名	upstream			
をるた	天海をるた	人名	人名	人名	upstream			
こもりにと	コモリニト	人名	人名	人名	upstream			
にと	コモリニト	人名	人名	人名	upstream			
ほしのみやこ	星乃みやこ	人名	人名	人名	upstream			
みやこ	星乃みやこ	人名	人名	人名	upstream			
しゅとうれん	朱桃れん	人名	人名	人名	upstream			
れん	朱桃れん	人名	人名	人名	upstream			
いちかみむい	一神ムイ	人名	人名	人名	upstream			
むい	一神ムイ	人名	人名	人名	upstream			
たまみるな	霊海るな	人名	人名	人名	upstream			
るな	霊海るな	人名	人名	人名	upstream			
かいどうてん	回胴てん	人名	人名	人名	upstream			
てん	回胴てん	人名	人名	人名	upstream			
しろばらさいか	白薔薇彩嘉	人名	人名	人名	upstream			
さいか	白薔薇彩嘉	人名	人名	人名	upstream			
まいにちいこか	舞日いこか	人名	人名	人名	upstream			
いこか	舞日いこか	人名	人名	人名	upstream			
にーあくいん	ニーアクイン	人名	人名	人名	upstream			
にーあ	ニーアクイン	人名	人名	人名	upstream			
らい	らい	人名	人名	人名	upstream			
よもすがら	夜百すがら	人名	人名	人名	upstream			
すがら	夜百すがら	人名	人名	人名	upstream			
くすのきすぐり	楠木すぐり	人名	人名	人名	upstream			
すぐり	楠木すぐり	人名	人名	人名	upstream			
はなさきことは	花咲ことは	人名	人名	人名	upstream			
ことは	花咲ことは	人名	人名	人名	upstream			
つづらはのね	甘楽はのね	人名	人名	人名	upstream			
はのね	甘楽はのね	人名	人名	人名	upstream			
ふかきよる	深祈よる	人名	人名	人名	upstream			
よる	深祈よる	人名	人名	人名	upstream			
くらさきねい	昏咲ネイ	人名	人名	人名	upstream			
ねい	昏咲ネイ	人名	人名	人名	upstream			
ささだなおみ	笹田なおみ	人名	人名	人名	upstream			
なおみ	笹田なおみ	人名	人名	人名	upstream			
よあそびらうむ	夜遊ラウム	人名	人名	人名	upstream			
らうむ	夜遊ラウム	人名	人名	人名	upstream			
はつこいさき	初恋サキ	人名	人名	人名	upstream			
さき	初恋サキ	人名	人名	人名	upstream			
かるまろん	狩真ロン	人名	人名	人名	upstream			
ろん	狩真ロン	人名	人名	人名	upstream			
そらとぶつもり	空跳つもり	人名	人名	人名	upstream			
つもり	空跳つもり	人名	人名	人名	upstream			
かなめねお	叶夢ねお	人名	人名	人名	upstream			
ねお	叶夢ねお	人名	人名	人名	upstream			
いちみやちよ	一宮ちよ	人名	人名	人名	upstream			
ちよ	一宮ちよ	人名	人名	人名	upstream			
こはないみるは	恋花苺みるは	人名	人名	人名	upstream			
みるは	恋花苺みるは	人名	人名	人名	upstream			
つきよりょうすけ	月夜猟介	人名	人名	人名	upstream			
りょうすけ	月夜猟介	人名	人名	人名	upstream			
うさきなのは	羽咲なのは	人名	人名	人名	upstream			
なのは	羽咲なのは	人名	人名	人名	upstream			
たまのいひのき	玉乃井ひのき	人名	人名	人名	upstream			
ひのき	玉乃井ひのき	人名	人名	人名	upstream			
ちとせみおん	千歳みおん	人名	人名	人名	upstream			
みおん	千歳みおん	人名	人名	人名	upstream			
いちごゆあ	苺恋ゆあ	人名	人名	人名	upstream			
ゆあ	苺恋ゆあ	人名	人名	人名	upstream			
さめたろう	さめたろう	人名	人名	人名	upstream			
あまなりゅな	天奈リュナ	人名	人名	人名	upstream			
りゅな	天奈リュナ	人名	人名	人名	upstream			
ねこまちひみつ	猫街ひみつ	人名	人名	人名	upstream			
ひみつ	猫街ひみつ	人名	人名	人名	upstream			
たこやきい	蛸屋きい	人名	人名	人名	upstream			
きい	蛸屋きい	人名	人名	人名	upstream			
いぬまるぽてる	犬丸ぽてる	人名	人名	人名	upstream			
ぽてる	犬丸ぽてる	人名	人名	人名	upstream			
くろのよる	黒乃よる	人名	人名	人名	upstream			
よる	黒乃よる	人名	人名	人名	upstream			
かずみれん	花澄れん	人名	人名	人名	upstream			
れん	花澄れん	人名	人名	人名	upstream			
ねるもも	涅露茉茉	人名	人名	人名	upstream			
もも	涅露茉茉	人名	人名	人名	upstream			
ゆうきにあ	遊喜にあ	人名	人名	人名	upstream			
にあ	遊喜にあ	人名	人名	人名	upstream			
かいとうおぺら	界透オペラ	人名	人名	人名	upstream			
おぺら	界透オペラ	人名	人名	人名	upstream			
おとなしくろ	闇クロ	人名	人名	人名	upstream			
くろ	闇クロ	人名	人名	人名	upstream			
ひむろるき	氷室ルキ	人名	人名	人名	upstream			
るき	氷室ルキ	人名	人名	人名	upstream			
いちかわさおり	莓川紗織	人名	人名	人名	upstream			
さおり	莓川紗織	人名	人名	人名	upstream			
ちすうにあ	知雛にあ	人名	人名	人名	upstream			
にあ	知雛にあ	人名	人名	人名	upstream			
おおたかつばき	蒼鷹つばき	人名	人名	人名	upstream			
つばき	蒼鷹つばき	人名	人名	人名	upstream			
よよいよよめ	夜酔よよめ	人名	人名	人名	upstream			
よよめ	夜酔よよめ	人名	人名	人名	upstream			
れくいえむ	麗玖音エム	人名	人名	人名	upstream			
えむ	麗玖音エム	人名	人名	人名	upstream			
ゆめみるびぃ	夢見ルビィ	人名	人名	人名	upstream			
るびぃ	夢見ルビィ	人名	人名	人名	upstream			
るびい	夢見ルビィ	人名	人名	人名	upstream			
ひばないる	火華いる	人名	人名	人名	upstream			
いる	火華いる	人名	人名	人名	upstream			
よいよいりいら	酔宵りいら	人名	人名	人名	upstream			
りいら	酔宵りいら	人名	人名	人名	upstream			
ゔぁにたすかーれっと	ヴァニタ・スカーレット	人名	人名	人名	upstream			
ばにたすかーれっと	ヴァニタ・スカーレット	人名	人名	人名	upstream			
ゔぁにた	ヴァニタ・スカーレット	人名	人名	人名	upstream			
ばにた	ヴァニタ・スカーレット	人名	人名	人名	upstream			
ひかりかぜろろの	光風ロロノ	人名	人名	人名	upstream			
ろろの	光風ロロノ	人名	人名	人名	upstream			
ひきのみやこもり	比木乃宮こもり	人名	人名	人名	upstream			
こもり	比木乃宮こもり	人名	人名	人名	upstream			
とこよのごず	常世乃ゴズ	人名	人名	人名	upstream			
ごず	常世乃ゴズ	人名	人名	人名	upstream			
やくもつばめ	八雲つばめ	人名	人名	人名	upstream			
つばめ	八雲つばめ	人名	人名	人名	upstream			
むらさきあと	紫アト	人名	人名	人名	upstream			
あと	紫アト	人名	人名	人名	upstream			
あまほしみそら	天星みそら	人名	人名	人名	upstream			
みそら	天星みそら	人名	人名	人名	upstream			
いかづちぴこ	雷鎚ぴこ	人名	人名	人名	upstream			
ぴこ	雷鎚ぴこ	人名	人名	人名	upstream			
きらめみーあ	煌愛ミーア	人名	人名	人名	upstream			
みーあ	煌愛ミーア	人名	人名	人名	upstream			
まぜよると	真善ヨルト	人名	人名	人名	upstream			
よると	真善ヨルト	人名	人名	人名	upstream			
せきがんおうかわず	赫眼王蛙	人名	人名	人名	upstream			
あおい	赫眼王蛙	人名	人名	人名	upstream			
そうだがむ	爽田がむ	人名	人名	人名	upstream			
そーだがむ	爽田がむ	人名	人名	人名	upstream			
がむ	爽田がむ	人名	人名	人名	upstream			
しろのねこり	白乃ねこり	人名	人名	人名	upstream			
ねこり	白乃ねこり	人名	人名	人名	upstream			
はねさちこも	羽幸コモ	人名	人名	人名	upstream			
こも	羽幸コモ	人名	人名	人名	upstream			
うざきなつ	宇崎なつ	人名	人名	人名	upstream			
なつ	宇崎なつ	人名	人名	人名	upstream			
くおんゆうちゅま	久遠・U・宙愛	人名	人名	人名	upstream			
くおんゆーちゅま	久遠・U・宙愛	人名	人名	人名	upstream			
ちゅま	久遠・U・宙愛	人名	人名	人名	upstream			
みなゆきかのん	水雪花音	人名	人名	人名	upstream			
かのん	水雪花音	人名	人名	人名	upstream			
ちゅむ	秋沐	人名	人名	人名	upstream			
すずのじみぃ	鈴ノ時みぃ	人名	人名	人名	upstream			
すずのじみい	鈴ノ時みぃ	人名	人名	人名	upstream			
みぃ	鈴ノ時みぃ	人名	人名	人名	upstream			
みい	鈴ノ時みぃ	人名	人名	人名	upstream			
うみねこうさぎ	海猫うさぎ	人名	人名	人名	upstream			
うさぎ	海猫うさぎ	人名	人名	人名	upstream			
あいまいちこら	愛妹ちこら	人名	人名	人名	upstream			
ちこら	愛妹ちこら	人名	人名	人名	upstream			
なきわら	なきわら	人名	人名	人名	upstream			
みつきべる	満月ベル	人名	人名	人名	upstream			
べる	満月ベル	人名	人名	人名	upstream			
くれさむに	紅茶むに	人名	人名	人名	upstream			
むに	紅茶むに	人名	人名	人名	upstream			
ゆずきさく	悠月朔	人名	人名	人名	upstream			
さく	悠月朔	人名	人名	人名	upstream			
みどくろーぱ	三毒ローパ	人名	人名	人名	upstream			
ろーぱ	三毒ローパ	人名	人名	人名	upstream			
うゆずきめお	卯夢月めお	人名	人名	人名	upstream			
めお	卯夢月めお	人名	人名	人名	upstream			
こづきらぎ	紺月らぎ	人名	人名	人名	upstream			
らぎ	紺月らぎ	人名	人名	人名	upstream			
うるるかのい	狼鹿ノイ	人名	人名	人名	upstream			
のい	狼鹿ノイ	人名	人名	人名	upstream			
うさみみう	兎美みう	人名	人名	人名	upstream			
みう	兎美みう	人名	人名	人名	upstream			
ほしはなすい	星花水	人名	人名	人名	upstream			
すい	星花水	人名	人名	人名	upstream			
くろのすず	黎乃鈴	人名	人名	人名	upstream			
すず	黎乃鈴	人名	人名	人名	upstream			
はなみやみゅう	花宮ミュウ	人名	人名	人名	upstream			
みゅう	花宮ミュウ	人名	人名	人名	upstream			
ひなみおうか	ひなみ桜花	人名	人名	人名	upstream			
おうか	ひなみ桜花	人名	人名	人名	upstream			
ねむれーぬ	音夢れーぬ	人名	人名	人名	upstream			
れーぬ	音夢れーぬ	人名	人名	人名	upstream			
るわ	ルワ	人名	人名	人名	upstream			
しいのきちの	椎乃樹ちの	人名	人名	人名	upstream			
ちの	椎乃樹ちの	人名	人名	人名	upstream			
きりさきれいか	霧崎玲花	人名	人名	人名	upstream			
れいか	霧崎玲花	人名	人名	人名	upstream			
あまがみぱく	甘噛ぱく	人名	人名	人名	upstream			
ぱく	甘噛ぱく	人名	人名	人名	upstream			
あまねそら	雨音空	人名	人名	人名	upstream			
そら	雨音空	人名	人名	人名	upstream			
かくりよよじょう	夜常幽世	人名	人名	人名	upstream			
よじょう	夜常幽世	人名	人名	人名	upstream			
みかんづきおれこ	蜜柑月オレコ	人名	人名	人名	upstream			
おれこ	蜜柑月オレコ	人名	人名	人名	upstream			
めい	めい	人名	人名	人名	upstream			
やまだこはね	山田恋羽	人名	人名	人名	upstream			
こはね	山田恋羽	人名	人名	人名	upstream			
かみつきれいる	狼月鬼レイル	人名	人名	人名	upstream			
れいる	狼月鬼レイル	人名	人名	人名	upstream			
しきめぐりこゆき	四季巡小雪	人名	人名	人名	upstream			
こゆき	四季巡小雪	人名	人名	人名	upstream			
きゅんる	きゅんる	人名	人名	人名	upstream			
にとこばこ	二兎こばこ	人名	人名	人名	upstream			
こばこ	二兎こばこ	人名	人名	人名	upstream			
いろはゆめ	彩羽悠夢	人名	人名	人名	upstream			
ゆめ	彩羽悠夢	人名	人名	人名	upstream			
ういみう	宇井みう	人名	人名	人名	upstream			
みう	宇井みう	人名	人名	人名	upstream			
あらにあむ	新弐あむ	人名	人名	人名	upstream			
あむ	新弐あむ	人名	人名	人名	upstream			
さえつきれい	冴月零	人名	人名	人名	upstream			
れい	冴月零	人名	人名	人名	upstream			
いちのよより	苺埜よより	人名	人名	人名	upstream			
よより	苺埜よより	人名	人名	人名	upstream			
ふくはなちよ	福華ちよ	人名	人名	人名	upstream			
ちよ	福華ちよ	人名	人名	人名	upstream			
あまいせあ	甘癒せあ	人名	人名	人名	upstream			
せあ	甘癒せあ	人名	人名	人名	upstream			
まいなひめの	苺奈ひめの	人名	人名	人名	upstream			
ひめの	苺奈ひめの	人名	人名	人名	upstream			
あおあかりすふあ	青燈すふあ	人名	人名	人名	upstream			
すふあ	青燈すふあ	人名	人名	人名	upstream			
きつねみみぃ	狐美ミィ	人名	人名	人名	upstream			
きつねみみい	狐美ミィ	人名	人名	人名	upstream			
みみぃ	狐美ミィ	人名	人名	人名	upstream			
みみい	狐美ミィ	人名	人名	人名	upstream			
いぬのぽめた	犬乃ぽめた。	人名	人名	人名	upstream			
ぽめた	犬乃ぽめた。	人名	人名	人名	upstream			
なつきひまり	夏木日葵	人名	人名	人名	upstream			
ひまり	夏木日葵	人名	人名	人名	upstream			
せせらぎせな	瀬々良木セナ	人名	人名	人名	upstream			
せな	瀬々良木セナ	人名	人名	人名	upstream			
かっきー	カッキー	人名	人名	人名	upstream			
りろし	リロ氏	人名	人名	人名	upstream			
じゃしんちゃん	邪神ちゃん	人名	人名	人名	upstream			
さくらねのん	桜音のん	人名	人名	人名	upstream			
のん	桜音のん	人名	人名	人名	upstream			
しののめはる	東雲はる	人名	人名	人名	upstream			
はる	東雲はる	人名	人名	人名	upstream			
さゆりさゆ	小百合さゆ	人名	人名	人名	upstream			
さゆ	小百合さゆ	人名	人名	人名	upstream			
じゅうはちごう	18号	人名	人名	人名	upstream			
くー	クー	人名	人名	人名	upstream			
みすみめめ	未澄めめ	人名	人名	人名	upstream			
めめ	未澄めめ	人名	人名	人名	upstream			
みつねはに	蜜音はに	人名	人名	人名	upstream			
はに	蜜音はに	人名	人名	人名	upstream			
しののめれみ	東雲レミ	人名	人名	人名	upstream			
れみ	東雲レミ	人名	人名	人名	upstream			
ほしのしお	星乃しお	人名	人名	人名	upstream			
しお	星乃しお	人名	人名	人名	upstream			
ころん	ころん	人名	人名	人名	upstream			
つくしばらすみね	尽原澄根	人名	人名	人名	upstream			
すみね	尽原澄根	人名	人名	人名	upstream			
らじぇっとてぃぐりす	ラジェット・ティグリス	人名	人名	人名	upstream			
らじぇっと	ラジェット・ティグリス	人名	人名	人名	upstream			
ぶらっく	ブラック	人名	人名	人名	upstream			
えんがくあそび	苑楽アソビ	人名	人名	人名	upstream			
あそび	苑楽アソビ	人名	人名	人名	upstream			
しぇいど	しぇいど	人名	人名	人名	upstream			
むつー	むつー	人名	人名	人名	upstream			
ほとけ	ほとけ	人名	人名	人名	upstream			
ゆずひこ	ゆずひこ	人名	人名	人名	upstream			
らびすべれい	ラビス・ベレイ	人名	人名	人名	upstream			
らびす	ラビス・ベレイ	人名	人名	人名	upstream			
せき	汐	人名	人名	人名	upstream			
なおきり	なおきり	人名	人名	人名	upstream			
よしき	よしき	人名	人名	人名	upstream			
しゃんでり	シャンデリ	人名	人名	人名	upstream			
おうむあ	埃穆亞	人名	人名	人名	upstream			
だいきり	だいきり	人名	人名	人名	upstream			
ごんぎ	ゴンギ	人名	人名	人名	upstream			
あみのぴこん	網野ぴこん	人名	人名	人名	upstream			
ぴこん	網野ぴこん	人名	人名	人名	upstream			
あれったすかい	アレッタ・スカイ	人名	人名	人名	upstream			
あれった	アレッタ・スカイ	人名	人名	人名	upstream			
つきみやちよ	月見ヤチヨ	人名	人名	人名	upstream			
やちよ	月見ヤチヨ	人名	人名	人名	upstream			
でぃか	豚足姬	人名	人名	人名	upstream			
ふぉらうぉるど	フォラ・ウォルド	人名	人名	人名	upstream			
ふぉら	フォラ・ウォルド	人名	人名	人名	upstream			
さらせりあ	サラ・セリア	人名	人名	人名	upstream			
さら	サラ・セリア	人名	人名	人名	upstream			
あざとすていしあ	鮮門ステイシア	人名	人名	人名	upstream			
すていしあ	鮮門ステイシア	人名	人名	人名	upstream			
みつきしおり	光月しおり	人名	人名	人名	upstream			
しおり	光月しおり	人名	人名	人名	upstream			
どらきこな	ドラキ・コナ	人名	人名	人名	upstream			
どらき	ドラキ・コナ	人名	人名	人名	upstream			
はなのみやあかり	花ノ宮あかり	人名	人名	人名	upstream			
あかり	花ノ宮あかり	人名	人名	人名	upstream			
るなとりっくす	ルナトリックス	人名	人名	人名	upstream			
さなぎゆず	蛾虫ユズ	人名	人名	人名	upstream			
ゆず	蛾虫ユズ	人名	人名	人名	upstream			
およ	오요	人名	人名	人名	upstream			
ねことにゃこ	猫戸ニャコ	人名	人名	人名	upstream			
にゃこ	猫戸ニャコ	人名	人名	人名	upstream			
てっりぬんな	테리눈나	人名	人名	人名	upstream			
ぬんな	테리눈나	人名	人名	人名	upstream			
ほしのすまいる	星ノ洲マイル	人名	人名	人名	upstream			
まいる	星ノ洲マイル	人名	人名	人名	upstream			
らんしきうみゆ	欖式卯美優	人名	人名	人名	upstream			
うみゆ	欖式卯美優	人名	人名	人名	upstream			
ひつぎめいゔちゆる	柩メイヴちゆる	人名	人名	人名	upstream			
ちゆる	柩メイヴちゆる	人名	人名	人名	upstream			
にしきなか	錦なか	人名	人名	人名	upstream			
なか	錦なか	人名	人名	人名	upstream			
まっちゃ	抹茶。	人名	人名	人名	upstream			
あまぎりうい	雨霧うい	人名	人名	人名	upstream			
うい	雨霧うい	人名	人名	人名	upstream			
みどりかわはやて	緑川ハヤテ	人名	人名	人名	upstream			
はやて	緑川ハヤテ	人名	人名	人名	upstream			
あわすずみる	泡清みる	人名	人名	人名	upstream			
みる	泡清みる	人名	人名	人名	upstream			
ゆうずきのるん	悠好のるん	人名	人名	人名	upstream			
のるん	悠好のるん	人名	人名	人名	upstream			
つきひいつか	月日いつか	人名	人名	人名	upstream			
いつか	月日いつか	人名	人名	人名	upstream			
ゆきしろくでらー	雪城くでらー	人名	人名	人名	upstream			
くでらー	雪城くでらー	人名	人名	人名	upstream			
あやおりけい	綾織慶	人名	人名	人名	upstream			
けい	綾織慶	人名	人名	人名	upstream			
くやみも	玖夜ミモ	人名	人名	人名	upstream			
みも	玖夜ミモ	人名	人名	人名	upstream			
よいまちひさめ	宵待ヒサメ	人名	人名	人名	upstream			
ひさめ	宵待ヒサメ	人名	人名	人名	upstream			
つきしろせな	月城瀬奈	人名	人名	人名	upstream			
せな	月城瀬奈	人名	人名	人名	upstream			
ぼいんさき	牡婬サキ	人名	人名	人名	upstream			
さき	牡婬サキ	人名	人名	人名	upstream			
むらさめすい	村雨翠	人名	人名	人名	upstream			
すい	村雨翠	人名	人名	人名	upstream			
そなぎななな	宙薙ななな	人名	人名	人名	upstream			
ななな	宙薙ななな	人名	人名	人名	upstream			
らむねめりぃ	らむねめりぃ	人名	人名	人名	upstream			
めりぃ	らむねめりぃ	人名	人名	人名	upstream			
めりい	らむねめりぃ	人名	人名	人名	upstream			
めりー	らむねめりぃ	人名	人名	人名	upstream			
こむろあんず	狐室杏	人名	人名	人名	upstream			
あんず	狐室杏	人名	人名	人名	upstream			
あまくずあまえ	甘屑あまえ	人名	人名	人名	upstream			
あまえ	甘屑あまえ	人名	人名	人名	upstream			
そらしどしあん	空種シアン	人名	人名	人名	upstream			
しあん	空種シアン	人名	人名	人名	upstream			
ばらぞのじぜる	薔薇園ジゼル	人名	人名	人名	upstream			
じぜる	薔薇園ジゼル	人名	人名	人名	upstream			
うるしもりはす	漆杜果珠	人名	人名	人名	upstream			
はす	漆杜果珠	人名	人名	人名	upstream			
あましろりゅか	天白龍華	人名	人名	人名	upstream			
りゅか	天白龍華	人名	人名	人名	upstream			
ささら	紗々羅	人名	人名	人名	upstream			
あまいろねこ	天色ねこ	人名	人名	人名	upstream			
ねこ	天色ねこ	人名	人名	人名	upstream			
やび	牙白	人名	人名	人名	upstream			
おとのはことは	音ノ羽ことは	人名	人名	人名	upstream			
ことは	音ノ羽ことは	人名	人名	人名	upstream			
わたあめふぃ	綿愛芽ふぃ	人名	人名	人名	upstream			
ふぃ	綿愛芽ふぃ	人名	人名	人名	upstream			
とりつかこう	鳥塚コウ	人名	人名	人名	upstream			
こう	鳥塚コウ	人名	人名	人名	upstream			
いさならげ	磯魚らげ	人名	人名	人名	upstream			
らげ	磯魚らげ	人名	人名	人名	upstream			
よすがらひつじ	終夜ひつじ	人名	人名	人名	upstream			
ひつじ	終夜ひつじ	人名	人名	人名	upstream			
ねむらせる	眠来せる	人名	人名	人名	upstream			
せる	眠来せる	人名	人名	人名	upstream			
あまめのしふぉん	甘愛乃しふぉん	人名	人名	人名	upstream			
しふぉん	甘愛乃しふぉん	人名	人名	人名	upstream			
むくろせとう	骸世トウ	人名	人名	人名	upstream			
あばしりのえ	網走のえ	人名	人名	人名	upstream			
のえ	網走のえ	人名	人名	人名	upstream			
ゆすらりんさく	山桜桃燐作	人名	人名	人名	upstream			
りんさく	山桜桃燐作	人名	人名	人名	upstream			
うらぎりゔぁるの	裏霧ヴァルノ	人名	人名	人名	upstream			
ゔぁるの	裏霧ヴァルノ	人名	人名	人名	upstream			
いずももにか	出雲モニカ	人名	人名	人名	upstream			
もにか	出雲モニカ	人名	人名	人名	upstream			
ゆずりはゆづる	楪ゆづる	人名	人名	人名	upstream			
ゆづる	楪ゆづる	人名	人名	人名	upstream			
あひるまりずむ	亜昼間りずむ	人名	人名	人名	upstream			
りずむ	亜昼間りずむ	人名	人名	人名	upstream			
すずたまちぃ	鈴珠ちぃ	人名	人名	人名	upstream			
すずたまちい	鈴珠ちぃ	人名	人名	人名	upstream			
ちぃ	鈴珠ちぃ	人名	人名	人名	upstream			
ちい	鈴珠ちぃ	人名	人名	人名	upstream			
しがらみさらみ	柵味サラミ	人名	人名	人名	upstream			
さらみ	柵味サラミ	人名	人名	人名	upstream			
さいばにいる	彩刃ニイル	人名	人名	人名	upstream			
にいる	彩刃ニイル	人名	人名	人名	upstream			
ゆずりはりうね	杠葉りうね	人名	人名	人名	upstream			
りうね	杠葉りうね	人名	人名	人名	upstream			
うさつきうゆ	宇佐月うゆ	人名	人名	人名	upstream			
うゆ	宇佐月うゆ	人名	人名	人名	upstream			
よみかわあにま	黄泉川あにま	人名	人名	人名	upstream			
あにま	黄泉川あにま	人名	人名	人名	upstream			
はるや	春夜	人名	人名	人名	upstream			
あまねとき	天峰トキ	人名	人名	人名	upstream			
とき	天峰トキ	人名	人名	人名	upstream			
このはなさあや	木花茶彩	人名	人名	人名	upstream			
さあや	木花茶彩	人名	人名	人名	upstream			
こうがみひるや	狡噛ひるや	人名	人名	人名	upstream			
ひるや	狡噛ひるや	人名	人名	人名	upstream			
りゅうぐうにどね	竜宮にどね	人名	人名	人名	upstream			
にどね	竜宮にどね	人名	人名	人名	upstream			
きさらぎえま	如月えま	人名	人名	人名	upstream			
えま	如月えま	人名	人名	人名	upstream			
しろさきはむ	白崎羽夢	人名	人名	人名	upstream			
はむ	白崎羽夢	人名	人名	人名	upstream			
おうかわななり	奥川菜々理	人名	人名	人名	upstream			
そうだるるあ	想田るるあ	人名	人名	人名	upstream			
るるあ	想田るるあ	人名	人名	人名	upstream			
とらがぐちこはく	寅ヶ口コハク	人名	人名	人名	upstream			
こはく	寅ヶ口コハク	人名	人名	人名	upstream			
くまくらくらり	熊枕くらり	人名	人名	人名	upstream			
くらり	熊枕くらり	人名	人名	人名	upstream			
こくいひさな	黒衣緋真	人名	人名	人名	upstream			
ひさな	黒衣緋真	人名	人名	人名	upstream			
ねこしらべるん	猫調べるん	人名	人名	人名	upstream			
べるん	猫調べるん	人名	人名	人名	upstream			
こんあいはむ	紺藍はむ	人名	人名	人名	upstream			
はむ	紺藍はむ	人名	人名	人名	upstream			
みつはしきなこ	蜜橋きなこ	人名	人名	人名	upstream			
きなこ	蜜橋きなこ	人名	人名	人名	upstream			
ももさきみり	桃咲みり	人名	人名	人名	upstream			
みり	桃咲みり	人名	人名	人名	upstream			
ねぎのちゅな	葱埜ちゅな	人名	人名	人名	upstream			
ちゅな	葱埜ちゅな	人名	人名	人名	upstream			
のちのよふゆう	後世ふゆう	人名	人名	人名	upstream			
ふゆう	後世ふゆう	人名	人名	人名	upstream			
ひおりむねむ	柊織むねむ	人名	人名	人名	upstream			
かいろれにい	灰狼れにい	人名	人名	人名	upstream			
れにい	灰狼れにい	人名	人名	人名	upstream			
ましろるり	真白瑠璃	人名	人名	人名	upstream			
るり	真白瑠璃	人名	人名	人名	upstream			
しらくもゆゆ	白雲ゆゆ	人名	人名	人名	upstream			
ゆゆ	白雲ゆゆ	人名	人名	人名	upstream			
はくいせら	白衣セラ	人名	人名	人名	upstream			
せら	白衣セラ	人名	人名	人名	upstream			
はさきふうご	波崎楓後	人名	人名	人名	upstream			
ふうご	波崎楓後	人名	人名	人名	upstream			
るりつきみゅぜっと	瑠璃月ミュゼット	人名	人名	人名	upstream			
みゅぜっと	瑠璃月ミュゼット	人名	人名	人名	upstream			
かんべんさいぞう	勘弁才蔵	人名	人名	人名	upstream			
さいぞう	勘弁才蔵	人名	人名	人名	upstream			
れっどくまごろー	烈怒くまごろー	人名	人名	人名	upstream			
くまごろー	烈怒くまごろー	人名	人名	人名	upstream			
みかどはいせ	帝ハイセ	人名	人名	人名	upstream			
はいせ	帝ハイセ	人名	人名	人名	upstream			
ねこまたついんず	猫又ツインズ	人名	人名	人名	upstream			
ひなみひな	雛心ひな	人名	人名	人名	upstream			
ひな	雛心ひな	人名	人名	人名	upstream			
まくろのいる	魔黒ノイル	人名	人名	人名	upstream			
のいる	魔黒ノイル	人名	人名	人名	upstream			
あんにんはる	葵依はる	人名	人名	人名	upstream			
はる	葵依はる	人名	人名	人名	upstream			
つきよのまう	月夜ノまう	人名	人名	人名	upstream			
まう	月夜ノまう	人名	人名	人名	upstream			
いなとりのかみもちぎつね	稲取神もちぎつね	人名	人名	人名	upstream			
もちぎつね	稲取神もちぎつね	人名	人名	人名	upstream			
たまもりもく	霊守もく	人名	人名	人名	upstream			
もく	霊守もく	人名	人名	人名	upstream			
はなのもりそまり	花乃森そまり	人名	人名	人名	upstream			
そまり	花乃森そまり	人名	人名	人名	upstream			
りゅうぐうるり	龍宮るり	人名	人名	人名	upstream			
るり	龍宮るり	人名	人名	人名	upstream			
はたなしせかい	羽鳥遊セカイ	人名	人名	人名	upstream			
せかい	羽鳥遊セカイ	人名	人名	人名	upstream			
ひばなもに	日花もに	人名	人名	人名	upstream			
もに	日花もに	人名	人名	人名	upstream			
やみよいはくと	闇宵白灯	人名	人名	人名	upstream			
はくと	闇宵白灯	人名	人名	人名	upstream			
みかいどうゆうら	未階堂ゆうら	人名	人名	人名	upstream			
ゆうら	未階堂ゆうら	人名	人名	人名	upstream			
うつぎりな	空木りな	人名	人名	人名	upstream			
りな	空木りな	人名	人名	人名	upstream			
はくあにあ	薄曖にあ	人名	人名	人名	upstream			
にあ	薄曖にあ	人名	人名	人名	upstream			
ことはみずき	琴巴美月	人名	人名	人名	upstream			
みずき	琴巴美月	人名	人名	人名	upstream			
つきまどろみ	月窓ろみ	人名	人名	人名	upstream			
ろみ	月窓ろみ	人名	人名	人名	upstream			
つきむらもどる	月村徊	人名	人名	人名	upstream			
もどる	月村徊	人名	人名	人名	upstream			
いつきつかさ	五木つかさ	人名	人名	人名	upstream			
つかさ	五木つかさ	人名	人名	人名	upstream			
こまりみぢゅき	狛狸みぢゅき	人名	人名	人名	upstream			
みぢゅき	狛狸みぢゅき	人名	人名	人名	upstream			
こいわずらい	恋煩らい	人名	人名	人名	upstream			
らい	恋煩らい	人名	人名	人名	upstream			
きつねびるび	狐火るび	人名	人名	人名	upstream			
るび	狐火るび	人名	人名	人名	upstream			
はこぶねのあ	方舟ノア	人名	人名	人名	upstream			
のあ	方舟ノア	人名	人名	人名	upstream			
えいりあん	永輪アン	人名	人名	人名	upstream			
あん	永輪アン	人名	人名	人名	upstream			
おはなみしおん	緒花見しおん	人名	人名	人名	upstream			
しおん	緒花見しおん	人名	人名	人名	upstream			
つきだてるちか	月館るちか	人名	人名	人名	upstream			
るちか	月館るちか	人名	人名	人名	upstream			
きょうばめりあ	梟葉めりあ	人名	人名	人名	upstream			
めりあ	梟葉めりあ	人名	人名	人名	upstream			
みたらいこま	御手洗コマ	人名	人名	人名	upstream			
こま	御手洗コマ	人名	人名	人名	upstream			
みつのくま	蜜乃くま	人名	人名	人名	upstream			
くま	蜜乃くま	人名	人名	人名	upstream			
わびさびかおる	侘寂薫	人名	人名	人名	upstream			
かおる	侘寂薫	人名	人名	人名	upstream			
ゆうらぎたいむ	遊楽木たいむ	人名	人名	人名	upstream			
たいむ	遊楽木たいむ	人名	人名	人名	upstream			
よかぜゆい	夜風ユイ	人名	人名	人名	upstream			
ゆい	夜風ユイ	人名	人名	人名	upstream			
みあかりめうり	海灯めうり	人名	人名	人名	upstream			
めうり	海灯めうり	人名	人名	人名	upstream			
うめのすいひ	梅乃すいひ	人名	人名	人名	upstream			
すいひ	梅乃すいひ	人名	人名	人名	upstream			
とくさみつか	十種みつか	人名	人名	人名	upstream			
みつか	十種みつか	人名	人名	人名	upstream			
かさいながめ	霞彩霖	人名	人名	人名	upstream			
ながめ	霞彩霖	人名	人名	人名	upstream			
あまめるる	甘飴るる	人名	人名	人名	upstream			
るる	甘飴るる	人名	人名	人名	upstream			
くすなはる	楠名はる	人名	人名	人名	upstream			
はる	楠名はる	人名	人名	人名	upstream			
いぬみやさゆる	戌宮さゆる	人名	人名	人名	upstream			
さゆる	戌宮さゆる	人名	人名	人名	upstream			
ときそばゆうね	時傍夕音	人名	人名	人名	upstream			
ゆうね	時傍夕音	人名	人名	人名	upstream			
よなぎきなり	詠凪きなり	人名	人名	人名	upstream			
きなり	詠凪きなり	人名	人名	人名	upstream			
つむぎゆう	紡木熊	人名	人名	人名	upstream			
ゆう	紡木熊	人名	人名	人名	upstream			
くうはすう	空白透羽	人名	人名	人名	upstream			
すう	空白透羽	人名	人名	人名	upstream			
かすみゆか	霞侑華	人名	人名	人名	upstream			
ゆか	霞侑華	人名	人名	人名	upstream			
すずか	涼架	人名	人名	人名	upstream			
あまおちのあ	天堕ノア	人名	人名	人名	upstream			
のあ	天堕ノア	人名	人名	人名	upstream			
あいのれんげつ	漣月愛諾	人名	人名	人名	upstream			
れんげつ	漣月愛諾	人名	人名	人名	upstream			
すいちょうなゆさ	翠蝶なゆさ	人名	人名	人名	upstream			
なゆさ	翠蝶なゆさ	人名	人名	人名	upstream			
むげんいろみ	無限いろみ	人名	人名	人名	upstream			
いろみ	無限いろみ	人名	人名	人名	upstream			
ほおずきいのり	鬼灯祈織	人名	人名	人名	upstream			
いのり	鬼灯祈織	人名	人名	人名	upstream			
ひめずきあうら	姫好アウラ	人名	人名	人名	upstream			
あうら	姫好アウラ	人名	人名	人名	upstream			
ねこやこね	猫矢こね	人名	人名	人名	upstream			
こね	猫矢こね	人名	人名	人名	upstream			
ゔぉるふぐらなーとろーと	ヴォルフ･グラナートロート	人名	人名	人名	upstream			
ゔぉるふ	ヴォルフ･グラナートロート	人名	人名	人名	upstream			
ゆきうさゆき	幸兎ユキ	人名	人名	人名	upstream			
ゆき	幸兎ユキ	人名	人名	人名	upstream			
あおのせおうか	蒼瀬桜風	人名	人名	人名	upstream			
おうか	蒼瀬桜風	人名	人名	人名	upstream			
ながれぼしみら	流レ星ミラ	人名	人名	人名	upstream			
みら	流レ星ミラ	人名	人名	人名	upstream			
ゆぼしねみみ	癒星ねみみ	人名	人名	人名	upstream			
ねみみ	癒星ねみみ	人名	人名	人名	upstream			
すあ	すあ	人名	人名	人名	upstream			
なつのほしぞら	夏野星空	人名	人名	人名	upstream			
ほしぞら	夏野星空	人名	人名	人名	upstream			
とうすいつくる	燈翠ツクル	人名	人名	人名	upstream			
つくる	燈翠ツクル	人名	人名	人名	upstream			
みやるな	彌椏	人名	人名	人名	upstream			
よるねこみずき	夜猫みずき	人名	人名	人名	upstream			
みずき	夜猫みずき	人名	人名	人名	upstream			
とのおたま	都野尾たま	人名	人名	人名	upstream			
たま	都野尾たま	人名	人名	人名	upstream			
くくいのえ	鵠のえ	人名	人名	人名	upstream			
のえ	鵠のえ	人名	人名	人名	upstream			
りゅうとうだび	竜頭だび	人名	人名	人名	upstream			
だび	竜頭だび	人名	人名	人名	upstream			
しろあくうま	白悪クウマ	人名	人名	人名	upstream			
くうま	白悪クウマ	人名	人名	人名	upstream			
あおねみう	蒼音みう	人名	人名	人名	upstream			
みう	蒼音みう	人名	人名	人名	upstream			
ささはねいこい	小羽音いこい	人名	人名	人名	upstream			
いこい	小羽音いこい	人名	人名	人名	upstream			
つゆりのそら	五月七日の空	人名	人名	人名	upstream			
のそら	五月七日の空	人名	人名	人名	upstream			
いるまるい	入間ルイ	人名	人名	人名	upstream			
るい	入間ルイ	人名	人名	人名	upstream			
くろぎりなこ	黒切名呼	人名	人名	人名	upstream			
なこ	黒切名呼	人名	人名	人名	upstream			
じゅうごやまろん	十五夜まろん	人名	人名	人名	upstream			
まろん	十五夜まろん	人名	人名	人名	upstream			
うさぎやろこみ	兎屋ろこみ	人名	人名	人名	upstream			
ろこみ	兎屋ろこみ	人名	人名	人名	upstream			
なすまつり	ナス祭り	人名	人名	人名	upstream			
まつり	ナス祭り	人名	人名	人名	upstream			
かしわぎしすい	柏鬼士翠	人名	人名	人名	upstream			
しすい	柏鬼士翠	人名	人名	人名	upstream			
みつきゆうな	三月悠愛	人名	人名	人名	upstream			
ゆうな	三月悠愛	人名	人名	人名	upstream			
ゆるり	夕瑠璃	人名	人名	人名	upstream			
ぜんざいくうねる	善財空ねる	人名	人名	人名	upstream			
ねる	善財空ねる	人名	人名	人名	upstream			
あおぼしるるの	蒼星るるの	人名	人名	人名	upstream			
るるの	蒼星るるの	人名	人名	人名	upstream			
こばみりうる	虚喰りうる	人名	人名	人名	upstream			
りうる	虚喰りうる	人名	人名	人名	upstream			
ゆめみみやしおぎ	夢見宮しおぎ	人名	人名	人名	upstream			
しおぎ	夢見宮しおぎ	人名	人名	人名	upstream			
くすかげみくさ	楠陰ミクサ	人名	人名	人名	upstream			
みくさ	楠陰ミクサ	人名	人名	人名	upstream			
はすみよう	羽澄羊	人名	人名	人名	upstream			
よう	羽澄羊	人名	人名	人名	upstream			
くろのてんこ	黒乃天狐	人名	人名	人名	upstream			
てんこ	黒乃天狐	人名	人名	人名	upstream			
かりまいゔぁん	狩間イヴァン	人名	人名	人名	upstream			
いゔぁん	狩間イヴァン	人名	人名	人名	upstream			
くれおめかれん	クレオメ蝶舞	人名	人名	人名	upstream			
かれん	クレオメ蝶舞	人名	人名	人名	upstream			
はなみやゆい	華宮結	人名	人名	人名	upstream			
ゆい	華宮結	人名	人名	人名	upstream			
とけつみおん	兎穴みおん	人名	人名	人名	upstream			
みおん	兎穴みおん	人名	人名	人名	upstream			
ほしのさき	星埜サキ	人名	人名	人名	upstream			
さき	星埜サキ	人名	人名	人名	upstream			
かみなりゆべし	神鳴ゆべし	人名	人名	人名	upstream			
ゆべし	神鳴ゆべし	人名	人名	人名	upstream			
こすもくらら	恋青星くらら	人名	人名	人名	upstream			
くらら	恋青星くらら	人名	人名	人名	upstream			
ふじわらもも	藤原桃	人名	人名	人名	upstream			
もも	藤原桃	人名	人名	人名	upstream			
きのしたきのこ	木下きのこ	人名	人名	人名	upstream			
きのこ	木下きのこ	人名	人名	人名	upstream			
まめでんきゅう	マメ電9	人名	人名	人名	upstream			
まめ	マメ電9	人名	人名	人名	upstream			
きっさしろえ	喫茶しろえ	人名	人名	人名	upstream			
しろえ	喫茶しろえ	人名	人名	人名	upstream			
とりかいみやこ	鳥飼みやこ	人名	人名	人名	upstream			
みやこ	鳥飼みやこ	人名	人名	人名	upstream			
ねこまたるる	猫又るる	人名	人名	人名	upstream			
るる	猫又るる	人名	人名	人名	upstream			
いっしんふらん	壱神ふらん	人名	人名	人名	upstream			
ふらん	壱神ふらん	人名	人名	人名	upstream			
ひかないと	氷奏いと	人名	人名	人名	upstream			
いと	氷奏いと	人名	人名	人名	upstream			
あめのちとなり	飴後となり	人名	人名	人名	upstream			
となり	飴後となり	人名	人名	人名	upstream			
くろすぜろ	クロスゼロ	人名	人名	人名	upstream			
あしゅかぴあ	朱夏ぴあ	人名	人名	人名	upstream			
ぴあ	朱夏ぴあ	人名	人名	人名	upstream			
さくらみぃ	咲桜みぃ	人名	人名	人名	upstream			
さくらみい	咲桜みぃ	人名	人名	人名	upstream			
みぃ	咲桜みぃ	人名	人名	人名	upstream			
みい	咲桜みぃ	人名	人名	人名	upstream			
むくののけだま	尨ノ乃けだま	人名	人名	人名	upstream			
けだま	尨ノ乃けだま	人名	人名	人名	upstream			
おうりみおら	桜璃みおら	人名	人名	人名	upstream			
みおら	桜璃みおら	人名	人名	人名	upstream			
あまちはなよ	雨知花世	人名	人名	人名	upstream			
はなよ	雨知花世	人名	人名	人名	upstream			
せばすてぃあだぶるくろーど	セバスティア・W・クロード	人名	人名	人名	upstream			
くろーど	セバスティア・W・クロード	人名	人名	人名	upstream			
せばす	セバスティア・W・クロード	人名	人名	人名	upstream			
ゆゆしきゆえ	湯ヶ式ユエ	人名	人名	人名	upstream			
ゆえ	湯ヶ式ユエ	人名	人名	人名	upstream			
むぎはらうい	麦原うい	人名	人名	人名	upstream			
うい	麦原うい	人名	人名	人名	upstream			
はるのちゆり	春乃チユリ	人名	人名	人名	upstream			
ちゆり	春乃チユリ	人名	人名	人名	upstream			
しゅしゅりえこ	柊々莉えこ	人名	人名	人名	upstream			
えこ	柊々莉えこ	人名	人名	人名	upstream			
おさめないな	乂愛ないな	人名	人名	人名	upstream			
ないな	乂愛ないな	人名	人名	人名	upstream			
ねこかわちぃ	猫川ちぃ	人名	人名	人名	upstream			
ねこかわちい	猫川ちぃ	人名	人名	人名	upstream			
ちぃ	猫川ちぃ	人名	人名	人名	upstream			
ちい	猫川ちぃ	人名	人名	人名	upstream			
そうげつとうか	双月燈華	人名	人名	人名	upstream			
とうか	双月燈華	人名	人名	人名	upstream			
おくたーぶ	おくたー部	人名	人名	人名	upstream			
しゅとうかしゅ	酒盗かしゅ	人名	人名	人名	upstream			
かしゅ	酒盗かしゅ	人名	人名	人名	upstream			
あかそらぱお	朱空ぱお	人名	人名	人名	upstream			
ぱお	朱空ぱお	人名	人名	人名	upstream			
りっかくぅ	六花くぅ	人名	人名	人名	upstream			
くぅ	六花くぅ	人名	人名	人名	upstream			
くう	六花くぅ	人名	人名	人名	upstream			
はずき	葉月	人名	人名	人名	upstream			
あおやまれもん	青山れもん	人名	人名	人名	upstream			
れもん	青山れもん	人名	人名	人名	upstream			
さくらなないろ	咲楽虹色	人名	人名	人名	upstream			
なないろ	咲楽虹色	人名	人名	人名	upstream			
もものきかなり	百軒カナリ	人名	人名	人名	upstream			
かなり	百軒カナリ	人名	人名	人名	upstream			
てんちゆめり	天地ゆめり	人名	人名	人名	upstream			
ゆめり	天地ゆめり	人名	人名	人名	upstream			
はなおりみつは	花織みつは	人名	人名	人名	upstream			
みつは	花織みつは	人名	人名	人名	upstream			
ましほむつか	真志保むつか	人名	人名	人名	upstream			
むつか	真志保むつか	人名	人名	人名	upstream			
ほしぞらふりる	星空フリル	人名	人名	人名	upstream			
ふりる	星空フリル	人名	人名	人名	upstream			
かやくぐりかりお	茅潜かりお	人名	人名	人名	upstream			
かりお	茅潜かりお	人名	人名	人名	upstream			
ここのはぽこな	木乃葉ぽこな	人名	人名	人名	upstream			
ぽこな	木乃葉ぽこな	人名	人名	人名	upstream			
ぎゃむ	ぎゃむ	人名	人名	人名	upstream			
いろはねいのる	彩羽いのる	人名	人名	人名	upstream			
いのる	彩羽いのる	人名	人名	人名	upstream			
はつこいりこ	初恋りこ	人名	人名	人名	upstream			
りこ	初恋りこ	人名	人名	人名	upstream			
みつかいうぇね	御使ヱネ	人名	人名	人名	upstream			
みつかいえね	御使ヱネ	人名	人名	人名	upstream			
みつかいゑね	御使ヱネ	人名	人名	人名	upstream			
うぇね	御使ヱネ	人名	人名	人名	upstream			
えね	御使ヱネ	人名	人名	人名	upstream			
ゑね	御使ヱネ	人名	人名	人名	upstream			
こよいしゅか	恋酔しゅか	人名	人名	人名	upstream			
しゅか	恋酔しゅか	人名	人名	人名	upstream			
あいかみりせ	愛守海りせ	人名	人名	人名	upstream			
りせ	愛守海りせ	人名	人名	人名	upstream			
ひなぎくのん	雛菊のん	人名	人名	人名	upstream			
のん	雛菊のん	人名	人名	人名	upstream			
ほむいむい	焔苺むい	人名	人名	人名	upstream			
むい	焔苺むい	人名	人名	人名	upstream			
しも	晞某	人名	人名	人名	upstream			
わたぼししろろ	綿星しろろ	人名	人名	人名	upstream			
しろろ	綿星しろろ	人名	人名	人名	upstream			
きららかるび	雲母カルビ	人名	人名	人名	upstream			
かるび	雲母カルビ	人名	人名	人名	upstream			
ざいたくおーく	在宅オーク	人名	人名	人名	upstream			
おーく	在宅オーク	人名	人名	人名	upstream			
あおさしとおる	青差とおる	人名	人名	人名	upstream			
とおる	青差とおる	人名	人名	人名	upstream			
きさらぎぽて	如月ぽて	人名	人名	人名	upstream			
ぽて	如月ぽて	人名	人名	人名	upstream			
きこうまい	亀甲まい	人名	人名	人名	upstream			
まい	亀甲まい	人名	人名	人名	upstream			
ほしよみふじ	星詠フジ	人名	人名	人名	upstream			
ふじ	星詠フジ	人名	人名	人名	upstream			
ありすがわはぁと	有栖川はぁと	人名	人名	人名	upstream			
はぁと	有栖川はぁと	人名	人名	人名	upstream			
はあと	有栖川はぁと	人名	人名	人名	upstream			
えどがわらんじゅ	江戸川蘭朱	人名	人名	人名	upstream			
らんじゅ	江戸川蘭朱	人名	人名	人名	upstream			
ゆりまるねこ	ゆりまる猫	人名	人名	人名	upstream			
あにいまる	杏仁戌まる	人名	人名	人名	upstream			
まる	杏仁戌まる	人名	人名	人名	upstream			
くらげかすか	海月幽	人名	人名	人名	upstream			
かすか	海月幽	人名	人名	人名	upstream			
はいざきしの	灰咲しの	人名	人名	人名	upstream			
しの	灰咲しの	人名	人名	人名	upstream			
あおあめせおん	青雨セオン	人名	人名	人名	upstream			
せおん	青雨セオン	人名	人名	人名	upstream			
よいじきねうる	宵喰ねうる	人名	人名	人名	upstream			
ねうる	宵喰ねうる	人名	人名	人名	upstream			
かみもりたろー	神守タロー	人名	人名	人名	upstream			
たろー	神守タロー	人名	人名	人名	upstream			
すわいとか	澄羽いとか	人名	人名	人名	upstream			
いとか	澄羽いとか	人名	人名	人名	upstream			
ゆめなかちょん	夢中ちょん	人名	人名	人名	upstream			
ちょん	夢中ちょん	人名	人名	人名	upstream			
つくばねらの	月栄音ラノ	人名	人名	人名	upstream			
らの	月栄音ラノ	人名	人名	人名	upstream			
いものやまかわる	芋之山かわる	人名	人名	人名	upstream			
かわる	芋之山かわる	人名	人名	人名	upstream			
あおいそなた	蒼依そなた	人名	人名	人名	upstream			
そなた	蒼依そなた	人名	人名	人名	upstream			
にんげんぶちくいちわわ	人間ぶち喰いチワワ	人名	人名	人名	upstream			
ちわわ	人間ぶち喰いチワワ	人名	人名	人名	upstream			
ふろうるし	不労るし	人名	人名	人名	upstream			
るし	不労るし	人名	人名	人名	upstream			
さけしかのかを	酒鹿のかを	人名	人名	人名	upstream			
のかを	酒鹿のかを	人名	人名	人名	upstream			
なきら	奈煌	人名	人名	人名	upstream			
かのうかのは	十七夜月かのは	人名	人名	人名	upstream			
かのは	十七夜月かのは	人名	人名	人名	upstream			
しらんそら	紫蘭蒼空	人名	人名	人名	upstream			
そら	紫蘭蒼空	人名	人名	人名	upstream			
ねこほしねお	猫星ネオ	人名	人名	人名	upstream			
ねお	猫星ネオ	人名	人名	人名	upstream			
こころねゆすら	心愛音ゆすら	人名	人名	人名	upstream			
ゆすら	心愛音ゆすら	人名	人名	人名	upstream			
しゅあんこのえ	朱殷近衛	人名	人名	人名	upstream			
このえ	朱殷近衛	人名	人名	人名	upstream			
あけないよるは	明乃夜玻	人名	人名	人名	upstream			
よるは	明乃夜玻	人名	人名	人名	upstream			
れんげ	Renge	人名	人名	人名	upstream			
あまのじゃくくない	天邪鬼クナイ	人名	人名	人名	upstream			
くない	天邪鬼クナイ	人名	人名	人名	upstream			
あやせおと	朱瀬オト	人名	人名	人名	upstream			
おと	朱瀬オト	人名	人名	人名	upstream			
つきゆきはくゆ	月雪ハクユ	人名	人名	人名	upstream			
はくゆ	月雪ハクユ	人名	人名	人名	upstream			
こもれび	古森れび	人名	人名	人名	upstream			
れび	古森れび	人名	人名	人名	upstream			
からすうり	殻須うり	人名	人名	人名	upstream			
うり	殻須うり	人名	人名	人名	upstream			
ねむもりかなで	眠守かなで	人名	人名	人名	upstream			
かなで	眠守かなで	人名	人名	人名	upstream			
すとれりちあかなう	天堂鳥叶う	人名	人名	人名	upstream			
かなう	天堂鳥叶う	人名	人名	人名	upstream			
おとのはみや	音乃葉美夜	人名	人名	人名	upstream			
みや	音乃葉美夜	人名	人名	人名	upstream			
あやみりう	彩水凛兎	人名	人名	人名	upstream			
りう	彩水凛兎	人名	人名	人名	upstream			
いずもろっか	出雲ろっか	人名	人名	人名	upstream			
ろっか	出雲ろっか	人名	人名	人名	upstream			
ねむないね	音夢ないね	人名	人名	人名	upstream			
ないね	音夢ないね	人名	人名	人名	upstream			
かりん	かりん	人名	人名	人名	upstream			
したたたかに	志多々田かに	人名	人名	人名	upstream			
かに	志多々田かに	人名	人名	人名	upstream			
まよいからん	万宵火蘭	人名	人名	人名	upstream			
からん	万宵火蘭	人名	人名	人名	upstream			
ひつじもかな	羊姫もかな	人名	人名	人名	upstream			
もかな	羊姫もかな	人名	人名	人名	upstream			
まよいあびる	魔宵あびる	人名	人名	人名	upstream			
あびる	魔宵あびる	人名	人名	人名	upstream			
ほとぎおとか	缶桜桃花	人名	人名	人名	upstream			
おとか	缶桜桃花	人名	人名	人名	upstream			
はなたこちまり	花蛸ちまり	人名	人名	人名	upstream			
ちまり	花蛸ちまり	人名	人名	人名	upstream			
さくやある	朔夜或	人名	人名	人名	upstream			
ある	朔夜或	人名	人名	人名	upstream			
はいじまやみり	廃島やみり	人名	人名	人名	upstream			
やみり	廃島やみり	人名	人名	人名	upstream			
ふでさきぱぶこ	筆先パブコ	人名	人名	人名	upstream			
ぱぶこ	筆先パブコ	人名	人名	人名	upstream			
こみなみめあり	小南めあり	人名	人名	人名	upstream			
めあり	小南めあり	人名	人名	人名	upstream			
ていせいつぁりあ	帝政つぁりあ	人名	人名	人名	upstream			
つぁりあ	帝政つぁりあ	人名	人名	人名	upstream			
あんずぽぽ	杏ぽぽ	人名	人名	人名	upstream			
ぽぽ	杏ぽぽ	人名	人名	人名	upstream			
ねこのはりと	猫ノ葉りと	人名	人名	人名	upstream			
りと	猫ノ葉りと	人名	人名	人名	upstream			
ともしびらん	燈火らん	人名	人名	人名	upstream			
らん	燈火らん	人名	人名	人名	upstream			
もみじやいと	椛屋いと	人名	人名	人名	upstream			
いと	椛屋いと	人名	人名	人名	upstream			
ひめかいどうひさめ	姫海棠ひさめ	人名	人名	人名	upstream			
ひさめ	姫海棠ひさめ	人名	人名	人名	upstream			
みなとゆうり	湊悠理	人名	人名	人名	upstream			
ゆうり	湊悠理	人名	人名	人名	upstream			
かぎりない	鍵璃ない	人名	人名	人名	upstream			
ない	鍵璃ない	人名	人名	人名	upstream			
すめらぎあき	皇アキ	人名	人名	人名	upstream			
あき	皇アキ	人名	人名	人名	upstream			
なるとうた	愛兎ゆた*	人名	人名	人名	upstream			
うた	愛兎ゆた*	人名	人名	人名	upstream			
ひらさきりか	平沙霧花	人名	人名	人名	upstream			
きりか	平沙霧花	人名	人名	人名	upstream			
かんざきしおん	神崎紫苑	人名	人名	人名	upstream			
しおん	神崎紫苑	人名	人名	人名	upstream			
はねはねてん	羽々てん	人名	人名	人名	upstream			
てん	羽々てん	人名	人名	人名	upstream			
ぱるちょむ	ぱるちょむ	人名	人名	人名	upstream			
むぎねこまた	むぎねこまた	人名	人名	人名	upstream			
ねこまた	むぎねこまた	人名	人名	人名	upstream			
こはくもち	小白もち	人名	人名	人名	upstream			
もち	小白もち	人名	人名	人名	upstream			
ゆずりははゆ	楪はゆ	人名	人名	人名	upstream			
はゆ	楪はゆ	人名	人名	人名	upstream			
いるもな	いるもな	人名	人名	人名	upstream			
やおうりょうま	闇王龍馬	人名	人名	人名	upstream			
りょうま	闇王龍馬	人名	人名	人名	upstream			
みゆき	宮羽	人名	人名	人名	upstream			
あさとかいり	朝都カイリ	人名	人名	人名	upstream			
かいり	朝都カイリ	人名	人名	人名	upstream			
すずなしのら	鈴無のら	人名	人名	人名	upstream			
のら	鈴無のら	人名	人名	人名	upstream			
しおみずうみ	塩水うみ	人名	人名	人名	upstream			
うみ	塩水うみ	人名	人名	人名	upstream			
ぬかるみぬまる	ぬかるみぬまる	人名	人名	人名	upstream			
ぬまる	ぬかるみぬまる	人名	人名	人名	upstream			
もちずきちむお	餅月ちむお	人名	人名	人名	upstream			
ちむお	餅月ちむお	人名	人名	人名	upstream			
さがんらんらん	目らんらん	人名	人名	人名	upstream			
らんらん	目らんらん	人名	人名	人名	upstream			
あまぼしうき	天星遊稀	人名	人名	人名	upstream			
うき	天星遊稀	人名	人名	人名	upstream			
ふくじゅすあま	福寿すあま	人名	人名	人名	upstream			
すあま	福寿すあま	人名	人名	人名	upstream			
ちゅな	啾菜	人名	人名	人名	upstream			
どんぱちそのこ	鈍八園子	人名	人名	人名	upstream			
そのこ	鈍八園子	人名	人名	人名	upstream			
はかないゆめ	葉果菜李ゆめ	人名	人名	人名	upstream			
ゆめ	葉果菜李ゆめ	人名	人名	人名	upstream			
くすのきくしろ	楠くしろ	人名	人名	人名	upstream			
くしろ	楠くしろ	人名	人名	人名	upstream			
みづきねむ	夢月ねむ	人名	人名	人名	upstream			
ねむ	夢月ねむ	人名	人名	人名	upstream			
くうこみき	空狐美紀	人名	人名	人名	upstream			
みき	空狐美紀	人名	人名	人名	upstream			
あまがしたると	甘菓子架斗	人名	人名	人名	upstream			
たると	甘菓子架斗	人名	人名	人名	upstream			
あきねりゆ	陽茜りゆ	人名	人名	人名	upstream			
りゆ	陽茜りゆ	人名	人名	人名	upstream			
さくらゆきずさ	幽櫻雪梓	人名	人名	人名	upstream			
あずさ	幽櫻雪梓	人名	人名	人名	upstream			
もちもちぃ	餅萌ちぃ	人名	人名	人名	upstream			
もちもちい	餅萌ちぃ	人名	人名	人名	upstream			
ちぃ	餅萌ちぃ	人名	人名	人名	upstream			
ちい	餅萌ちぃ	人名	人名	人名	upstream			
うらと	雨空斗	人名	人名	人名	upstream			
きとらももた	鬼虎ももた	人名	人名	人名	upstream			
ももた	鬼虎ももた	人名	人名	人名	upstream			
そらねなな	空音奈奈	人名	人名	人名	upstream			
なな	空音奈奈	人名	人名	人名	upstream			
せとたいだ	世渡怠惰	人名	人名	人名	upstream			
たいだ	世渡怠惰	人名	人名	人名	upstream			
みなとれい	湊音レイ	人名	人名	人名	upstream			
れい	湊音レイ	人名	人名	人名	upstream			
さやるか	紗綾るか	人名	人名	人名	upstream			
るか	紗綾るか	人名	人名	人名	upstream			
ふゆねむりくぬぎ	冬眠くぬぎ	人名	人名	人名	upstream			
くぬぎ	冬眠くぬぎ	人名	人名	人名	upstream			
かいせいあおは	海星碧華	人名	人名	人名	upstream			
あおは	海星碧華	人名	人名	人名	upstream			
えるばーとくらうす	エル・バート・クラウス	人名	人名	人名	upstream			
える	エル・バート・クラウス	人名	人名	人名	upstream			
おとさきくる	音咲くる	人名	人名	人名	upstream			
くる	音咲くる	人名	人名	人名	upstream			
ゆうせいらん	遊正卵	人名	人名	人名	upstream			
らん	遊正卵	人名	人名	人名	upstream			
はすみるぅ	羽澄ルゥ	人名	人名	人名	upstream			
るぅ	羽澄ルゥ	人名	人名	人名	upstream			
るう	羽澄ルゥ	人名	人名	人名	upstream			
せんはまりしら	千羽毬しら	人名	人名	人名	upstream			
しら	千羽毬しら	人名	人名	人名	upstream			
あかねれな	朱音レナ	人名	人名	人名	upstream			
れな	朱音レナ	人名	人名	人名	upstream			
まよいうた	魔酔ウタ	人名	人名	人名	upstream			
うた	魔酔ウタ	人名	人名	人名	upstream			
あおきよもと	碧輝詠心	人名	人名	人名	upstream			
よもと	碧輝詠心	人名	人名	人名	upstream			
あめくもみいる	飴雲みいる	人名	人名	人名	upstream			
みいる	飴雲みいる	人名	人名	人名	upstream			
まよろざりー	真夜ロザリー	人名	人名	人名	upstream			
ろざりー	真夜ロザリー	人名	人名	人名	upstream			
あまれうみ	甘玲うみ	人名	人名	人名	upstream			
うみ	甘玲うみ	人名	人名	人名	upstream			
つずらむつき	葛龍睦月	人名	人名	人名	upstream			
むつき	葛龍睦月	人名	人名	人名	upstream			
あいはひたち	愛羽ヒタチ	人名	人名	人名	upstream			
ひたち	愛羽ヒタチ	人名	人名	人名	upstream			
わたぬきかえで	四月朔日楓	人名	人名	人名	upstream			
かえで	四月朔日楓	人名	人名	人名	upstream			
しきづきるり	志月るり	人名	人名	人名	upstream			
るり	志月るり	人名	人名	人名	upstream			
うたかたしい	泡沫しい	人名	人名	人名	upstream			
しい	泡沫しい	人名	人名	人名	upstream			
くまのしろ	熊野しろ	人名	人名	人名	upstream			
しろ	熊野しろ	人名	人名	人名	upstream			
るりこ	るりこ	人名	人名	人名	upstream			
ゆうずつつむぎ	夕星紡記	人名	人名	人名	upstream			
つむぎ	夕星紡記	人名	人名	人名	upstream			
おおはぎきた	大萩キタ	人名	人名	人名	upstream			
きた	大萩キタ	人名	人名	人名	upstream			
あかもさき	赤鴨さき	人名	人名	人名	upstream			
さき	赤鴨さき	人名	人名	人名	upstream			
はいかいかい	徘徊カイ	人名	人名	人名	upstream			
かい	徘徊カイ	人名	人名	人名	upstream			
くるめこはね	来夢こはね	人名	人名	人名	upstream			
こはね	来夢こはね	人名	人名	人名	upstream			
ましろえむ	魔城えむ	人名	人名	人名	upstream			
えむ	魔城えむ	人名	人名	人名	upstream			
ねむまくら	枕眠	人名	人名	人名	upstream			
のまはやて	野真颯	人名	人名	人名	upstream			
はやて	野真颯	人名	人名	人名	upstream			
しいかゆかり	紫陽花ゆかり	人名	人名	人名	upstream			
ゆかり	紫陽花ゆかり	人名	人名	人名	upstream			
いずもみつき	出雲深月	人名	人名	人名	upstream			
みずき	出雲深月	人名	人名	人名	upstream			
こもりこもの	古森こもの	人名	人名	人名	upstream			
こもの	古森こもの	人名	人名	人名	upstream			
あかやみと	赤闇みと	人名	人名	人名	upstream			
みと	赤闇みと	人名	人名	人名	upstream			
とさきりんか	灯咲リンカ	人名	人名	人名	upstream			
りんか	灯咲リンカ	人名	人名	人名	upstream			
かなきぷらら	十七夜ぷらら	人名	人名	人名	upstream			
ぷらら	十七夜ぷらら	人名	人名	人名	upstream			
くろうろーたす	紅狼ロータス	人名	人名	人名	upstream			
ろーたす	紅狼ロータス	人名	人名	人名	upstream			
みすみけい	三角けい	人名	人名	人名	upstream			
けい	三角けい	人名	人名	人名	upstream			
くろすはくえい	黒須白永	人名	人名	人名	upstream			
るりさきあお	瑠璃咲あお	人名	人名	人名	upstream			
あお	瑠璃咲あお	人名	人名	人名	upstream			
てのうれみゅ	天王れみゅ	人名	人名	人名	upstream			
れみゅ	天王れみゅ	人名	人名	人名	upstream			
とうやぎん	冬夜ぎん	人名	人名	人名	upstream			
ぎん	冬夜ぎん	人名	人名	人名	upstream			
らいず	白旃	人名	人名	人名	upstream			
えゔぃなちぇんりー	エヴィナ・チェンリー	人名	人名	人名	upstream			
えびなちぇんりー	エヴィナ・チェンリー	人名	人名	人名	upstream			
えゔぃな	エヴィナ・チェンリー	人名	人名	人名	upstream			
えびな	エヴィナ・チェンリー	人名	人名	人名	upstream			
うしみつ	丑三	人名	人名	人名	upstream			
あかりどくろ	灯刈ドクロ	人名	人名	人名	upstream			
どくろ	灯刈ドクロ	人名	人名	人名	upstream			
ゆるめしず	緩芽しず	人名	人名	人名	upstream			
しず	緩芽しず	人名	人名	人名	upstream			
ひよお	ひよ夫	人名	人名	人名	upstream			
あまはりる	甘羽りる	人名	人名	人名	upstream			
りる	甘羽りる	人名	人名	人名	upstream			
しゅらく	しゅらく	人名	人名	人名	upstream			
わお	わお	人名	人名	人名	upstream			
みまもいぶき	見戌イブキ	人名	人名	人名	upstream			
いぶき	見戌イブキ	人名	人名	人名	upstream			
しりり	西里里	人名	人名	人名	upstream			
うしみつがをる	丑三がをる	人名	人名	人名	upstream			
がをる	丑三がをる	人名	人名	人名	upstream			
ゆめぐさきょく	夢草キョク	人名	人名	人名	upstream			
きょく	夢草キョク	人名	人名	人名	upstream			
わさき	わさき	人名	人名	人名	upstream			
かのんぽにゃ	椛音ぽにゃ	人名	人名	人名	upstream			
ぽにゃ	椛音ぽにゃ	人名	人名	人名	upstream			
てぃらみす	提米	人名	人名	人名	upstream			
ちゃんもも	ちゃんもも	人名	人名	人名	upstream			
しおとめららね	紫乙愛ららね	人名	人名	人名	upstream			
ららね	紫乙愛ららね	人名	人名	人名	upstream			
うみなりのび	海鳴のび	人名	人名	人名	upstream			
のび	海鳴のび	人名	人名	人名	upstream			
あまかわしずく	天川シズク	人名	人名	人名	upstream			
しずく	天川シズク	人名	人名	人名	upstream			
せとかける	瀬渡翔	人名	人名	人名	upstream			
かける	瀬渡翔	人名	人名	人名	upstream			
こはく	冴珀	人名	人名	人名	upstream			
かぐらなぎと	神楽凪斗	人名	人名	人名	upstream			
なぎと	神楽凪斗	人名	人名	人名	upstream			
わんなぷう	わんなぷう	人名	人名	人名	upstream			
あまえびころも	天ゑび衣	人名	人名	人名	upstream			
あまゑびころも	天ゑび衣	人名	人名	人名	upstream			
ころも	天ゑび衣	人名	人名	人名	upstream			
みずきよる	深月夜	人名	人名	人名	upstream			
よる	深月夜	人名	人名	人名	upstream			
かぐらざかそらのき	神楽坂宇軒	人名	人名	人名	upstream			
そらのき	神楽坂宇軒	人名	人名	人名	upstream			
かなみくりくるり	奏心繰くるり	人名	人名	人名	upstream			
くるり	奏心繰くるり	人名	人名	人名	upstream			
おーくれやまもと	オークレ山本	人名	人名	人名	upstream			
やまもと	オークレ山本	人名	人名	人名	upstream			
ももみももな	百海ももな	人名	人名	人名	upstream			
ももな	百海ももな	人名	人名	人名	upstream			
いかるがあしゅる	斑鳩アシュル	人名	人名	人名	upstream			
あしゅる	斑鳩アシュル	人名	人名	人名	upstream			
しうめえ	獅羽めえ	人名	人名	人名	upstream			
めえ	獅羽めえ	人名	人名	人名	upstream			
にこる	ニコル	人名	人名	人名	upstream			
よいさめりと	宵雨りと	人名	人名	人名	upstream			
りと	宵雨りと	人名	人名	人名	upstream			
はくろうかなで	白狼かなで	人名	人名	人名	upstream			
かなで	白狼かなで	人名	人名	人名	upstream			
いとさきいつわ	絃崎五和	人名	人名	人名	upstream			
いつわ	絃崎五和	人名	人名	人名	upstream			
ふたまちおり	二魔ちおり	人名	人名	人名	upstream			
ちおり	二魔ちおり	人名	人名	人名	upstream			
きょどううずき	鏡堂卯	人名	人名	人名	upstream			
うずき	鏡堂卯	人名	人名	人名	upstream			
さとうれな	佐藤レナ	人名	人名	人名	upstream			
れな	佐藤レナ	人名	人名	人名	upstream			
たちばないちか	橘一華	人名	人名	人名	upstream			
いちか	橘一華	人名	人名	人名	upstream			
しろながくう	白永くう	人名	人名	人名	upstream			
くう	白永くう	人名	人名	人名	upstream			
いつやゆき	乙夜ユキ	人名	人名	人名	upstream			
ゆき	乙夜ユキ	人名	人名	人名	upstream			
しょうしろう	小資狼	人名	人名	人名	upstream			
みかずきたいせい	三日月太星	人名	人名	人名	upstream			
たいせい	三日月太星	人名	人名	人名	upstream			
あまみねしるゔあんぜりか	天峰・シルヴ・アンゼリカ	人名	人名	人名	upstream			
あんぜりか	天峰・シルヴ・アンゼリカ	人名	人名	人名	upstream			
むぎ	むぎ	人名	人名	人名	upstream			
あくまのろあ	悪魔ロア	人名	人名	人名	upstream			
ろあ	悪魔ロア	人名	人名	人名	upstream			
あおいしみおり	青石美織	人名	人名	人名	upstream			
みおり	青石美織	人名	人名	人名	upstream			
やざわ	谷澤	人名	人名	人名	upstream			
すこれうる	好焉うる	人名	人名	人名	upstream			
うる	好焉うる	人名	人名	人名	upstream			
まなせゆあ	真名瀬ゆあ	人名	人名	人名	upstream			
ゆあ	真名瀬ゆあ	人名	人名	人名	upstream			
みずみずみ	水視ずみ	人名	人名	人名	upstream			
ずみ	水視ずみ	人名	人名	人名	upstream			
かしょうろしえる	火将ロシエル	人名	人名	人名	upstream			
ろしえる	火将ロシエル	人名	人名	人名	upstream			
めぐりあい	めぐりあい	人名	人名	人名	upstream			
あい	めぐりあい	人名	人名	人名	upstream			
きぬかみぽろん	衣神ぽろん	人名	人名	人名	upstream			
ぽろん	衣神ぽろん	人名	人名	人名	upstream			
ゆうきちひろ	悠希チヒロ	人名	人名	人名	upstream			
ちひろ	悠希チヒロ	人名	人名	人名	upstream			
むつき	無月	人名	人名	人名	upstream			
うただぞおい	歌田ぞおい	人名	人名	人名	upstream			
ぞおい	歌田ぞおい	人名	人名	人名	upstream			
いるに	祈	人名	人名	人名	upstream			
かくのえも	描乃EMO	人名	人名	人名	upstream			
えも	描乃EMO	人名	人名	人名	upstream			
ひょうやりいす	豹矢りいす	人名	人名	人名	upstream			
りいす	豹矢りいす	人名	人名	人名	upstream			
たこうあたる	多幸アタル	人名	人名	人名	upstream			
あたる	多幸アタル	人名	人名	人名	upstream			
ののまろ	ののまろ	人名	人名	人名	upstream			
ゆもりなにゃ	癒守なにゃ	人名	人名	人名	upstream			
なにゃ	癒守なにゃ	人名	人名	人名	upstream			
せんふぃな	瑟菲娜	人名	人名	人名	upstream			
ねあ	ネア	人名	人名	人名	upstream			
あさせゆうぎ	浅瀬ゆうぎ	人名	人名	人名	upstream			
ゆうぎ	浅瀬ゆうぎ	人名	人名	人名	upstream			
なゆきゔぃゔぃ	名雪薇薇	人名	人名	人名	upstream			
ゔぃゔぃ	名雪薇薇	人名	人名	人名	upstream			
あるてみすいち	月女神イチ	人名	人名	人名	upstream			
いち	月女神イチ	人名	人名	人名	upstream			
ういばそら	宇井葉宙	人名	人名	人名	upstream			
そら	宇井葉宙	人名	人名	人名	upstream			
ときあいみさお	伽藍みさお	人名	人名	人名	upstream			
みさお	伽藍みさお	人名	人名	人名	upstream			
しずなみまつり	静波まつり	人名	人名	人名	upstream			
まつり	静波まつり	人名	人名	人名	upstream			
はなみやてふ	花宮てふ	人名	人名	人名	upstream			
てふ	花宮てふ	人名	人名	人名	upstream			
いさみえいみ	勇エイミ	人名	人名	人名	upstream			
えいみ	勇エイミ	人名	人名	人名	upstream			
ろべった	蘿貝塔	人名	人名	人名	upstream			
あまねてぃな	甘姉てぃな	人名	人名	人名	upstream			
てぃな	甘姉てぃな	人名	人名	人名	upstream			
そらきれい	空綺レイ	人名	人名	人名	upstream			
れい	空綺レイ	人名	人名	人名	upstream			
おとかどるき	音門るき	人名	人名	人名	upstream			
るき	音門るき	人名	人名	人名	upstream			
しろとらるな	白虎ルナ	人名	人名	人名	upstream			
るな	白虎ルナ	人名	人名	人名	upstream			
みすみすみか	心栖すみか	人名	人名	人名	upstream			
すみか	心栖すみか	人名	人名	人名	upstream			
さぶちさき	佐渕さき	人名	人名	人名	upstream			
さき	佐渕さき	人名	人名	人名	upstream			
おくまんかぶひめあばね	億万株姫☆あばね	人名	人名	人名	upstream			
あばね	億万株姫☆あばね	人名	人名	人名	upstream			
かはねゆり	夏羽由里	人名	人名	人名	upstream			
ゆり	夏羽由里	人名	人名	人名	upstream			
あんとめる	杏都める	人名	人名	人名	upstream			
める	杏都める	人名	人名	人名	upstream			
なんとかなる	南登かなる	人名	人名	人名	upstream			
かなる	南登かなる	人名	人名	人名	upstream			
いちはなゆの	苺花優音	人名	人名	人名	upstream			
ゆの	苺花優音	人名	人名	人名	upstream			
とにかくぴりか	兎に角ぴりか	人名	人名	人名	upstream			
ぴりか	兎に角ぴりか	人名	人名	人名	upstream			
うたのぱんどら	歌乃パンドラ	人名	人名	人名	upstream			
ぱんどら	歌乃パンドラ	人名	人名	人名	upstream			
ことだまのもじまろ	狐灯魂文字麿	人名	人名	人名	upstream			
もじまろ	狐灯魂文字麿	人名	人名	人名	upstream			
しかばねむくろ	屍猫骸	人名	人名	人名	upstream			
むくろ	屍猫骸	人名	人名	人名	upstream			
しろはねむ	白羽ねむ	人名	人名	人名	upstream			
ねむ	白羽ねむ	人名	人名	人名	upstream			
ゆりす	ユリス	人名	人名	人名	upstream			
みかなぎるか	水影凪ルカ	人名	人名	人名	upstream			
るか	水影凪ルカ	人名	人名	人名	upstream			
よみいー	悠蜜	人名	人名	人名	upstream			
さくまらゔぃ	朔魔ラヴィ	人名	人名	人名	upstream			
らゔぃ	朔魔ラヴィ	人名	人名	人名	upstream			
なきしゃくよがる	鳴尺よがる	人名	人名	人名	upstream			
よがる	鳴尺よがる	人名	人名	人名	upstream			
なでしこやまと	なでしこ大和	人名	人名	人名	upstream			
やまと	なでしこ大和	人名	人名	人名	upstream			
こくようりら	黒燿リラ	人名	人名	人名	upstream			
りら	黒燿リラ	人名	人名	人名	upstream			
あのんれむ	綺音れむ	人名	人名	人名	upstream			
れむ	綺音れむ	人名	人名	人名	upstream			
いぬかいぷりん	犬養プリン	人名	人名	人名	upstream			
ぷりん	犬養プリン	人名	人名	人名	upstream			
おといしおしあん	音衣詩おしあん	人名	人名	人名	upstream			
おしあん	音衣詩おしあん	人名	人名	人名	upstream			
ゆめのおと	夢ノ音	人名	人名	人名	upstream			
のむらにむ	野村にむ	人名	人名	人名	upstream			
にむ	野村にむ	人名	人名	人名	upstream			
みでぃ	ミディ	人名	人名	人名	upstream			
こげいぬ	コゲ犬	人名	人名	人名	upstream			
ふゆくもさむい	冬雲凜	人名	人名	人名	upstream			
さむい	冬雲凜	人名	人名	人名	upstream			
あにゅううぱる	亞生うぱる	人名	人名	人名	upstream			
うぱる	亞生うぱる	人名	人名	人名	upstream			
とこなつあいみ	常夏あいみ	人名	人名	人名	upstream			
あいみ	常夏あいみ	人名	人名	人名	upstream			
こあくまよ	恋惡まよ	人名	人名	人名	upstream			
まよ	恋惡まよ	人名	人名	人名	upstream			
くりすひな	栗諏ひな	人名	人名	人名	upstream			
ひな	栗諏ひな	人名	人名	人名	upstream			
ほうじゅるら	宝珠るら	人名	人名	人名	upstream			
るら	宝珠るら	人名	人名	人名	upstream			
すおうまたたび	蘇芳またたび	人名	人名	人名	upstream			
またたび	蘇芳またたび	人名	人名	人名	upstream			
せんどうじゅん	千堂じゅん	人名	人名	人名	upstream			
じゅん	千堂じゅん	人名	人名	人名	upstream			
てすろあんどろぜっと	テスロ&ロゼット	人名	人名	人名	upstream			
てすろぜ	テスロ&ロゼット	人名	人名	人名	upstream			
ぴろーそふぃー	PirrouSophie	人名	人名	人名	upstream			
みとくろの	未兎クロノ	人名	人名	人名	upstream			
くろの	未兎クロノ	人名	人名	人名	upstream			
みつきちっち	蜜姫ちっち	人名	人名	人名	upstream			
ちっち	蜜姫ちっち	人名	人名	人名	upstream			
にょろたうね	にょろ太うね。	人名	人名	人名	upstream			
うね	にょろ太うね。	人名	人名	人名	upstream			
ゆめくいゆん	ゆめくいゆん	人名	人名	人名	upstream			
ゆん	ゆめくいゆん	人名	人名	人名	upstream			
けけみい	克克米伊	人名	人名	人名	upstream			
さくまりる	さくまりる	人名	人名	人名	upstream			
りる	さくまりる	人名	人名	人名	upstream			
みこずみっくべいびー	MiCosmiC★baby	人名	人名	人名	upstream			
さんもう	三毛	人名	人名	人名	upstream			
ほしひつじおめが	星羊おメガ	人名	人名	人名	upstream			
おめが	星羊おメガ	人名	人名	人名	upstream			
ゆうねびとら	酉音ビトラ	人名	人名	人名	upstream			
びとら	酉音ビトラ	人名	人名	人名	upstream			
ゆきのゆきね	雪乃ゆきね	人名	人名	人名	upstream			
ゆきね	雪乃ゆきね	人名	人名	人名	upstream			
ゆめうゆい	ゆめうゆい	人名	人名	人名	upstream			
ゆい	ゆめうゆい	人名	人名	人名	upstream			
ぴぴぴぴの	ぴぴぴぴの	人名	人名	人名	upstream			
ぴの	ぴぴぴぴの	人名	人名	人名	upstream			
ふわみやあみ	風和宮あみ	人名	人名	人名	upstream			
あみ	風和宮あみ	人名	人名	人名	upstream			
やぢまぴえみ	やぢまぴえみ	人名	人名	人名	upstream			
ぴえみ	やぢまぴえみ	人名	人名	人名	upstream			
ねこねみゅう	猫音ミュウ	人名	人名	人名	upstream			
みゅう	猫音ミュウ	人名	人名	人名	upstream			
はんだみーたろう	反駄みー太郎	人名	人名	人名	upstream			
みーたろう	反駄みー太郎	人名	人名	人名	upstream			
しほうあくうぁ	紫宝アクウァ	人名	人名	人名	upstream			
しほうあくわ	紫宝アクウァ	人名	人名	人名	upstream			
あくうぁ	紫宝アクウァ	人名	人名	人名	upstream			
あくわ	紫宝アクウァ	人名	人名	人名	upstream			
ふわねこるな	ふわねこるな	人名	人名	人名	upstream			
るな	ふわねこるな	人名	人名	人名	upstream			
さくのみらん	桜暖みらん	人名	人名	人名	upstream			
みらん	桜暖みらん	人名	人名	人名	upstream			
ひらがなしぇりー	ひらがなしぇりー	人名	人名	人名	upstream			
しぇりー	ひらがなしぇりー	人名	人名	人名	upstream			
うひなぴょこ	羽ひなぴょこ	人名	人名	人名	upstream			
ぴょこ	羽ひなぴょこ	人名	人名	人名	upstream			
ほしのどらきち	星乃どら吉	人名	人名	人名	upstream			
どらきち	星乃どら吉	人名	人名	人名	upstream			
このさとしらほ	狐乃里しらほ	人名	人名	人名	upstream			
しらほ	狐乃里しらほ	人名	人名	人名	upstream			
りゅうはえめら	竜葉えめら	人名	人名	人名	upstream			
えめら	竜葉えめら	人名	人名	人名	upstream			
もりたれしる	森田レシル	人名	人名	人名	upstream			
れしる	森田レシル	人名	人名	人名	upstream			
みつきまひろ	満月まひろ	人名	人名	人名	upstream			
まひろ	満月まひろ	人名	人名	人名	upstream			
やみやみすぴあ	闇々すぴあ	人名	人名	人名	upstream			
すぴあ	闇々すぴあ	人名	人名	人名	upstream			
はむろみれい	葉室みれい	人名	人名	人名	upstream			
みれい	葉室みれい	人名	人名	人名	upstream			
おさないらゆら	幼井らゆら	人名	人名	人名	upstream			
らゆら	幼井らゆら	人名	人名	人名	upstream			
つきみひとか	月見ひとか	人名	人名	人名	upstream			
ひとか	月見ひとか	人名	人名	人名	upstream			
あまおちみれあ	堕召みれあ	人名	人名	人名	upstream			
みれあ	堕召みれあ	人名	人名	人名	upstream			
こうじゃよるこ	光蛇ヨルコ	人名	人名	人名	upstream			
よるこ	光蛇ヨルコ	人名	人名	人名	upstream			
あじむひおり	安心院ひおり	人名	人名	人名	upstream			
ひおり	安心院ひおり	人名	人名	人名	upstream			
わかおとやよら	若乙やよら	人名	人名	人名	upstream			
やよら	若乙やよら	人名	人名	人名	upstream			
しのざきしな	ﾀﾋノ咲ﾀﾋ亡	人名	人名	人名	upstream			
しな	ﾀﾋノ咲ﾀﾋ亡	人名	人名	人名	upstream			
そららぴょん	空楽ぴょん	人名	人名	人名	upstream			
ぴょん	空楽ぴょん	人名	人名	人名	upstream			
はっかゔぁにら	白花ヴァニラ	人名	人名	人名	upstream			
ゔぁにら	白花ヴァニラ	人名	人名	人名	upstream			
ばにら	白花ヴァニラ	人名	人名	人名	upstream			
やえまがぶ	八重魔がぶ	人名	人名	人名	upstream			
がぶ	八重魔がぶ	人名	人名	人名	upstream			
いざよいかのん	誘宵かのん	人名	人名	人名	upstream			
かのん	誘宵かのん	人名	人名	人名	upstream			
あまつじゆらぐ	天辻ゆらぐ	人名	人名	人名	upstream			
ゆらぐ	天辻ゆらぐ	人名	人名	人名	upstream			
まなかかいと	真中カイト	人名	人名	人名	upstream			
かいと	真中カイト	人名	人名	人名	upstream			
ねこまつふぇりぃ	猫松フェリィ	人名	人名	人名	upstream			
ねこまつふぇりい	猫松フェリィ	人名	人名	人名	upstream			
ふぇりぃ	猫松フェリィ	人名	人名	人名	upstream			
ふぇりい	猫松フェリィ	人名	人名	人名	upstream			
ねこのまうと	猫乃間うと	人名	人名	人名	upstream			
うと	猫乃間うと	人名	人名	人名	upstream			
うるみるの	兎羽実るの	人名	人名	人名	upstream			
るの	兎羽実るの	人名	人名	人名	upstream			
あへらおほこ	あへらおほ子	人名	人名	人名	upstream			
おほこ	あへらおほ子	人名	人名	人名	upstream			
はいやおうる	灰屋おうる	人名	人名	人名	upstream			
おうる	灰屋おうる	人名	人名	人名	upstream			
じんぐうじあまね	神宮司雨音	人名	人名	人名	upstream			
あまね	神宮司雨音	人名	人名	人名	upstream			
ざつがくいんさくらこ	雑学院桜子	人名	人名	人名	upstream			
さくらこ	雑学院桜子	人名	人名	人名	upstream			
かくりよつくも	幽世つくも。	人名	人名	人名	upstream			
つくも	幽世つくも。	人名	人名	人名	upstream			
しずきれおん	獅月レオン	人名	人名	人名	upstream			
れおん	獅月レオン	人名	人名	人名	upstream			
しどうこすけ	志導コスケ	人名	人名	人名	upstream			
こすけ	志導コスケ	人名	人名	人名	upstream			
ねこのちゆる	猫野ちゆる	人名	人名	人名	upstream			
ちゆる	猫野ちゆる	人名	人名	人名	upstream			
もちはふわる	望羽ふわる	人名	人名	人名	upstream			
ふわる	望羽ふわる	人名	人名	人名	upstream			
きくひなまろん	菊雛まろん	人名	人名	人名	upstream			
まろん	菊雛まろん	人名	人名	人名	upstream			
おともりちるは	音杜ちるは	人名	人名	人名	upstream			
ちるは	音杜ちるは	人名	人名	人名	upstream			
せあみれい	せあみれい	人名	人名	人名	upstream			
みれい	せあみれい	人名	人名	人名	upstream			
なるかみしょーは	鳴雷ショーハ	人名	人名	人名	upstream			
しょーは	鳴雷ショーハ	人名	人名	人名	upstream			
うさのらぱん	兎埜ラパン	人名	人名	人名	upstream			
らぱん	兎埜ラパン	人名	人名	人名	upstream			
しのみやちう	紫ノ宮ちう	人名	人名	人名	upstream			
ちう	紫ノ宮ちう	人名	人名	人名	upstream			
じゅうりょくなゆた	重力ナユタ	人名	人名	人名	upstream			
なゆた	重力ナユタ	人名	人名	人名	upstream			
しらゆきゆゆこ	白雪ゆゆこ	人名	人名	人名	upstream			
ゆゆこ	白雪ゆゆこ	人名	人名	人名	upstream			
はくのやまる	珀ノ屋まる	人名	人名	人名	upstream			
まる	珀ノ屋まる	人名	人名	人名	upstream			
はっかいちしゃのん	廿日市紗音	人名	人名	人名	upstream			
しゃのん	廿日市紗音	人名	人名	人名	upstream			
ねびゅあんぎゃらくしか	音毘庵ギャラクシカ	人名	人名	人名	upstream			
ぎゃらくしか	音毘庵ギャラクシカ	人名	人名	人名	upstream			
こいここね	恋衣ここね	人名	人名	人名	upstream			
ここね	恋衣ここね	人名	人名	人名	upstream			
つしまちよめ	津島ちよめ	人名	人名	人名	upstream			
ちよめ	津島ちよめ	人名	人名	人名	upstream			
ひのくまようか	緋ノ熊陽花	人名	人名	人名	upstream			
ようか	緋ノ熊陽花	人名	人名	人名	upstream			
やぎかぷら	八木かぷら	人名	人名	人名	upstream			
かぷら	八木かぷら	人名	人名	人名	upstream			
こころみぃ	こころみぃ	人名	人名	人名	upstream			
みぃ	こころみぃ	人名	人名	人名	upstream			
みい	こころみぃ	人名	人名	人名	upstream			
しらいしいちか	白石いちか	人名	人名	人名	upstream			
いちか	白石いちか	人名	人名	人名	upstream			
ねこうたここね	猫歌ここね	人名	人名	人名	upstream			
ここね	猫歌ここね	人名	人名	人名	upstream			
さくらるな	桜愛るな	人名	人名	人名	upstream			
るな	桜愛るな	人名	人名	人名	upstream			
ちとせすみれ	千歳すみれ	人名	人名	人名	upstream			
すみれ	千歳すみれ	人名	人名	人名	upstream			
ちくにぃ	ちくにぃ	人名	人名	人名	upstream			
ねこかけししゃも	猫×ししゃも	人名	人名	人名	upstream			
ししゃも	猫×ししゃも	人名	人名	人名	upstream			
くろみやてぃま	黒宮ティマ	人名	人名	人名	upstream			
てぃま	黒宮ティマ	人名	人名	人名	upstream			
ねこしらす	寝恋しらす	人名	人名	人名	upstream			
しらす	寝恋しらす	人名	人名	人名	upstream			
やとあやり	夜兎あやり	人名	人名	人名	upstream			
あやり	夜兎あやり	人名	人名	人名	upstream			
ねこばらりぼん	猫薔りぼん	人名	人名	人名	upstream			
りぼん	猫薔りぼん	人名	人名	人名	upstream			
さんせしゅう	三瀬しゅう	人名	人名	人名	upstream			
しゅう	三瀬しゅう	人名	人名	人名	upstream			
このはめもわ	恋葉めもわ	人名	人名	人名	upstream			
めもわ	恋葉めもわ	人名	人名	人名	upstream			
さみ	寂	人名	人名	人名	upstream			
ねこやしきねる	猫屋敷ねる	人名	人名	人名	upstream			
ねる	猫屋敷ねる	人名	人名	人名	upstream			
せっかみなと	雪華みなと	人名	人名	人名	upstream			
みなと	雪華みなと	人名	人名	人名	upstream			
あまねまい	あまねまい	人名	人名	人名	upstream			
まい	あまねまい	人名	人名	人名	upstream			
さかみちのぼる	坂道のぼる	人名	人名	人名	upstream			
のぼる	坂道のぼる	人名	人名	人名	upstream			
ゆめきもりか	夢木モリカ	人名	人名	人名	upstream			
もりか	夢木モリカ	人名	人名	人名	upstream			
あまみやしずく	天宮しずく	人名	人名	人名	upstream			
しずく	天宮しずく	人名	人名	人名	upstream			
ねこめいしねも	猫目石ネモ	人名	人名	人名	upstream			
ねも	猫目石ネモ	人名	人名	人名	upstream			
はなぶさとろふ	華房とろふ	人名	人名	人名	upstream			
とろふ	華房とろふ	人名	人名	人名	upstream			
はいのねしなの	灰ノ鼠しなの	人名	人名	人名	upstream			
しなの	灰ノ鼠しなの	人名	人名	人名	upstream			
おうじゃまりぃ	王蛇まりぃ	人名	人名	人名	upstream			
おうじゃまりい	王蛇まりぃ	人名	人名	人名	upstream			
まりぃ	王蛇まりぃ	人名	人名	人名	upstream			
まりい	王蛇まりぃ	人名	人名	人名	upstream			
にらたまある	丹楽谷まある	人名	人名	人名	upstream			
まある	丹楽谷まある	人名	人名	人名	upstream			
いぬまるぽちゃ	犬丸ぽちゃ	人名	人名	人名	upstream			
ぽちゃ	犬丸ぽちゃ	人名	人名	人名	upstream			
たちばなあまね	橘花あまね	人名	人名	人名	upstream			
あまね	橘花あまね	人名	人名	人名	upstream			
かみかどあがり	神圭アガリ	人名	人名	人名	upstream			
あがり	神圭アガリ	人名	人名	人名	upstream			
りんこぱん	リンコパン	人名	人名	人名	upstream			
ぱん	リンコパン	人名	人名	人名	upstream			
かむいえるつ	神威エルツ	人名	人名	人名	upstream			
えるつ	神威エルツ	人名	人名	人名	upstream			
あかにしわぽ	赤丹しわぽ	人名	人名	人名	upstream			
しわぽ	赤丹しわぽ	人名	人名	人名	upstream			
ねかせてくれ	音加瀬てくれ	人名	人名	人名	upstream			
てくれ	音加瀬てくれ	人名	人名	人名	upstream			
かりんみいあ	菓鈴みいあ	人名	人名	人名	upstream			
みいあ	菓鈴みいあ	人名	人名	人名	upstream			
ねこのにゃた	猫乃にゃた	人名	人名	人名	upstream			
にゃた	猫乃にゃた	人名	人名	人名	upstream			
ねこのせむぎ	猫ノ瀬むぎ	人名	人名	人名	upstream			
むぎ	猫ノ瀬むぎ	人名	人名	人名	upstream			
さくまなき	彩久真なき	人名	人名	人名	upstream			
なき	彩久真なき	人名	人名	人名	upstream			
すいり	酔李	人名	人名	人名	upstream			
あめのあめこ	雨野あめこ	人名	人名	人名	upstream			
あめこ	雨野あめこ	人名	人名	人名	upstream			
たたらあおい	多々良あおい	人名	人名	人名	upstream			
あおい	多々良あおい	人名	人名	人名	upstream			
まさきすずか	真崎すずか	人名	人名	人名	upstream			
すずか	真崎すずか	人名	人名	人名	upstream			
うさのこるか	兎乃こるか	人名	人名	人名	upstream			
こるか	兎乃こるか	人名	人名	人名	upstream			
しがらみじゅじゅ	死骸美呪々	人名	人名	人名	upstream			
じゅじゅ	死骸美呪々	人名	人名	人名	upstream			
さんじょうりはる	三条りはる	人名	人名	人名	upstream			
りはる	三条りはる	人名	人名	人名	upstream			
ゆきみやひいろ	雪宮ひいろ	人名	人名	人名	upstream			
ひいろ	雪宮ひいろ	人名	人名	人名	upstream			
やなぎばししゃも	柳葉ししゃも。	人名	人名	人名	upstream			
ししゃも	柳葉ししゃも。	人名	人名	人名	upstream			
わかばまぁく	若葉まぁく	人名	人名	人名	upstream			
わかばまあく	若葉まぁく	人名	人名	人名	upstream			
まぁく	若葉まぁく	人名	人名	人名	upstream			
まあく	若葉まぁく	人名	人名	人名	upstream			
あかつきかげつ	紅月カゲツ	人名	人名	人名	upstream			
かげつ	紅月カゲツ	人名	人名	人名	upstream			
あまあいのえる	天藍のえる	人名	人名	人名	upstream			
のえる	天藍のえる	人名	人名	人名	upstream			
くじかわくおん	久寺川クオン	人名	人名	人名	upstream			
くおん	久寺川クオン	人名	人名	人名	upstream			
ゆるりこたつ	緩莉こたつ	人名	人名	人名	upstream			
こたつ	緩莉こたつ	人名	人名	人名	upstream			
しらたまもちましろ	白玉餅ましろ	人名	人名	人名	upstream			
ましろ	白玉餅ましろ	人名	人名	人名	upstream			
くろまみはな	黒魔ミハナ	人名	人名	人名	upstream			
みはな	黒魔ミハナ	人名	人名	人名	upstream			
さるとびたいら	猿飛たいら	人名	人名	人名	upstream			
たいら	猿飛たいら	人名	人名	人名	upstream			
おわりのじえんど	終野THEEND	人名	人名	人名	upstream			
じえんど	終野THEEND	人名	人名	人名	upstream			
さいこのまぬる	最古之マヌル	人名	人名	人名	upstream			
まぬる	最古之マヌル	人名	人名	人名	upstream			
はなみどりもち	花見鳥もち	人名	人名	人名	upstream			
もち	花見鳥もち	人名	人名	人名	upstream			
ひなたにんじん	日奈多にんじん	人名	人名	人名	upstream			
にんじん	日奈多にんじん	人名	人名	人名	upstream			
あやのこうじあやの	綾小路あやの	人名	人名	人名	upstream			
あやの	綾小路あやの	人名	人名	人名	upstream			
めいずみあすた	明澄アスタ	人名	人名	人名	upstream			
あすた	明澄アスタ	人名	人名	人名	upstream			
みどりやみかん	緑屋みかん	人名	人名	人名	upstream			
みかん	緑屋みかん	人名	人名	人名	upstream			
よくそうさかな	浴湊さかな	人名	人名	人名	upstream			
さかな	浴湊さかな	人名	人名	人名	upstream			
さくよいしゃむ	朔宵しゃむ	人名	人名	人名	upstream			
しゃむ	朔宵しゃむ	人名	人名	人名	upstream			
しいしいしい	荒荒荒	人名	人名	人名	upstream			
こともりはづき	蚕戸森はづき	人名	人名	人名	upstream			
はづき	蚕戸森はづき	人名	人名	人名	upstream			
うといあゆみ	疎井あゆみ	人名	人名	人名	upstream			
あゆみ	疎井あゆみ	人名	人名	人名	upstream			
さらぎおるか	蛇穴ヲルカ	人名	人名	人名	upstream			
さらぎをるか	蛇穴ヲルカ	人名	人名	人名	upstream			
おるか	蛇穴ヲルカ	人名	人名	人名	upstream			
をるか	蛇穴ヲルカ	人名	人名	人名	upstream			
なつかわけーき	夏川ケーキ	人名	人名	人名	upstream			
けーき	夏川ケーキ	人名	人名	人名	upstream			
あかしあつひめ	明石あつひめ	人名	人名	人名	upstream			
あつひめ	明石あつひめ	人名	人名	人名	upstream			
さがらあきら	相楽アキラ	人名	人名	人名	upstream			
あきら	相楽アキラ	人名	人名	人名	upstream			
ふじがみわか	藤上峰わか	人名	人名	人名	upstream			
わか	藤上峰わか	人名	人名	人名	upstream			
ななきゅ	柒玖	人名	人名	人名	upstream			
あいはきのと	藍葉キノト	人名	人名	人名	upstream			
きのと	藍葉キノト	人名	人名	人名	upstream			
ましろりりぃ	魔城リリィ	人名	人名	人名	upstream			
りりぃ	魔城リリィ	人名	人名	人名	upstream			
りりい	魔城リリィ	人名	人名	人名	upstream			
あまがやありあ	天ケ谷ありあ	人名	人名	人名	upstream			
ありあ	天ケ谷ありあ	人名	人名	人名	upstream			
ほうじょうあいる	奉城アイル	人名	人名	人名	upstream			
あいる	奉城アイル	人名	人名	人名	upstream			
ふるつばきめる	古椿姫メル	人名	人名	人名	upstream			
める	古椿姫メル	人名	人名	人名	upstream			
みずねこしおん	水猫シオン	人名	人名	人名	upstream			
しおん	水猫シオン	人名	人名	人名	upstream			
とおる	十織	人名	人名	人名	upstream			
とーる	十織	人名	人名	人名	upstream			
さかきもこ	さかきも子	人名	人名	人名	upstream			
もこ	さかきも子	人名	人名	人名	upstream			
ねこたしずく	猫田しずく	人名	人名	人名	upstream			
しずく	猫田しずく	人名	人名	人名	upstream			
なんばあかり	難波あかり	人名	人名	人名	upstream			
あかり	難波あかり	人名	人名	人名	upstream			
よひかりざっきー	夜光ザッキー	人名	人名	人名	upstream			
ざっきー	夜光ザッキー	人名	人名	人名	upstream			
やつこしおろち	八ツ越蠎	人名	人名	人名	upstream			
おろち	八ツ越蠎	人名	人名	人名	upstream			
かのんみるん	花音ミルン	人名	人名	人名	upstream			
みるん	花音ミルン	人名	人名	人名	upstream			
ももべにしゃる	桃紅しゃる	人名	人名	人名	upstream			
しゃる	桃紅しゃる	人名	人名	人名	upstream			
あまゆるりは	天癒るりは	人名	人名	人名	upstream			
るりは	天癒るりは	人名	人名	人名	upstream			
どくはきむつめ	毒吐むつめ	人名	人名	人名	upstream			
むつめ	毒吐むつめ	人名	人名	人名	upstream			
みずはほむら	水羽ほむら	人名	人名	人名	upstream			
ほむら	水羽ほむら	人名	人名	人名	upstream			
はるきー	ハルキー	人名	人名	人名	upstream			
りんりん	リンリン	人名	人名	人名	upstream			
ふゆみせれすてぃあ	FuyumiCelestia	人名	人名	人名	upstream			
ふゆみ	FuyumiCelestia	人名	人名	人名	upstream			
ひょうがしえと	氷菓子エト	人名	人名	人名	upstream			
えと	氷菓子エト	人名	人名	人名	upstream			
ここのいれいか	琥此威れいか	人名	人名	人名	upstream			
れいか	琥此威れいか	人名	人名	人名	upstream			
くれあえく	くれあえく	人名	人名	人名	upstream			
えく	くれあえく	人名	人名	人名	upstream			
さんしあ	さんしあ	人名	人名	人名	upstream			
かおすちゃん	FB777	人名	人名	人名	upstream			
らいむりじちょう	らいむ理事長	人名	人名	人名	upstream			
らいむ	らいむ理事長	人名	人名	人名	upstream			
ししがみほえる	獅子神吼	人名	人名	人名	upstream			
ほえる	獅子神吼	人名	人名	人名	upstream			
くろいたくみ	黒井拓美	人名	人名	人名	upstream			
くろいにゃん	黒井拓美	人名	人名	人名	upstream			
ほりもとけん	堀本見	人名	人名	人名	upstream			
けん	堀本見	人名	人名	人名	upstream			
ほりもとみえる	堀本みえる	人名	人名	人名	upstream			
みえる	堀本みえる	人名	人名	人名	upstream			
なにか	ナ煮カ	人名	人名	人名	upstream			
つきなみれあ	月涙れあ	人名	人名	人名	upstream			
れあ	月涙れあ	人名	人名	人名	upstream			
もちのきょうこ	モチノ・キョウコ	人名	人名	人名	upstream			
きょうこ	モチノ・キョウコ	人名	人名	人名	upstream			
もちこ	モチノ・キョウコ	人名	人名	人名	upstream			
みかどもも	御門モモ	人名	人名	人名	upstream			
もも	御門モモ	人名	人名	人名	upstream			
しらかわゆり	しらかわ由理	人名	人名	人名	upstream			
ゆり	しらかわ由理	人名	人名	人名	upstream			
おうと	桜都	人名	人名	人名	upstream			
ぷりんららもーど	ぷりん・らら・もーど	人名	人名	人名	upstream			
ぷりん	ぷりん・らら・もーど	人名	人名	人名	upstream			
らら	ぷりん・らら・もーど	人名	人名	人名	upstream			
ぽめろぱんち	ぽめろ・ぱんち	人名	人名	人名	upstream			
ぱんち	ぽめろ・ぱんち	人名	人名	人名	upstream			
ぽめろ	ぽめろ・ぱんち	人名	人名	人名	upstream			
そらさきやまと	宇宙咲大和	人名	人名	人名	upstream			
やまと	宇宙咲大和	人名	人名	人名	upstream			
まさかどのあかね	マサカドノあかね	人名	人名	人名	upstream			
あかね	マサカドノあかね	人名	人名	人名	upstream			
いこみきいえしき	已己巳己己己己己	人名	人名	人名	upstream			
いえしき	已己巳己己己己己	人名	人名	人名	upstream			
よいちょぷれ	酔澄觸°	人名	人名	人名	upstream			
ぷれ	酔澄觸°	人名	人名	人名	upstream			
どりいむきゃっちですわ	努力向果致ですわ	人名	人名	人名	upstream			
どりーむきゃっちですわ	努力向果致ですわ	人名	人名	人名	upstream			
ですわ	努力向果致ですわ	人名	人名	人名	upstream			
よこたてななめ	十ナナメ	人名	人名	人名	upstream			
ななめ	十ナナメ	人名	人名	人名	upstream			
ひなたねめんま	日向猫めんま	人名	人名	人名	upstream			
めんま	日向猫めんま	人名	人名	人名	upstream			
ゆめかわゆめ	夢川夢	人名	人名	人名	upstream			
ゆめ	夢川夢	人名	人名	人名	upstream			
はねるぴょこ	羽流ぴょこ	人名	人名	人名	upstream			
ぴょこ	羽流ぴょこ	人名	人名	人名	upstream			
ときとうはてな	解問ハテナ	人名	人名	人名	upstream			
はてな	解問ハテナ	人名	人名	人名	upstream			
あけばなしこと	明噺こと	人名	人名	人名	upstream			
こと	明噺こと	人名	人名	人名	upstream			
すみしおさやな	墨汐さやな	人名	人名	人名	upstream			
さやな	墨汐さやな	人名	人名	人名	upstream			
るみがきりらら	琉海垣りらら	人名	人名	人名	upstream			
りらら	琉海垣りらら	人名	人名	人名	upstream			
ゆいかわひなみ	由比河ひなみ	人名	人名	人名	upstream			
ひなみ	由比河ひなみ	人名	人名	人名	upstream			
さきがねぽしか	咲鐘星架	人名	人名	人名	upstream			
ぽしか	咲鐘星架	人名	人名	人名	upstream			
よいなぎねおん	宵凪ネオン	人名	人名	人名	upstream			
ねおん	宵凪ネオン	人名	人名	人名	upstream			
れいめいみら	玲銘ミラ	人名	人名	人名	upstream			
みら	玲銘ミラ	人名	人名	人名	upstream			
きよすみらいら	清澄ライラ	人名	人名	人名	upstream			
らいら	清澄ライラ	人名	人名	人名	upstream			
おとぎりんね	音戯リンネ	人名	人名	人名	upstream			
りんね	音戯リンネ	人名	人名	人名	upstream			
すくいだえる	救堕える	人名	人名	人名	upstream			
える	救堕える	人名	人名	人名	upstream			
ゆきやなぎこまり	珍珠花こまり	人名	人名	人名	upstream			
こまり	珍珠花こまり	人名	人名	人名	upstream			
おやすみねるね	御夜眠ねるね	人名	人名	人名	upstream			
ねるね	御夜眠ねるね	人名	人名	人名	upstream			
うんめいめいな	運命メイナ	人名	人名	人名	upstream			
めいな	運命メイナ	人名	人名	人名	upstream			
あまらすてらす	天羅洲テラス	人名	人名	人名	upstream			
てらす	天羅洲テラス	人名	人名	人名	upstream			
ながつきみか	九月三日	人名	人名	人名	upstream			
みか	九月三日	人名	人名	人名	upstream			
あまがせむゆ	天ヶ瀬夢癒	人名	人名	人名	upstream			
むゆ	天ヶ瀬夢癒	人名	人名	人名	upstream			
しきなぎあきら	四季凪聖来	人名	人名	人名	upstream			
あきら	四季凪聖来	人名	人名	人名	upstream			
すずみやそなた	涼宮颯	人名	人名	人名	upstream			
そなた	涼宮颯	人名	人名	人名	upstream			
さいきいってつ	佐伯一徹	人名	人名	人名	upstream			
いってつ	佐伯一徹	人名	人名	人名	upstream			
ほしるべしょう	星導晶	人名	人名	人名	upstream			
しょう	星導晶	人名	人名	人名	upstream			
おにぶしちはや	鬼伏千隼	人名	人名	人名	upstream			
ちはや	鬼伏千隼	人名	人名	人名	upstream			
つゆざきつゆ	露嵜つゆ	人名	人名	人名	upstream			
つゆ	露嵜つゆ	人名	人名	人名	upstream			
あおぎりみほの	青桐美星乃	人名	人名	人名	upstream			
みほの	青桐美星乃	人名	人名	人名	upstream			
わらびらいか	蕨ライカ	人名	人名	人名	upstream			
らいか	蕨ライカ	人名	人名	人名	upstream			
くさかべあずさ	日下部あずさ	人名	人名	人名	upstream			
あずさ	日下部あずさ	人名	人名	人名	upstream			
みこしばじん	御子柴仁	人名	人名	人名	upstream			
じん	御子柴仁	人名	人名	人名	upstream			
めあの	メアノ	人名	人名	人名	upstream			
くのおりひと	九埜織人	人名	人名	人名	upstream			
おりひと	九埜織人	人名	人名	人名	upstream			
みくにおとは	未来丹音羽	人名	人名	人名	upstream			
おとは	未来丹音羽	人名	人名	人名	upstream			
ひやまりつ	檜山律	人名	人名	人名	upstream			
りつ	檜山律	人名	人名	人名	upstream			
なえしろちわ	苗代千和	人名	人名	人名	upstream			
ちわ	苗代千和	人名	人名	人名	upstream			
あかつきれいわ	暁レイヤ	人名	人名	人名	upstream			
れいわ	暁レイヤ	人名	人名	人名	upstream			
たきやまぐんぐにる	瀧山グングニル	人名	人名	人名	upstream			
ぐんぐにる	瀧山グングニル	人名	人名	人名	upstream			
ひめもりえりか	媛守エリカ	人名	人名	人名	upstream			
えりか	媛守エリカ	人名	人名	人名	upstream			
みずまちなこ	水町ナコ	人名	人名	人名	upstream			
なこ	水町ナコ	人名	人名	人名	upstream			
ちぎらけんと	千吉良健人	人名	人名	人名	upstream			
けんと	千吉良健人	人名	人名	人名	upstream			
ののみやめら	野々宮めら	人名	人名	人名	upstream			
めら	野々宮めら	人名	人名	人名	upstream			
みやながゆづる	宮永由鶴	人名	人名	人名	upstream			
ゆづる	宮永由鶴	人名	人名	人名	upstream			
きなとことは	喜納ことは	人名	人名	人名	upstream			
ことは	喜納ことは	人名	人名	人名	upstream			
くまびときと	熊火刻人	人名	人名	人名	upstream			
ときと	熊火刻人	人名	人名	人名	upstream			
あおうみうきわ	葵海うきわ	人名	人名	人名	upstream			
うきわ	葵海うきわ	人名	人名	人名	upstream			
あしやたいが	芦屋大河	人名	人名	人名	upstream			
たいが	芦屋大河	人名	人名	人名	upstream			
いりさからて	入坂ラテ	人名	人名	人名	upstream			
らて	入坂ラテ	人名	人名	人名	upstream			
えみつきみき	絵三木ミキ	人名	人名	人名	upstream			
みき	絵三木ミキ	人名	人名	人名	upstream			
かぎむらかいり	鍵村カイリ	人名	人名	人名	upstream			
かいり	鍵村カイリ	人名	人名	人名	upstream			
かみぞのいお	神園イオ	人名	人名	人名	upstream			
いお	神園イオ	人名	人名	人名	upstream			
このえいちか	近衛一花	人名	人名	人名	upstream			
いちか	近衛一花	人名	人名	人名	upstream			
たちばなえいじ	橘英士	人名	人名	人名	upstream			
えいじ	橘英士	人名	人名	人名	upstream			
ふじどうろくちゃ	藤堂六茶	人名	人名	人名	upstream			
ろくちゃ	藤堂六茶	人名	人名	人名	upstream			
ふじのかわいつき	藤ノ河樹	人名	人名	人名	upstream			
いつき	藤ノ河樹	人名	人名	人名	upstream			
こがらしふぃりあ	凩フィリア	人名	人名	人名	upstream			
ふぃりあ	凩フィリア	人名	人名	人名	upstream			
いくまるありな	郁丸アリナ	人名	人名	人名	upstream			
ありな	郁丸アリナ	人名	人名	人名	upstream			
かみきしゅな	上綺朱南	人名	人名	人名	upstream			
しゅな	上綺朱南	人名	人名	人名	upstream			
ののは	乃々葉	人名	人名	人名	upstream			
しの	詩乃	人名	人名	人名	upstream			
みかる	みかる	人名	人名	人名	upstream			
みく	美紅	人名	人名	人名	upstream			
ほしなれき	星名レキ	人名	人名	人名	upstream			
れき	星名レキ	人名	人名	人名	upstream			
ふたぼしきら	双星きら	人名	人名	人名	upstream			
きら	双星きら	人名	人名	人名	upstream			
めんちんなんばーないん	面椿No.9	人名	人名	人名	upstream			
めんちんの９	面椿No.9	人名	人名	人名	upstream			
めんちん	面椿No.9	人名	人名	人名	upstream			
だらくおぶじえんど	ダラク・オブ・ジ・エンド	人名	人名	人名	upstream			
だらく	ダラク・オブ・ジ・エンド	人名	人名	人名	upstream			
ぴぴすぴる	ぴぴすぴる	人名	人名	人名	upstream			
すぴる	ぴぴすぴる	人名	人名	人名	upstream			
さとりかがく	悟理科楽	人名	人名	人名	upstream			
かがく	悟理科楽	人名	人名	人名	upstream			
ひとよえにし	緋十夜縁	人名	人名	人名	upstream			
えにし	緋十夜縁	人名	人名	人名	upstream			
さよなきみお	小夜鳴ミオ	人名	人名	人名	upstream			
みお	小夜鳴ミオ	人名	人名	人名	upstream			
いろどりいろり	紅酉いろり	人名	人名	人名	upstream			
いろり	紅酉いろり	人名	人名	人名	upstream			
さくらいすみ	朔桜衣澄	人名	人名	人名	upstream			
いすみ	朔桜衣澄	人名	人名	人名	upstream			
らんこうりん	藍香鈴	人名	人名	人名	upstream			
こうりん	藍香鈴	人名	人名	人名	upstream			
みなとよみな	湊依ヨミナ	人名	人名	人名	upstream			
よみな	湊依ヨミナ	人名	人名	人名	upstream			
りょうりょうのりょう	凌々之りょう	人名	人名	人名	upstream			
りょう	凌々之りょう	人名	人名	人名	upstream			
ひないろぜ	雛伊ろぜ	人名	人名	人名	upstream			
ろぜ	雛伊ろぜ	人名	人名	人名	upstream			
みすたーもり	Mr.MORI	人名	人名	人名	upstream			
もり	Mr.MORI	人名	人名	人名	upstream			
しかのせかな	鹿ノ瀬かな	人名	人名	人名	upstream			
かな	鹿ノ瀬かな	人名	人名	人名	upstream			
ゆりかわゆん	ゆりかわゆん	人名	人名	人名	upstream			
ゆん	ゆりかわゆん	人名	人名	人名	upstream			
ゆうなぎうしお	夕凪潮	人名	人名	人名	upstream			
うしお	夕凪潮	人名	人名	人名	upstream			
あいぞらせい	逢宙セイ	人名	人名	人名	upstream			
せい	逢宙セイ	人名	人名	人名	upstream			
よいさきめいね	宵咲メイネ	人名	人名	人名	upstream			
めいね	宵咲メイネ	人名	人名	人名	upstream			
ななころびころん	虹転飛ころん	人名	人名	人名	upstream			
ころん	虹転飛ころん	人名	人名	人名	upstream			
ふたばぴあの	譜束ぴあの	人名	人名	人名	upstream			
ぴあの	譜束ぴあの	人名	人名	人名	upstream			
ふたばいおり	譜束 いおり	人名	人名	人名	upstream			
いおり	譜束 いおり	人名	人名	人名	upstream			
きざみりずむ	刻美りずむ	人名	人名	人名	upstream			
りずむ	刻美りずむ	人名	人名	人名	upstream			
なみどうらいざ	波導らいざ	人名	人名	人名	upstream			
らいざ	波導らいざ	人名	人名	人名	upstream			
ぷらぐいんかなで	符洛院カナデ	人名	人名	人名	upstream			
かなで	符洛院カナデ	人名	人名	人名	upstream			
てくのひびき	天空乃ヒビキ	人名	人名	人名	upstream			
ひびき	天空乃ヒビキ	人名	人名	人名	upstream			
ぶいあぱ	ブイアパ	人名	人名	人名	upstream			
しゅがーりりっく	シュガーリリック	人名	人名	人名	upstream			
しゅがりり	シュガーリリック	人名	人名	人名	upstream			
おいのもりめい	狼森メイ	人名	人名	人名	upstream			
めい	狼森メイ	人名	人名	人名	upstream			
いなうるう	いなうるう	人名	人名	人名	upstream			
るう	いなうるう	人名	人名	人名	upstream			
ひよくろ	ひよクロ	人名	人名	人名	upstream			
あまいつな	天愛つな	人名	人名	人名	upstream			
つな	天愛つな	人名	人名	人名	upstream			
あまいみぷ	甘苺みぷ	人名	人名	人名	upstream			
みぷ	甘苺みぷ	人名	人名	人名	upstream			
おおかぽんさや	狼桜ぽんさや	人名	人名	人名	upstream			
ぽんさや	狼桜ぽんさや	人名	人名	人名	upstream			
かぜのねてとら	風音てとら	人名	人名	人名	upstream			
てとら	風音てとら	人名	人名	人名	upstream			
きつねのさとたけのこ	狐ノ里たけのこ	人名	人名	人名	upstream			
たけのこ	狐ノ里たけのこ	人名	人名	人名	upstream			
きらぼしいのり	輝星いのり	人名	人名	人名	upstream			
いのり	輝星いのり	人名	人名	人名	upstream			
ざくろくおん	石榴くおん	人名	人名	人名	upstream			
くおん	石榴くおん	人名	人名	人名	upstream			
さとうすぐ	佐透直	人名	人名	人名	upstream			
すぐ	佐透直	人名	人名	人名	upstream			
とうさきちなつ	橙崎ちなつ	人名	人名	人名	upstream			
ちなつ	橙崎ちなつ	人名	人名	人名	upstream			
ひまりえな	陽葵えな	人名	人名	人名	upstream			
えな	陽葵えな	人名	人名	人名	upstream			
ゆうはうゆ	憂羽うゆ	人名	人名	人名	upstream			
うゆ	憂羽うゆ	人名	人名	人名	upstream			
ゆのかわこはる	癒乃川こはる	人名	人名	人名	upstream			
こはる	癒乃川こはる	人名	人名	人名	upstream			
いしころのやまだ	石ころの山田。	人名	人名	人名	upstream			
やまだ	石ころの山田。	人名	人名	人名	upstream			
ふたあいしぃあ	二藍しぃあ	人名	人名	人名	upstream			
しぃあ	二藍しぃあ	人名	人名	人名	upstream			
しいあ	二藍しぃあ	人名	人名	人名	upstream			
まどろみいちの	微睡いちの	人名	人名	人名	upstream			
いちの	微睡いちの	人名	人名	人名	upstream			
おぎやまりあ	荻谷まりあ	人名	人名	人名	upstream			
まりあ	荻谷まりあ	人名	人名	人名	upstream			
かかえつぼにーる	カカ・エツボニール	人名	人名	人名	upstream			
かか	カカ・エツボニール	人名	人名	人名	upstream			
みるみかうつつ	ミルミカ映々	人名	人名	人名	upstream			
うつつ	ミルミカ映々	人名	人名	人名	upstream			
ふみづきかんな	文月カンナ	人名	人名	人名	upstream			
かんな	文月カンナ	人名	人名	人名	upstream			
すぱーくるきらら	閃キララ	人名	人名	人名	upstream			
きらら	閃キララ	人名	人名	人名	upstream			
あかしにこ	アカシ・ニコ	人名	人名	人名	upstream			
にこ	アカシ・ニコ	人名	人名	人名	upstream			
もりもりにゃんこめし	もりもりにゃんこめし	人名	人名	人名	upstream			
もりめし	もりもりにゃんこめし	人名	人名	人名	upstream			
めいでんわーくす	迷電ワークス	人名	人名	人名	upstream			
めいわく	迷電ワークス	人名	人名	人名	upstream			
こいんらんどりーすかっど	コインランドリースカッド	人名	人名	人名	upstream			
こいすか	コインランドリースカッド	人名	人名	人名	upstream			
まぼろしともだちくらぶ	マボロシトモダチクラブ	人名	人名	人名	upstream			
ぼろだち	マボロシトモダチクラブ	人名	人名	人名	upstream			
ぼろとも	マボロシトモダチクラブ	人名	人名	人名	upstream			
ろりいたのののこ	露李板ののの子	人名	人名	人名	upstream			
ののこ	露李板ののの子	人名	人名	人名	upstream			
さくらりな	サクラリナ	人名	人名	人名	upstream			
りな	サクラリナ	人名	人名	人名	upstream			
ぱるたくれいしす	パルタ・クレイシス	人名	人名	人名	upstream			
ぱるた	パルタ・クレイシス	人名	人名	人名	upstream			
みーにゃすこっと	ミーニャ・スコット	人名	人名	人名	upstream			
みーにゃ	ミーニャ・スコット	人名	人名	人名	upstream			
あいうらら	あいうらら	人名	人名	人名	upstream			
うらら	あいうらら	人名	人名	人名	upstream			
ゆめみむむ	夢見むむ	人名	人名	人名	upstream			
むむ	夢見むむ	人名	人名	人名	upstream			
ろろおりふぃす	ロロ・オリフィス	人名	人名	人名	upstream			
ろろ	ロロ・オリフィス	人名	人名	人名	upstream			
ていおんかさね	蹄音かさね	人名	人名	人名	upstream			
かさね	蹄音かさね	人名	人名	人名	upstream			
やどかりのどりぃ	ヤドカリのドリィ	人名	人名	人名	upstream			
どりぃ	ヤドカリのドリィ	人名	人名	人名	upstream			
どりい	ヤドカリのドリィ	人名	人名	人名	upstream			
どりぃ	ドリィ	人名	人名	人名	upstream			
どりい	ドリィ	人名	人名	人名	upstream			
しもふりいちぼ	霜降いちぼ	人名	人名	人名	upstream			
いちぼ	霜降いちぼ	人名	人名	人名	upstream			
さくらなごみ	桜なごみ	人名	人名	人名	upstream			
なごみ	桜なごみ	人名	人名	人名	upstream			
ひのとりめら	火乃鳥めら	人名	人名	人名	upstream			
めら	火乃鳥めら	人名	人名	人名	upstream			
ねこみやふゆ	猫宮ふゆ	人名	人名	人名	upstream			
あまかすかざり	天霞かざり	人名	人名	人名	upstream			
かざり	天霞かざり	人名	人名	人名	upstream			
ゆうみねしの	夕峰シノ	人名	人名	人名	upstream			
しの	夕峰シノ	人名	人名	人名	upstream			
いずみやりつ	静宮リツ	人名	人名	人名	upstream			
りつ	静宮リツ	人名	人名	人名	upstream			
しづきせな	紫槻セナ	人名	人名	人名	upstream			
せな	紫槻セナ	人名	人名	人名	upstream			
みずはねそら	水羽そら	人名	人名	人名	upstream			
そら	水羽そら	人名	人名	人名	upstream			
かいどうあのね	海童あのね	人名	人名	人名	upstream			
あのね	海童あのね	人名	人名	人名	upstream			
はるれよんべーる	ハル・レヨン・ベール	人名	人名	人名	upstream			
はる	ハル・レヨン・ベール	人名	人名	人名	upstream			
あまいことの	天魅ことの	人名	人名	人名	upstream			
ことの	天魅ことの	人名	人名	人名	upstream			
りょうきちゃき	猟奇ちゃき	人名	人名	人名	upstream			
ちゃき	猟奇ちゃき	人名	人名	人名	upstream			
みなもなつき	水雲凪月	人名	人名	人名	upstream			
なつき	水雲凪月	人名	人名	人名	upstream			
がおうみはい	牙王ミハイ	人名	人名	人名	upstream			
みはい	牙王ミハイ	人名	人名	人名	upstream			
くろひつぎみか	黒棺みか	人名	人名	人名	upstream			
みか	黒棺みか	人名	人名	人名	upstream			
こくろうりひと	刻狼リヒト	人名	人名	人名	upstream			
りひと	刻狼リヒト	人名	人名	人名	upstream			
しろせゆうり	白瀬ユウリ	人名	人名	人名	upstream			
ゆうり	白瀬ユウリ	人名	人名	人名	upstream			
すめらぎりおん	皇希リオン	人名	人名	人名	upstream			
りおん	皇希リオン	人名	人名	人名	upstream			
ららべるないとめあ	ララベル・ナイトメア	人名	人名	人名	upstream			
ららべる	ララベル・ナイトメア	人名	人名	人名	upstream			
えーあいゆに	得愛ユニ	人名	人名	人名	upstream			
ゆに	得愛ユニ	人名	人名	人名	upstream			
こはないなこ	小花衣七虹	人名	人名	人名	upstream			
なこ	小花衣七虹	人名	人名	人名	upstream			
しちはちぷてら	漆八ぷてら	人名	人名	人名	upstream			
ぷてら	漆八ぷてら	人名	人名	人名	upstream			
あおくもりん	青雲凛	人名	人名	人名	upstream			
りん	青雲凛	人名	人名	人名	upstream			
あらはしたび	荒波子タビ	人名	人名	人名	upstream			
たび	荒波子タビ	人名	人名	人名	upstream			
ぴっぱぺぶるすわーす	ピッパ・ペブルスワース	人名	人名	人名	upstream			
ぴっぱ	ピッパ・ペブルスワース	人名	人名	人名	upstream			
あんずしゅらむ	安露•書拉密	人名	人名	人名	upstream			
あんず	安露•書拉密	人名	人名	人名	upstream			
ぐらたんすいどうとめられた	ぐらたん水道止められた	人名	人名	人名	upstream			
ぐらたん	ぐらたん水道止められた	人名	人名	人名	upstream			
こととととてとしょかん	ヿ𠥼迚圕	人名	人名	人名	upstream			
としょかん	ヿ𠥼迚圕	人名	人名	人名	upstream			
みなも	水面	人名	人名	人名	upstream			
ぼくをすこらねば	ぼくをすこらねば	人名	人名	人名	upstream			
ねこねねこ	寝子音ねこ	人名	人名	人名	upstream			
ねこ	寝子音ねこ	人名	人名	人名	upstream			
れみゅる	ﾚﾐｭﾙ･ﾗﾋﾞｨ･ｱｳﾞｪｸ･ﾄﾜ･ﾁｮｺﾄﾞｰﾅｯﾂ･ﾎﾟﾎﾟ･ｱｳﾙﾄﾞｰﾙ･ﾘﾘｨ･ｵﾙﾀﾅｽ･ｳﾞｪﾙｰﾁ	人名	人名	人名	upstream			
つやみるりな	艶魅ルリナ	人名	人名	人名	upstream			
るりな	艶魅ルリナ	人名	人名	人名	upstream			
きづききら	鬼月キラ	人名	人名	人名	upstream			
きら	鬼月キラ	人名	人名	人名	upstream			
はのしえる	羽乃シエル	人名	人名	人名	upstream			
しえる	羽乃シエル	人名	人名	人名	upstream			
ももさきみるく	桃妃ミルク	人名	人名	人名	upstream			
みるく	桃妃ミルク	人名	人名	人名	upstream			
まおうとぅるしー	魔王トゥルシー	人名	人名	人名	upstream			
とぅるしー	魔王トゥルシー	人名	人名	人名	upstream			
るみなすすいーと	るみなす・すいーと	人名	人名	人名	upstream			
るみなす	るみなす・すいーと	人名	人名	人名	upstream			
うきうきゆにこ	浮々ゆにこ	人名	人名	人名	upstream			
ゆにこ	浮々ゆにこ	人名	人名	人名	upstream			
うりよね	糶	人名	人名	人名	upstream			
はなび	華灯	人名	人名	人名	upstream			
あまあまえぺる	甘々えぺる	人名	人名	人名	upstream			
えぺる	甘々えぺる	人名	人名	人名	upstream			
なつみやらむね	夏宮らむね	人名	人名	人名	upstream			
らむね	夏宮らむね	人名	人名	人名	upstream			
かのうせいが	神納セイガ	人名	人名	人名	upstream			
せいが	神納セイガ	人名	人名	人名	upstream			
ほぺぺ	ほぺぺ	人名	人名	人名	upstream			
ういはるみお	初春みお	人名	人名	人名	upstream			
みお	初春みお	人名	人名	人名	upstream			
ことりゆうい	ことりゆうい	人名	人名	人名	upstream			
ゆうい	ことりゆうい	人名	人名	人名	upstream			
めーれ	メーレ	人名	人名	人名	upstream			
おりむりちぇ	織夢りちぇ	人名	人名	人名	upstream			
りちぇ	織夢りちぇ	人名	人名	人名	upstream			
かんなずきみはる	神無月ミハル	人名	人名	人名	upstream			
みはる	神無月ミハル	人名	人名	人名	upstream			
ひづきれん	緋月れん	人名	人名	人名	upstream			
れん	緋月れん	人名	人名	人名	upstream			
しおねべりーちゃん	汐音ベリーちゃん	人名	人名	人名	upstream			
べりーちゃん	汐音ベリーちゃん	人名	人名	人名	upstream			
べりー	汐音ベリーちゃん	人名	人名	人名	upstream			
ぺんぎんかいのくろふねらいこうべりーちゃん	ペンギン界の黒船来航！ベリーちゃん	人名	人名	人名	upstream			
べりーちゃん	ペンギン界の黒船来航！ベリーちゃん	人名	人名	人名	upstream			
べりー	ペンギン界の黒船来航！ベリーちゃん	人名	人名	人名	upstream			
あたし	与死	人名	人名	人名	upstream			
ななほしてんか	七星甜花	人名	人名	人名	upstream			
てんか	七星甜花	人名	人名	人名	upstream			
とこよのめず	常世乃メズ	人名	人名	人名	upstream			
めず	常世乃メズ	人名	人名	人名	upstream			
でこもりぽめた	凸守ぽめた。	人名	人名	人名	upstream			
ぽめた	凸守ぽめた。	人名	人名	人名	upstream			
きょうけんぽめた	狂犬ぽめた。	人名	人名	人名	upstream			
ぽめた	狂犬ぽめた。	人名	人名	人名	upstream			
ねこまたにゃん	猫又にゃん	人名	人名	人名	upstream			
にゃん	猫又にゃん	人名	人名	人名	upstream			
ねこまたみゃお	猫又ミャオ	人名	人名	人名	upstream			
みゃお	猫又ミャオ	人名	人名	人名	upstream			
たてばゆり	立華ゆり	人名	人名	人名	upstream			
ゆり	立華ゆり	人名	人名	人名	upstream			
きりさきしゅうせい	霧崎秀征	人名	人名	人名	upstream			
しゅうせい	霧崎秀征	人名	人名	人名	upstream			
ねこみやぽよこ	猫宮ぽよ子	人名	人名	人名	upstream			
ぽよこ	猫宮ぽよ子	人名	人名	人名	upstream			
ねこみやにこん	猫宮にこん	人名	人名	人名	upstream			
にこん	猫宮にこん	人名	人名	人名	upstream			
せいきまつうな	世紀末ウナ	人名	人名	人名	upstream			
うな	世紀末ウナ	人名	人名	人名	upstream			
くもくでるむでる	クモ・クデルムデル	人名	人名	人名	upstream			
くも	クモ・クデルムデル	人名	人名	人名	upstream			
しぇりーるぴなー	シェリー・ルピナー	人名	人名	人名	upstream			
しぇりー	シェリー・ルピナー	人名	人名	人名	upstream			
とぎばなろふむ	御伽話ろふむ	人名	人名	人名	upstream			
ろふむ	御伽話ろふむ	人名	人名	人名	upstream			
ねむりねみよ	眠音みよ	人名	人名	人名	upstream			
みよ	眠音みよ	人名	人名	人名	upstream			
はまる	はまる	人名	人名	人名	upstream			
けむりやん	染月煙	人名	人名	人名	upstream			
やん	染月煙	人名	人名	人名	upstream			
あさひさにぃ	朝輝さにぃ	人名	人名	人名	upstream			
あさひさにい	朝輝さにぃ	人名	人名	人名	upstream			
さにぃ	朝輝さにぃ	人名	人名	人名	upstream			
さにい	朝輝さにぃ	人名	人名	人名	upstream			
ふぇにらびー	菲尼拉比	人名	人名	人名	upstream			
らびー	菲尼拉比	人名	人名	人名	upstream			
ねこふじあさか	音湖藤淺歌	人名	人名	人名	upstream			
あさか	音湖藤淺歌	人名	人名	人名	upstream			
あめかわしの	飴川紫乃	人名	人名	人名	upstream			
しの	飴川紫乃	人名	人名	人名	upstream			
どんびい	冬蜜	人名	人名	人名	upstream			
こんどうぱうしあ	近藤パウシア	人名	人名	人名	upstream			
ぱうしあ	近藤パウシア	人名	人名	人名	upstream			
むらくもとお	村雲透音	人名	人名	人名	upstream			
とお	村雲透音	人名	人名	人名	upstream			
とらしまめら	虎島めら。	人名	人名	人名	upstream			
めら	虎島めら。	人名	人名	人名	upstream			
ちゃか	茶花	人名	人名	人名	upstream			
うづきしゅな	兎月しゅな	人名	人名	人名	upstream			
しゅな	兎月しゅな	人名	人名	人名	upstream			
おおかみしの	大神シノ	人名	人名	人名	upstream			
しの	大神シノ	人名	人名	人名	upstream			
ぴちくん	皮崎君	人名	人名	人名	upstream			
おとはちはね	乙葉ちはね	人名	人名	人名	upstream			
ちはね	乙葉ちはね	人名	人名	人名	upstream			
ぴーたーぼくし	ピーター牧師	人名	人名	人名	upstream			
みずみななり	水宮七璃	人名	人名	人名	upstream			
ななり	水宮七璃	人名	人名	人名	upstream			
たまねこめいりや	玉猫メイリヤ	人名	人名	人名	upstream			
めいりや	玉猫メイリヤ	人名	人名	人名	upstream			
あさぎりつゆ	朝霧つゆ	人名	人名	人名	upstream			
つゆ	朝霧つゆ	人名	人名	人名	upstream			
さむちょ	サムちょ	人名	人名	人名	upstream			
あかはねあや	赤羽亞矢	人名	人名	人名	upstream			
あや	赤羽亞矢	人名	人名	人名	upstream			
ゆめのりお	夢野リオ	人名	人名	人名	upstream			
りお	夢野リオ	人名	人名	人名	upstream			
ししがやふれあ	獅子ヶ谷フレア	人名	人名	人名	upstream			
ふれあ	獅子ヶ谷フレア	人名	人名	人名	upstream			
きのこむし	きのこむし	人名	人名	人名	upstream			
きょくりゅすぴの	棘龍すぴの	人名	人名	人名	upstream			
すぴの	棘龍すぴの	人名	人名	人名	upstream			
あぶくまねふぃ	泡魔ねふぃ	人名	人名	人名	upstream			
ねふぃ	泡魔ねふぃ	人名	人名	人名	upstream			
もちしおかに	望潮かに	人名	人名	人名	upstream			
かに	望潮かに	人名	人名	人名	upstream			
たてなしとむ	盾無トム	人名	人名	人名	upstream			
とむ	盾無トム	人名	人名	人名	upstream			
ましろきらり	真城きらり	人名	人名	人名	upstream			
きらり	真城きらり	人名	人名	人名	upstream			
うさねこらーじ	うさねこらーじ	人名	人名	人名	upstream			
らーじ	うさねこらーじ	人名	人名	人名	upstream			
ちぇしれきゃっと	契夏凱德	人名	人名	人名	upstream			
きゃっと	契夏凱德	人名	人名	人名	upstream			
くくどうるるえれ	紅九童ルルエレ	人名	人名	人名	upstream			
るるえれ	紅九童ルルエレ	人名	人名	人名	upstream			
うまごやねるこ	馬小屋ねる子	人名	人名	人名	upstream			
ねるこ	馬小屋ねる子	人名	人名	人名	upstream			
ゆうさよるも	優桜ヨルモ	人名	人名	人名	upstream			
よるも	優桜ヨルモ	人名	人名	人名	upstream			
ゆうきのらく	幽鬼ノラク	人名	人名	人名	upstream			
のらく	幽鬼ノラク	人名	人名	人名	upstream			
りゅうがみにこる	龍神にこる	人名	人名	人名	upstream			
にこる	龍神にこる	人名	人名	人名	upstream			
こも	小某	人名	人名	人名	upstream			
ちよのめろ	蝶望メロ	人名	人名	人名	upstream			
めろ	蝶望メロ	人名	人名	人名	upstream			
あくまもも	悪魔桃	人名	人名	人名	upstream			
もも	悪魔桃	人名	人名	人名	upstream			
くぜくぜ	九畝くぜ	人名	人名	人名	upstream			
なおき	ナオキ	人名	人名	人名	upstream			
あまのせこおり	天乃瀬こおり	人名	人名	人名	upstream			
こおり	天乃瀬こおり	人名	人名	人名	upstream			
すいみつもも	水蜜もも	人名	人名	人名	upstream			
もも	水蜜もも	人名	人名	人名	upstream			
くじらのあいか	鯨野アイカ	人名	人名	人名	upstream			
あいか	鯨野アイカ	人名	人名	人名	upstream			
いなりやっこ	伊奈利やっこ	人名	人名	人名	upstream			
やっこ	伊奈利やっこ	人名	人名	人名	upstream			
やかみわれ	八神われ	人名	人名	人名	upstream			
われ	八神われ	人名	人名	人名	upstream			
のうじるたぎる	脳汁たぎる	人名	人名	人名	upstream			
やのとしのり	矢野トシノリ	人名	人名	人名	upstream			
としのり	矢野トシノリ	人名	人名	人名	upstream			
あまのりの	天野りの	人名	人名	人名	upstream			
りの	天野りの	人名	人名	人名	upstream			
つきひきら	月燈きら	人名	人名	人名	upstream			
きら	月燈きら	人名	人名	人名	upstream			
ましろゆき	真白ユキ	人名	人名	人名	upstream			
ゆき	真白ユキ	人名	人名	人名	upstream			
すどうこう	須戸コウ	人名	人名	人名	upstream			
こう	須戸コウ	人名	人名	人名	upstream			
ゆゆばにー	ゆゆ兎	人名	人名	人名	upstream			
かえではらあさひ	楓原アサヒ	人名	人名	人名	upstream			
あさひ	楓原アサヒ	人名	人名	人名	upstream			
まのまの	麻乃まの	人名	人名	人名	upstream			
まの	麻乃まの	人名	人名	人名	upstream			
えるびうむ	永琉びうむ	人名	人名	人名	upstream			
びうむ	永琉びうむ	人名	人名	人名	upstream			
すやまろみ	栖夜まろみ	人名	人名	人名	upstream			
まろみ	栖夜まろみ	人名	人名	人名	upstream			
ゆめくずかわ	夢クズかわ	人名	人名	人名	upstream			
かわ	夢クズかわ	人名	人名	人名	upstream			
よつややつよ	四ツ谷やつよ	人名	人名	人名	upstream			
やつよ	四ツ谷やつよ	人名	人名	人名	upstream			
きつねしーの	狐シーノ	人名	人名	人名	upstream			
しーの	狐シーノ	人名	人名	人名	upstream			
くろこだきば	黒孤堕キバ	人名	人名	人名	upstream			
きば	黒孤堕キバ	人名	人名	人名	upstream			
ひのかみひこね	火之神ひこね	人名	人名	人名	upstream			
ひこね	火之神ひこね	人名	人名	人名	upstream			
きたななち	喜多ななち	人名	人名	人名	upstream			
ななち	喜多ななち	人名	人名	人名	upstream			
くれいもあ	紅麗もあ	人名	人名	人名	upstream			
もあ	紅麗もあ	人名	人名	人名	upstream			
あかりはな	燈はな	人名	人名	人名	upstream			
はな	燈はな	人名	人名	人名	upstream			
たちばなゆうか	立花優香	人名	人名	人名	upstream			
ゆうか	立花優香	人名	人名	人名	upstream			
あかほしみぞれ	赤星雨英	人名	人名	人名	upstream			
みぞれ	赤星雨英	人名	人名	人名	upstream			
とちおとめさゆ	とち乙女さゆ	人名	人名	人名	upstream			
さゆ	とち乙女さゆ	人名	人名	人名	upstream			
あみいうも	編井うも	人名	人名	人名	upstream			
うも	編井うも	人名	人名	人名	upstream			
ななひさぎ	無々ひさぎ	人名	人名	人名	upstream			
ひさぎ	無々ひさぎ	人名	人名	人名	upstream			
こめかみ	コメカミ	人名	人名	人名	upstream			
もふたりめぐみ	もふ多里恵美	人名	人名	人名	upstream			
めぐみ	もふ多里恵美	人名	人名	人名	upstream			
あまねけろ	雨音けろ	人名	人名	人名	upstream			
けろ	雨音けろ	人名	人名	人名	upstream			
きみのあるじ	君乃あるじ	人名	人名	人名	upstream			
あるじ	君乃あるじ	人名	人名	人名	upstream			
うたかたりっか	泡沫六花	人名	人名	人名	upstream			
りっか	泡沫六花	人名	人名	人名	upstream			
せいかんかんら	星環漢螺	人名	人名	人名	upstream			
かんら	星環漢螺	人名	人名	人名	upstream			
あやめるん	朱愛るん	人名	人名	人名	upstream			
るん	朱愛るん	人名	人名	人名	upstream			
あかねしっか	茜シッカ	人名	人名	人名	upstream			
しっか	茜シッカ	人名	人名	人名	upstream			
あままおりんぬ	天猫りんぬ	人名	人名	人名	upstream			
りんぬ	天猫りんぬ	人名	人名	人名	upstream			
みつざきあや	蜜咲姫あや	人名	人名	人名	upstream			
あや	蜜咲姫あや	人名	人名	人名	upstream			
ぶぉふぁちぃぁぉくぁりー	薄荷巧克力	人名	人名	人名	upstream			
ほしざきまい	星崎麥麥	人名	人名	人名	upstream			
まい	星崎麥麥	人名	人名	人名	upstream			
のおん	沐橙	人名	人名	人名	upstream			
こはちめる	小蜂める	人名	人名	人名	upstream			
める	小蜂める	人名	人名	人名	upstream			
えのかわさや	榎川幸	人名	人名	人名	upstream			
さや	榎川幸	人名	人名	人名	upstream			
たなかりゅこ	田中りゅこ	人名	人名	人名	upstream			
りゅこ	田中りゅこ	人名	人名	人名	upstream			
いちのそらあうさ	一ノ天あうさ	人名	人名	人名	upstream			
あうさ	一ノ天あうさ	人名	人名	人名	upstream			
くまいいりな	熊井いりな	人名	人名	人名	upstream			
いりな	熊井いりな	人名	人名	人名	upstream			
くぜあいが	久瀬和雅	人名	人名	人名	upstream			
あいが	久瀬和雅	人名	人名	人名	upstream			
ぬら	努拉	人名	人名	人名	upstream			
めがみあぷろ	愛神アプロ	人名	人名	人名	upstream			
あぷろ	愛神アプロ	人名	人名	人名	upstream			
かにくぼしちみ	蟹久保しちみ	人名	人名	人名	upstream			
しちみ	蟹久保しちみ	人名	人名	人名	upstream			
みちよまお	導世まお	人名	人名	人名	upstream			
まお	導世まお	人名	人名	人名	upstream			
しっこくのじゃぱ	漆黒野じゃぱ	人名	人名	人名	upstream			
じゃぱ	漆黒野じゃぱ	人名	人名	人名	upstream			
みずかあや	綾瑞香	人名	人名	人名	upstream			
あや	綾瑞香	人名	人名	人名	upstream			
はなさきびいず	華崎びいず	人名	人名	人名	upstream			
びいず	華崎びいず	人名	人名	人名	upstream			
わすれなみゆ	勿忘みゆ	人名	人名	人名	upstream			
みゆ	勿忘みゆ	人名	人名	人名	upstream			
しかみらな	獅守ラナ	人名	人名	人名	upstream			
らな	獅守ラナ	人名	人名	人名	upstream			
わたゆきみなせ	綿雪ミナセ	人名	人名	人名	upstream			
みなせ	綿雪ミナセ	人名	人名	人名	upstream			
ましろななる	真城ななる	人名	人名	人名	upstream			
ななる	真城ななる	人名	人名	人名	upstream			
きよねせら	清音せら	人名	人名	人名	upstream			
せら	清音せら	人名	人名	人名	upstream			
たかさき	たかさき	人名	人名	人名	upstream			
どくまもめたび	毒守めたび	人名	人名	人名	upstream			
めたび	毒守めたび	人名	人名	人名	upstream			
さいかふく	雑賀フク	人名	人名	人名	upstream			
ふく	雑賀フク	人名	人名	人名	upstream			
ななほしみかん	七星みかん	人名	人名	人名	upstream			
みかん	七星みかん	人名	人名	人名	upstream			
つくもしおり	紡雲シオリ	人名	人名	人名	upstream			
しおり	紡雲シオリ	人名	人名	人名	upstream			
みくまあか	海熊あか	人名	人名	人名	upstream			
あか	海熊あか	人名	人名	人名	upstream			
すこぼしれい	好狐星レイ	人名	人名	人名	upstream			
れい	好狐星レイ	人名	人名	人名	upstream			
ねこたぴ	塔比タピ	人名	人名	人名	upstream			
たぴ	塔比タピ	人名	人名	人名	upstream			
いなずまかみなり	稻妻神鳴	人名	人名	人名	upstream			
かみなり	稻妻神鳴	人名	人名	人名	upstream			
くおんえね	駆音エネ	人名	人名	人名	upstream			
えね	駆音エネ	人名	人名	人名	upstream			
あまみやむぎ	雨宮麦	人名	人名	人名	upstream			
むぎ	雨宮麦	人名	人名	人名	upstream			
つばめこう	燕こう	人名	人名	人名	upstream			
こう	燕こう	人名	人名	人名	upstream			
ねむりぽんこ	眠狸ぽんこ	人名	人名	人名	upstream			
ぽんこ	眠狸ぽんこ	人名	人名	人名	upstream			
まよぎつねこんた	迷狐こんた	人名	人名	人名	upstream			
こんた	迷狐こんた	人名	人名	人名	upstream			
あくまりりす	悪魔りりす	人名	人名	人名	upstream			
りりす	悪魔りりす	人名	人名	人名	upstream			
ふだえれあ	札絵れあ	人名	人名	人名	upstream			
れあ	札絵れあ	人名	人名	人名	upstream			
ふたばはる	双葉ハル	人名	人名	人名	upstream			
はる	双葉ハル	人名	人名	人名	upstream			
ふたばよう	双葉ヨウ	人名	人名	人名	upstream			
よう	双葉ヨウ	人名	人名	人名	upstream			
ひめはなしりか	姫花しりか	人名	人名	人名	upstream			
しりか	姫花しりか	人名	人名	人名	upstream			
えいせいつきまる	衛星月丸	人名	人名	人名	upstream			
つきまる	衛星月丸	人名	人名	人名	upstream			
いちつばしもなか	一ツ橋もなか	人名	人名	人名	upstream			
もなか	一ツ橋もなか	人名	人名	人名	upstream			
かきのきすんすけ	柿ノ木すん助	人名	人名	人名	upstream			
すんすけ	柿ノ木すん助	人名	人名	人名	upstream			
こじめちあ	紅〆ちあ	人名	人名	人名	upstream			
ちあ	紅〆ちあ	人名	人名	人名	upstream			
てんおうめいじ	天王メイジ	人名	人名	人名	upstream			
めいじ	天王メイジ	人名	人名	人名	upstream			
えざくらあや	絵桜彩	人名	人名	人名	upstream			
あや	絵桜彩	人名	人名	人名	upstream			
もりろべ	狐森ろべ	人名	人名	人名	upstream			
ろべ	狐森ろべ	人名	人名	人名	upstream			
しきおりあおは	詩木織葵葉	人名	人名	人名	upstream			
あおは	詩木織葵葉	人名	人名	人名	upstream			
まきのこにん	牧乃コニン	人名	人名	人名	upstream			
こにん	牧乃コニン	人名	人名	人名	upstream			
やぐちしろう	夜口紫狼	人名	人名	人名	upstream			
しろう	夜口紫狼	人名	人名	人名	upstream			
くもきしあおい	雲岸蒼	人名	人名	人名	upstream			
あおい	雲岸蒼	人名	人名	人名	upstream			
はちやみつね	蜂弥みつね	人名	人名	人名	upstream			
みつね	蜂弥みつね	人名	人名	人名	upstream			
まかみらび	真神らび	人名	人名	人名	upstream			
らび	真神らび	人名	人名	人名	upstream			
とうずきゆお	灯月ユオ	人名	人名	人名	upstream			
ゆお	灯月ユオ	人名	人名	人名	upstream			
みけつかみちよ	羽狐神ちよ	人名	人名	人名	upstream			
ちよ	羽狐神ちよ	人名	人名	人名	upstream			
くろよめる	黒羊める	人名	人名	人名	upstream			
める	黒羊める	人名	人名	人名	upstream			
ちょうさきりりは	蝶咲りりは	人名	人名	人名	upstream			
りりは	蝶咲りりは	人名	人名	人名	upstream			
はくあよな	珀藍よな	人名	人名	人名	upstream			
よな	珀藍よな	人名	人名	人名	upstream			
きゅういゆい	休癒ゆい	人名	人名	人名	upstream			
ゆい	休癒ゆい	人名	人名	人名	upstream			
らっきーはげ	ラッキーハゲ	人名	人名	人名	upstream			
おみおつけもずく	御御御付もずく	人名	人名	人名	upstream			
もずく	御御御付もずく	人名	人名	人名	upstream			
やみずきふゆ	闇月ふゆ	人名	人名	人名	upstream			
ふゆ	闇月ふゆ	人名	人名	人名	upstream			
ねこやまなえ	猫山苗	人名	人名	人名	upstream			
なえ	猫山苗	人名	人名	人名	upstream			
きつねいまろ	狐井まろ	人名	人名	人名	upstream			
まろ	狐井まろ	人名	人名	人名	upstream			
えにしかなで	由縁奏	人名	人名	人名	upstream			
かなで	由縁奏	人名	人名	人名	upstream			
くずりゅういお	九頭龍いお	人名	人名	人名	upstream			
いお	九頭龍いお	人名	人名	人名	upstream			
のりぼしありえる	昇星アリエル	人名	人名	人名	upstream			
ありえる	昇星アリエル	人名	人名	人名	upstream			
がおうあしな	牙桜アシナ	人名	人名	人名	upstream			
あしな	牙桜アシナ	人名	人名	人名	upstream			
かんだゆうき	神田悠希	人名	人名	人名	upstream			
ゆうき	神田悠希	人名	人名	人名	upstream			
しらひげつむぎ	白髭ツムギ	人名	人名	人名	upstream			
つむぎ	白髭ツムギ	人名	人名	人名	upstream			
あきせきら	秋瀬きら	人名	人名	人名	upstream			
きら	秋瀬きら	人名	人名	人名	upstream			
もものはあこた	桃乃華あこた	人名	人名	人名	upstream			
あこた	桃乃華あこた	人名	人名	人名	upstream			
くろぎりにいろ	黒霧にいろ	人名	人名	人名	upstream			
にいろ	黒霧にいろ	人名	人名	人名	upstream			
なつやぎれい	夏八木玲衣	人名	人名	人名	upstream			
れい	夏八木玲衣	人名	人名	人名	upstream			
かいだにこ	海田にこ	人名	人名	人名	upstream			
にこ	海田にこ	人名	人名	人名	upstream			
このえせな	近衛セナ	人名	人名	人名	upstream			
せな	近衛セナ	人名	人名	人名	upstream			
かなしきしゃふ	叶識しゃふ	人名	人名	人名	upstream			
しゃふ	叶識しゃふ	人名	人名	人名	upstream			
しゅうまいくぅ	朱舞くぅ	人名	人名	人名	upstream			
しゅうまいくう	朱舞くぅ	人名	人名	人名	upstream			
くぅ	朱舞くぅ	人名	人名	人名	upstream			
くう	朱舞くぅ	人名	人名	人名	upstream			
よわむしとうか	よわむしとうか	人名	人名	人名	upstream			
とうか	よわむしとうか	人名	人名	人名	upstream			
とらやれい	虎屋レイ	人名	人名	人名	upstream			
れい	虎屋レイ	人名	人名	人名	upstream			
あさつきあこ	あさつきあこ	人名	人名	人名	upstream			
あこ	あさつきあこ	人名	人名	人名	upstream			
ありづかしんげん	蟻塚森厳	人名	人名	人名	upstream			
しんげん	蟻塚森厳	人名	人名	人名	upstream			
かみさきみや	神咲美夜	人名	人名	人名	upstream			
よる	神咲美夜	人名	人名	人名	upstream			
ふるみぞーあ	古海ぞーあ	人名	人名	人名	upstream			
ぞーあ	古海ぞーあ	人名	人名	人名	upstream			
かれんはくしゃく	カレン伯爵	人名	人名	人名	upstream			
かれん	カレン伯爵	人名	人名	人名	upstream			
まきのしろ	牧野白	人名	人名	人名	upstream			
しろ	牧野白	人名	人名	人名	upstream			
あずみむぅ	安曇むぅ	人名	人名	人名	upstream			
あずみむう	安曇むぅ	人名	人名	人名	upstream			
むぅ	安曇むぅ	人名	人名	人名	upstream			
むう	安曇むぅ	人名	人名	人名	upstream			
しもつきおはぎ	霜月おはぎ	人名	人名	人名	upstream			
おはぎ	霜月おはぎ	人名	人名	人名	upstream			
みちさきみりね	満咲ミリネ	人名	人名	人名	upstream			
みりね	満咲ミリネ	人名	人名	人名	upstream			
かれんるな	楓怜瑠那	人名	人名	人名	upstream			
るな	楓怜瑠那	人名	人名	人名	upstream			
ちとせもえ	千歳もえ	人名	人名	人名	upstream			
もえ	千歳もえ	人名	人名	人名	upstream			
とさかいずみ	遠坂和泉	人名	人名	人名	upstream			
いずみ	遠坂和泉	人名	人名	人名	upstream			
ほしのかわねお	星ノ川涅緒	人名	人名	人名	upstream			
ねお	星ノ川涅緒	人名	人名	人名	upstream			
かもはるまれ	鴨春まれ	人名	人名	人名	upstream			
まれ	鴨春まれ	人名	人名	人名	upstream			
こがらしつぐら	木枯つぐら	人名	人名	人名	upstream			
つぐら	木枯つぐら	人名	人名	人名	upstream			
あめさきせらす	雨咲セラス	人名	人名	人名	upstream			
せらす	雨咲セラス	人名	人名	人名	upstream			
ぽめひ	ポメヒ	人名	人名	人名	upstream			
ねごとねむち	寝言ねむち	人名	人名	人名	upstream			
ねむち	寝言ねむち	人名	人名	人名	upstream			
りゅうげつみぃ	龍月みぃ	人名	人名	人名	upstream			
りゅうげつみい	龍月みぃ	人名	人名	人名	upstream			
みぃ	龍月みぃ	人名	人名	人名	upstream			
みい	龍月みぃ	人名	人名	人名	upstream			
きりまみえる	霧間ミエル	人名	人名	人名	upstream			
みえる	霧間ミエル	人名	人名	人名	upstream			
ゆずきちこ	柚木チコ	人名	人名	人名	upstream			
ちこ	柚木チコ	人名	人名	人名	upstream			
てぃぱる	てぃぱる	人名	人名	人名	upstream			
あまふじえるれいあ	甘藤･L･れいあ	人名	人名	人名	upstream			
れいあ	甘藤･L･れいあ	人名	人名	人名	upstream			
ねぐなす	NEGナス	人名	人名	人名	upstream			
べりーはなゆ	莓果花夕	人名	人名	人名	upstream			
はなゆ	莓果花夕	人名	人名	人名	upstream			
みずくらかなる	水久良かなる	人名	人名	人名	upstream			
かなる	水久良かなる	人名	人名	人名	upstream			
いかるみゆずる	五十海夕鶴	人名	人名	人名	upstream			
はやしみしず	五十海夕鶴	人名	人名	人名	upstream			
みしず	五十海夕鶴	人名	人名	人名	upstream			
はすみゆの	羽純ゆの	人名	人名	人名	upstream			
ゆの	羽純ゆの	人名	人名	人名	upstream			
えいあいれな	永藍レナ	人名	人名	人名	upstream			
れな	永藍レナ	人名	人名	人名	upstream			
やのまくる	夜野まくる	人名	人名	人名	upstream			
まくる	夜野まくる	人名	人名	人名	upstream			
めがかなん	MEGAカナン	人名	人名	人名	upstream			
かなん	MEGAカナン	人名	人名	人名	upstream			
たたり	塔塔栗	人名	人名	人名	upstream			
くすばししや	楠橋詩耶	人名	人名	人名	upstream			
しや	楠橋詩耶	人名	人名	人名	upstream			
ねこなかせふぃ	猫中セフィ	人名	人名	人名	upstream			
せふぃ	猫中セフィ	人名	人名	人名	upstream			
かつらぎこえび	桜結こえび	人名	人名	人名	upstream			
こえび	桜結こえび	人名	人名	人名	upstream			
かもや	鴨鴨山	人名	人名	人名	upstream			
ちまなこしおね	小魂子しおね	人名	人名	人名	upstream			
しおね	小魂子しおね	人名	人名	人名	upstream			
たつぼしそら	龍星ソラ	人名	人名	人名	upstream			
そら	龍星ソラ	人名	人名	人名	upstream			
つむぎかみき	紬華ミキ	人名	人名	人名	upstream			
みき	紬華ミキ	人名	人名	人名	upstream			
こうえんいざなみ	紅炎イザナミ	人名	人名	人名	upstream			
いざなみ	紅炎イザナミ	人名	人名	人名	upstream			
たいんゆうしゅいん	天魚戌音	人名	人名	人名	upstream			
しゅいん	天魚戌音	人名	人名	人名	upstream			
かきょういんぱぴこ	華京院ぱぴこ	人名	人名	人名	upstream			
ぱぴこ	華京院ぱぴこ	人名	人名	人名	upstream			
おうちんちん	王・珍珍	人名	人名	人名	upstream			
ちんちん	王・珍珍	人名	人名	人名	upstream			
あつら	アツラ	人名	人名	人名	upstream			
ぽっと	ぽっと	人名	人名	人名	upstream			
はすきあおい	狛井葵	人名	人名	人名	upstream			
あおい	狛井葵	人名	人名	人名	upstream			
くどうるる	駆動ルル	人名	人名	人名	upstream			
るる	駆動ルル	人名	人名	人名	upstream			
はなずなゆき	花綵雪白	人名	人名	人名	upstream			
ゆき	花綵雪白	人名	人名	人名	upstream			
かばらゔぁら	火原ヴァラ	人名	人名	人名	upstream			
ゔぁら	火原ヴァラ	人名	人名	人名	upstream			
しらかわひろみ	白河ひろみ	人名	人名	人名	upstream			
ひろみ	白河ひろみ	人名	人名	人名	upstream			
ばいあきざ	白秋澤	人名	人名	人名	upstream			
あきざ	白秋澤	人名	人名	人名	upstream			
いななりくれあ	稲生クレア	人名	人名	人名	upstream			
くれあ	稲生クレア	人名	人名	人名	upstream			
あにえす	アニエス	人名	人名	人名	upstream			
きめらのいぬねこ	きめらの犬猫	人名	人名	人名	upstream			
いぬねこ	きめらの犬猫	人名	人名	人名	upstream			
みくもるのん	三雲るのん	人名	人名	人名	upstream			
るのん	三雲るのん	人名	人名	人名	upstream			
なつひこ	夏彦	人名	人名	人名	upstream			
おおくまらすこ	大熊らすこ	人名	人名	人名	upstream			
らすこ	大熊らすこ	人名	人名	人名	upstream			
どうめきくき	百目鬼九姫	人名	人名	人名	upstream			
くき	百目鬼九姫	人名	人名	人名	upstream			
うかいとうしろう	鵜飼東士郎	人名	人名	人名	upstream			
とうしろう	鵜飼東士郎	人名	人名	人名	upstream			
つきよのあるま	月夜野アルマ	人名	人名	人名	upstream			
あるま	月夜野アルマ	人名	人名	人名	upstream			
あまつみくも	天津満雲	人名	人名	人名	upstream			
みくも	天津満雲	人名	人名	人名	upstream			
あいねらび	愛音ラビ	人名	人名	人名	upstream			
らび	愛音ラビ	人名	人名	人名	upstream			
ここのつざくろ	恋乃告ざくろ	人名	人名	人名	upstream			
ざくろ	恋乃告ざくろ	人名	人名	人名	upstream			
ののみやねむ	野々宮ねむ	人名	人名	人名	upstream			
ねむ	野々宮ねむ	人名	人名	人名	upstream			
みたましろ	巳珠しろ	人名	人名	人名	upstream			
しろ	巳珠しろ	人名	人名	人名	upstream			
めいかゆりっぺ	冥甘ゆりっぺ	人名	人名	人名	upstream			
おとぬまろのえ	音沼ロノエ	人名	人名	人名	upstream			
ろのえ	音沼ロノエ	人名	人名	人名	upstream			
せいむえな	聖夢エナ	人名	人名	人名	upstream			
えな	聖夢エナ	人名	人名	人名	upstream			
ゆきもちののめ	雪餅ののめ	人名	人名	人名	upstream			
あわわ	雪餅ののめ	人名	人名	人名	upstream			
あわわ	阿哇哇	人名	人名	人名	upstream			
うまのぽぷり	馬乃ポプリ	人名	人名	人名	upstream			
ぽぷり	馬乃ポプリ	人名	人名	人名	upstream			
かなさとなむ	愛惺なむ	人名	人名	人名	upstream			
なむ	愛惺なむ	人名	人名	人名	upstream			
じえゆう	解語	人名	人名	人名	upstream			
つきかげはなり	月影はなり	人名	人名	人名	upstream			
はなり	月影はなり	人名	人名	人名	upstream			
かがみふり	賀上ふり	人名	人名	人名	upstream			
ふり	賀上ふり	人名	人名	人名	upstream			
ゆうしゃのと	勇者ノト	人名	人名	人名	upstream			
のと	勇者ノト	人名	人名	人名	upstream			
あびすそんぐしんどろーむ	アビス・ソング・シンドローム	人名	人名	人名	upstream			
あびす	アビス・ソング・シンドローム	人名	人名	人名	upstream			
ういはるもも	初春桃	人名	人名	人名	upstream			
もも	初春桃	人名	人名	人名	upstream			
ながしまつぼみ	長嶋つぼみ	人名	人名	人名	upstream			
つぼみ	長嶋つぼみ	人名	人名	人名	upstream			
からすばれあ	烏羽レア	人名	人名	人名	upstream			
れあ	烏羽レア	人名	人名	人名	upstream			
しろがねもも	白銀茉茉	人名	人名	人名	upstream			
もも	白銀茉茉	人名	人名	人名	upstream			
はいしねる	拝師ねる	人名	人名	人名	upstream			
ねる	拝師ねる	人名	人名	人名	upstream			
あそびにこ	遊にこ	人名	人名	人名	upstream			
にこ	遊にこ	人名	人名	人名	upstream			
くこのここ	枸杞乃ココ	人名	人名	人名	upstream			
ここ	枸杞乃ココ	人名	人名	人名	upstream			
つじのつの	辻野つの	人名	人名	人名	upstream			
つの	辻野つの	人名	人名	人名	upstream			
さうれ	サウレ	人名	人名	人名	upstream			
かぐらりと	神楽りと	人名	人名	人名	upstream			
りと	神楽りと	人名	人名	人名	upstream			
おこじょうぷらむ	小恋城ぷらむ	人名	人名	人名	upstream			
ぷらむ	小恋城ぷらむ	人名	人名	人名	upstream			
ほしもりみこの	星森ミコノ	人名	人名	人名	upstream			
みこの	星森ミコノ	人名	人名	人名	upstream			
みこのでぃあ	ミコノディア	人名	人名	人名	upstream			
みやるか	美夜ルカ	人名	人名	人名	upstream			
るか	美夜ルカ	人名	人名	人名	upstream			
ゆめのかおる	夢野薰草	人名	人名	人名	upstream			
かおる	夢野薰草	人名	人名	人名	upstream			
せんばおりゆき	千羽織雪	人名	人名	人名	upstream			
おりゆき	千羽織雪	人名	人名	人名	upstream			
えぬじん	えぬじん	人名	人名	人名	upstream			
ましろゆり	真城由理	人名	人名	人名	upstream			
ゆり	真城由理	人名	人名	人名	upstream			
くれながむらる	紅戯らる	人名	人名	人名	upstream			
むらる	紅戯らる	人名	人名	人名	upstream			
うすかわかげほ	有珠川カゲホ	人名	人名	人名	upstream			
かげほ	有珠川カゲホ	人名	人名	人名	upstream			
はねかたもも	羽形モモ	人名	人名	人名	upstream			
もも	羽形モモ	人名	人名	人名	upstream			
ゆめばくう	夢羽九	人名	人名	人名	upstream			
くう	夢羽九	人名	人名	人名	upstream			
こしょやしきこるの	古書屋敷こるの	人名	人名	人名	upstream			
こるの	古書屋敷こるの	人名	人名	人名	upstream			
ゆすられのあ	桜桃れのあ	人名	人名	人名	upstream			
れのあ	桜桃れのあ	人名	人名	人名	upstream			
げのん	ゲノン	人名	人名	人名	upstream			
えすと	エスト	人名	人名	人名	upstream			
おうえんさぽ	旺閻サポ	人名	人名	人名	upstream			
さぽ	旺閻サポ	人名	人名	人名	upstream			
みなずきすぴか	水無月すぴか	人名	人名	人名	upstream			
すぴか	水無月すぴか	人名	人名	人名	upstream			
おび	おび	人名	人名	人名	upstream			
まりんがくえんちょう	マリン学園長	人名	人名	人名	upstream			
まりん	マリン学園長	人名	人名	人名	upstream			
めいみえれ	冥泉エレ	人名	人名	人名	upstream			
えれ	冥泉エレ	人名	人名	人名	upstream			
だゆゆちゃん	ダユユちゃん	人名	人名	人名	upstream			
ひいらぎひより	柊ひより	人名	人名	人名	upstream			
ひより	柊ひより	人名	人名	人名	upstream			
やぎこ	ヤギ子	人名	人名	人名	upstream			
ましろかりん	真白かりん	人名	人名	人名	upstream			
りん	真白かりん	人名	人名	人名	upstream			
あかまる	あかまる	人名	人名	人名	upstream			
ひるさきてぃーく	昼咲ティーク	人名	人名	人名	upstream			
てぃーく	昼咲ティーク	人名	人名	人名	upstream			
うだがわういか	宇田川羽衣華	人名	人名	人名	upstream			
ういか	宇田川羽衣華	人名	人名	人名	upstream			
みずしきるみぃ	水色るみぃ	人名	人名	人名	upstream			
みずしきるみい	水色るみぃ	人名	人名	人名	upstream			
るみぃ	水色るみぃ	人名	人名	人名	upstream			
るみい	水色るみぃ	人名	人名	人名	upstream			
ゆーさん	ゆーさん	人名	人名	人名	upstream			
みずいでこおり	水出こおり	人名	人名	人名	upstream			
こおり	水出こおり	人名	人名	人名	upstream			
ちゃんまろる	ちゃんまろる	人名	人名	人名	upstream			
ささやきすやや	囁木すやや	人名	人名	人名	upstream			
すやや	囁木すやや	人名	人名	人名	upstream			
みなとまちあおい	港町あおい	人名	人名	人名	upstream			
あおい	港町あおい	人名	人名	人名	upstream			
みーてぃあ	ミーティア	人名	人名	人名	upstream			
はざくらめぐ	葉桜めぐ	人名	人名	人名	upstream			
めぐ	葉桜めぐ	人名	人名	人名	upstream			
あやぽん	あやぽん	人名	人名	人名	upstream			
いいち	윤이제	人名	人名	人名	upstream			
えぜ	윤이제	人名	人名	人名	upstream			
でじこ	デジ子	人名	人名	人名	upstream			
いおんくるみ	癒音くるみ	人名	人名	人名	upstream			
くるみ	癒音くるみ	人名	人名	人名	upstream			
ななさきてんか	七咲天花	人名	人名	人名	upstream			
てんか	七咲天花	人名	人名	人名	upstream			
はやまみどり	葉山翠	人名	人名	人名	upstream			
みどり	葉山翠	人名	人名	人名	upstream			
うおむすめ	うおむすめ	人名	人名	人名	upstream			
こねくとぴあ	こねくとぴあ	人名	人名	人名	upstream			
なるはやちゃん	なるはやちゃん	人名	人名	人名	upstream			
ひかりりりあ	光りりあ	人名	人名	人名	upstream			
りりあ	光りりあ	人名	人名	人名	upstream			
ひよな	小鳩ひよ菜	人名	人名	人名	upstream			
あらかわぞんびだいありー	荒川ゾンビDiary	人名	人名	人名	upstream			
くにくん	くにくん	人名	人名	人名	upstream			
ほしぞのかのん	星園かのん	人名	人名	人名	upstream			
かのん	星園かのん	人名	人名	人名	upstream			
いつのまにか	イツノマニカ	人名	人名	人名	upstream			
まにか	イツノマニカ	人名	人名	人名	upstream			
まーぷりる	Marpril	人名	人名	人名	upstream			
はなまるぽちこ	はなまるぽちこ	人名	人名	人名	upstream			
ぽちこ	はなまるぽちこ	人名	人名	人名	upstream			
あすてりあなな	アステリアなな	人名	人名	人名	upstream			
なな	アステリアなな	人名	人名	人名	upstream			
ししょくめ	紫色愛	人名	人名	人名	upstream			
あかつきなぎ	紅月ナギ	人名	人名	人名	upstream			
なぎ	紅月ナギ	人名	人名	人名	upstream			
ぷりー	プリー	人名	人名	人名	upstream			
さくぱん	さくぱん	人名	人名	人名	upstream			
きらまやみ	綺羅魔ヤミ	人名	人名	人名	upstream			
やみ	綺羅魔ヤミ	人名	人名	人名	upstream			
あいみねまりあ	愛峰マリア	人名	人名	人名	upstream			
まりあ	愛峰マリア	人名	人名	人名	upstream			
へなちょこお	へな・ちょこお	人名	人名	人名	upstream			
ちょこお	へな・ちょこお	人名	人名	人名	upstream			
あらいねこ	アライネコ	人名	人名	人名	upstream			
りりっぷす	LiLYPSE	人名	人名	人名	upstream			
まらしぃちゃん	まらしぃちゃん	人名	人名	人名	upstream			
くらん	クラン	人名	人名	人名	upstream			
りおん	リオン	人名	人名	人名	upstream			
しりつころぱれがくえん	私立コロパレ学園	人名	人名	人名	upstream			
あさぎらいか	浅葱ライカ	人名	人名	人名	upstream			
らいか	浅葱ライカ	人名	人名	人名	upstream			
あかつきるき	あかつきるき	人名	人名	人名	upstream			
るき	あかつきるき	人名	人名	人名	upstream			
みしおもるふ	海汐もるふ	人名	人名	人名	upstream			
もるふ	海汐もるふ	人名	人名	人名	upstream			
やみがしかな	闇貸かな	人名	人名	人名	upstream			
かな	闇貸かな	人名	人名	人名	upstream			
はくこ	白白虹	人名	人名	人名	upstream			
くれはみとら	紅羽ミトラ	人名	人名	人名	upstream			
みとら	紅羽ミトラ	人名	人名	人名	upstream			
あんこもち	あんこもち	人名	人名	人名	upstream			
いお	イオ	人名	人名	人名	upstream			
ちる	チル	人名	人名	人名	upstream			
いぬせかるら	犬瀬カルラ	人名	人名	人名	upstream			
みーす	みーす	人名	人名	人名	upstream			
ひめぎみちか	姬城三千華	人名	人名	人名	upstream			
みちか	姬城三千華	人名	人名	人名	upstream			
むうむゆ	むうむゆ	人名	人名	人名	upstream			
ありさ	아리사	人名	人名	人名	upstream			
やなぎかんな	柳かんな	人名	人名	人名	upstream			
かんな	柳かんな	人名	人名	人名	upstream			
こひなたちこ	小日向千虎	人名	人名	人名	upstream			
ちこ	小日向千虎	人名	人名	人名	upstream			
えのみやはにゃ	愛猫はにゃ	人名	人名	人名	upstream			
はにゃ	愛猫はにゃ	人名	人名	人名	upstream			
ぜったいてんしくるみ	ぜったい天使くるみ	人名	人名	人名	upstream			
くるみ	ぜったい天使くるみ	人名	人名	人名	upstream			
くぐみるい	久々湊るい	人名	人名	人名	upstream			
るい	久々湊るい	人名	人名	人名	upstream			
ひいらぎさんた	柊さんた	人名	人名	人名	upstream			
さんた	柊さんた	人名	人名	人名	upstream			
よいつきせいや	宵月せいや	人名	人名	人名	upstream			
せいや	宵月せいや	人名	人名	人名	upstream			
そらひめまりん	空姫マリン	人名	人名	人名	upstream			
まりん	空姫マリン	人名	人名	人名	upstream			
ゆうづつてぃあ	夕月ティア	人名	人名	人名	upstream			
てぃあ	夕月ティア	人名	人名	人名	upstream			
ししひめろみお	獅子姫ろみお	人名	人名	人名	upstream			
ろみお	獅子姫ろみお	人名	人名	人名	upstream			
てまこ	temako	人名	人名	人名	upstream			
みつきなぎ	海月ナギ	人名	人名	人名	upstream			
なぎ	海月ナギ	人名	人名	人名	upstream			
はくねえるる	白音エルル	人名	人名	人名	upstream			
えるる	白音エルル	人名	人名	人名	upstream			
いぬまるじゃじゃみ	犬丸じゃじゃみ	人名	人名	人名	upstream			
じゃじゃみ	犬丸じゃじゃみ	人名	人名	人名	upstream			
つがるねぷこ	津軽ねぷこ	人名	人名	人名	upstream			
ねぷこ	津軽ねぷこ	人名	人名	人名	upstream			
ばやちゃお	ばやちゃお	人名	人名	人名	upstream			
もろぼしめぐる	諸星めぐる	人名	人名	人名	upstream			
めぐる	諸星めぐる	人名	人名	人名	upstream			
かぶらぎのえる	冠城のえる	人名	人名	人名	upstream			
のえる	冠城のえる	人名	人名	人名	upstream			
ゔぃゔしるゔぃ	ヴィヴ・シルヴィ	人名	人名	人名	upstream			
ゔぃゔ	ヴィヴ・シルヴィ	人名	人名	人名	upstream			
たまもちかずよ	玉餅かずよ	人名	人名	人名	upstream			
かずよ	玉餅かずよ	人名	人名	人名	upstream			
さとうあにめ	佐藤あにめ	人名	人名	人名	upstream			
あにめ	佐藤あにめ	人名	人名	人名	upstream			
なつこいひまわり	夏恋ひまわり	人名	人名	人名	upstream			
ひまわり	夏恋ひまわり	人名	人名	人名	upstream			
ひすいるな	翡翠ルナ	人名	人名	人名	upstream			
るな	翡翠ルナ	人名	人名	人名	upstream			
あまえひなた	天江ひなた	人名	人名	人名	upstream			
ひなた	天江ひなた	人名	人名	人名	upstream			
こよいすぴねるとゆめをみる	今宵、××と夢を見る。	人名	人名	人名	upstream			
よいゆめ	今宵、××と夢を見る。	人名	人名	人名	upstream			
いらーゔぃとらむりあくったりこくろーでぃあゔぃでぅーる	Irrya Vitrum Rinkk=tarico Claudia vidurya	人名	人名	人名	upstream			
くろーでぃあ	Irrya Vitrum Rinkk=tarico Claudia vidurya	人名	人名	人名	upstream			
ましろかのん	眞白かのん	人名	人名	人名	upstream			
かのん	眞白かのん	人名	人名	人名	upstream			
ねこおばけ	猫尾ばけ	人名	人名	人名	upstream			
ばけ	猫尾ばけ	人名	人名	人名	upstream			
おおやまちろる	大山ちろる	人名	人名	人名	upstream			
ちろる	大山ちろる	人名	人名	人名	upstream			
じょていせつな	女帝セツナ	人名	人名	人名	upstream			
せつな	女帝セツナ	人名	人名	人名	upstream			
えびはらあずみ	海老原アズみ	人名	人名	人名	upstream			
あずみ	海老原アズみ	人名	人名	人名	upstream			
ましろんた	雪白んた	人名	人名	人名	upstream			
んた	雪白んた	人名	人名	人名	upstream			
しろくまりん	白熊りん	人名	人名	人名	upstream			
りん	白熊りん	人名	人名	人名	upstream			
ぷるゔぉわーるぬる	プルヴォワール・ヌル	人名	人名	人名	upstream			
ぬる	プルヴォワール・ヌル	人名	人名	人名	upstream			
こいせよおとめ	恋世代おとめ	人名	人名	人名	upstream			
おとめ	恋世代おとめ	人名	人名	人名	upstream			
ごうゆうごう	ごうゆう號	人名	人名	人名	upstream			
みみはなてゆ	未々花てゆ	人名	人名	人名	upstream			
てゆ	未々花てゆ	人名	人名	人名	upstream			
ほしずかぜの	星掴ゼノ	人名	人名	人名	upstream			
ぜの	星掴ゼノ	人名	人名	人名	upstream			
すずねまなつ	鈴音舞夏	人名	人名	人名	upstream			
まなつ	鈴音舞夏	人名	人名	人名	upstream			
あいざっくふぉすたー	アイザック・フォスター	人名	人名	人名	upstream			
あいざっく	アイザック・フォスター	人名	人名	人名	upstream			
おとひめえびな	凹凸姫えびな	人名	人名	人名	upstream			
えびな	凹凸姫えびな	人名	人名	人名	upstream			
ひょうかもも	氷華もも	人名	人名	人名	upstream			
もも	氷華もも	人名	人名	人名	upstream			
はなみやしえる	花宮シエル	人名	人名	人名	upstream			
しえる	花宮シエル	人名	人名	人名	upstream			
やみふかし	ヤミフカシ	人名	人名	人名	upstream			
ふかし	ヤミフカシ	人名	人名	人名	upstream			
あかがみぱりぴ	赤髪パリピ	人名	人名	人名	upstream			
ぱりぴ	赤髪パリピ	人名	人名	人名	upstream			
やすねむる	休眠瑠	人名	人名	人名	upstream			
ねむる	休眠瑠	人名	人名	人名	upstream			
いっぽうじまこと	一峰寺真	人名	人名	人名	upstream			
まこと	一峰寺真	人名	人名	人名	upstream			
すおうれん	蘇芳恋	人名	人名	人名	upstream			
れん	蘇芳恋	人名	人名	人名	upstream			
うみまちくれま	海町くれま	人名	人名	人名	upstream			
くれま	海町くれま	人名	人名	人名	upstream			
なんばありす	難波ありす	人名	人名	人名	upstream			
ありす	難波ありす	人名	人名	人名	upstream			
すかーふこ	スカーフ子	人名	人名	人名	upstream			
みりるしゃむしるる	ミリル･シャムシルル	人名	人名	人名	upstream			
しゃむしるる	ミリル･シャムシルル	人名	人名	人名	upstream			
あんとにおさりえり	アントニオ・サリエリ	人名	人名	人名	upstream			
さりえり	アントニオ・サリエリ	人名	人名	人名	upstream			
かんざきかなた	神崎かなた	人名	人名	人名	upstream			
かなた	神崎かなた	人名	人名	人名	upstream			
いとうじこもも	糸氏胡桃	人名	人名	人名	upstream			
こもも	糸氏胡桃	人名	人名	人名	upstream			
あどあらん	阿戸アラン	人名	人名	人名	upstream			
あらん	阿戸アラン	人名	人名	人名	upstream			
からすばそら	鴉羽そら	人名	人名	人名	upstream			
そら	鴉羽そら	人名	人名	人名	upstream			
またたびのこな	木天蓼のこな	人名	人名	人名	upstream			
のこな	木天蓼のこな	人名	人名	人名	upstream			
ややねひろこ	ヤヤネヒロコ	人名	人名	人名	upstream			
ややねひ	ヤヤネヒロコ	人名	人名	人名	upstream			
ひろこ	ヤヤネヒロコ	人名	人名	人名	upstream			
てんしあっとまーく	天使あっとまーく	人名	人名	人名	upstream			
きさらぎかれん	如月火煉	人名	人名	人名	upstream			
かれん	如月火煉	人名	人名	人名	upstream			
さすがやな	紗菅やな	人名	人名	人名	upstream			
やな	紗菅やな	人名	人名	人名	upstream			
えあれんでる	エアレンデル	人名	人名	人名	upstream			
うきただぶりゅーかなめで	宇喜多・W・要出	人名	人名	人名	upstream			
うきたｗかなめで	宇喜多・W・要出	人名	人名	人名	upstream			
かなめで	宇喜多・W・要出	人名	人名	人名	upstream			
くるるきるる	枢鍵るる	人名	人名	人名	upstream			
るる	枢鍵るる	人名	人名	人名	upstream			
あんどういなり	安堂いなり	人名	人名	人名	upstream			
いなり	安堂いなり	人名	人名	人名	upstream			
しゃおでぃあらし	嵐迪あらし	人名	人名	人名	upstream			
あらし	嵐迪あらし	人名	人名	人名	upstream			
いつき	玥	人名	人名	人名	upstream			
みょうじょうきらり	明星きらり	人名	人名	人名	upstream			
きらり	明星きらり	人名	人名	人名	upstream			
もうそうえんじぇる	妄想エンジェル	人名	人名	人名	upstream			
ぱろにいえ	帕蘿妮	人名	人名	人名	upstream			
どくのおにいさん	毒のお兄さん	人名	人名	人名	upstream			
きみどりめろ	키미도리메로	人名	人名	人名	upstream			
めろ	키미도리메로	人名	人名	人名	upstream			
ずつきつくる	図月つくる	人名	人名	人名	upstream			
つくる	図月つくる	人名	人名	人名	upstream			
いろりなる	炉なる	人名	人名	人名	upstream			
なる	炉なる	人名	人名	人名	upstream			
ひむろうつろ	氷室うつろ	人名	人名	人名	upstream			
うつろ	氷室うつろ	人名	人名	人名	upstream			
ほわいとふぃーるど	ホワイトフィールド	人名	人名	人名	upstream			
ほわいと	ホワイトフィールド	人名	人名	人名	upstream			
さられとらおりゔぇいらうたがわ	サラ・レトラ・オリヴェイラ・ウタガワ	人名	人名	人名	upstream			
れとら	サラ・レトラ・オリヴェイラ・ウタガワ	人名	人名	人名	upstream			
うたがわれとら	雅楽川れとら	人名	人名	人名	upstream			
れとら	雅楽川れとら	人名	人名	人名	upstream			
あだちれい	足立レイ	人名	人名	人名	upstream			
れい	足立レイ	人名	人名	人名	upstream			
あわわわわ	アワワワワ	人名	人名	人名	upstream			
ゔいあら	ヴイアラ	人名	人名	人名	upstream			
ぺすとりじ	ペスト理事	人名	人名	人名	upstream			
さしすぎあいす	刺杉あいす	人名	人名	人名	upstream			
あいす	刺杉あいす	人名	人名	人名	upstream			
もちずきさくら	望月さくら	人名	人名	人名	upstream			
さくら	望月さくら	人名	人名	人名	upstream			
はくあまうる	白亜マウル	人名	人名	人名	upstream			
まうる	白亜マウル	人名	人名	人名	upstream			
ふぇりしあるるふるーる	ふぇりしあ・るるふるーる	人名	人名	人名	upstream			
ふぇりしあ	ふぇりしあ・るるふるーる	人名	人名	人名	upstream			
ぱられるうぉーかー	パラレルウォーカー	人名	人名	人名	upstream			
すずみやれん	鈴宮れん	人名	人名	人名	upstream			
れん	鈴宮れん	人名	人名	人名	upstream			
はながさあるみ	花傘あるみ	人名	人名	人名	upstream			
あるみ	花傘あるみ	人名	人名	人名	upstream			
ごもりー	ゴモリー	人名	人名	人名	upstream			
なぐもちゆ	凪雲チユ	人名	人名	人名	upstream			
ちゆ	凪雲チユ	人名	人名	人名	upstream			
ようせんせー	葉せんせー	人名	人名	人名	upstream			
らいむみんと	萊姆薄荷	人名	人名	人名	upstream			
くれないあいりす	紅アイリス	人名	人名	人名	upstream			
あいりす	紅アイリス	人名	人名	人名	upstream			
ななきふう	ナナキフウ	人名	人名	人名	upstream			
ふう	ナナキフウ	人名	人名	人名	upstream			
さーや	サーヤ	人名	人名	人名	upstream			
いろはるり	伊呂波るり	人名	人名	人名	upstream			
るり	伊呂波るり	人名	人名	人名	upstream			
はくしかいおり	白鹿いおり	人名	人名	人名	upstream			
いおり	白鹿いおり	人名	人名	人名	upstream			
かのんめい	花音めい	人名	人名	人名	upstream			
めい	花音めい	人名	人名	人名	upstream			
ねくらくらら	根暗クララ	人名	人名	人名	upstream			
くらら	根暗クララ	人名	人名	人名	upstream			
くらりろーず	クラリローズ	人名	人名	人名	upstream			
ほしのりな	星乃リナ	人名	人名	人名	upstream			
りな	星乃リナ	人名	人名	人名	upstream			
らび	菈比	人名	人名	人名	upstream			
いずみさくら	和泉さくら	人名	人名	人名	upstream			
さくら	和泉さくら	人名	人名	人名	upstream			
まいみやらいむ	舞宮らいむ	人名	人名	人名	upstream			
らいむ	舞宮らいむ	人名	人名	人名	upstream			
いざなみさくや	黄泉波咲夜	人名	人名	人名	upstream			
さくや	黄泉波咲夜	人名	人名	人名	upstream			
にしがはなののみ	西ヶ花ののみ	人名	人名	人名	upstream			
ののみ	西ヶ花ののみ	人名	人名	人名	upstream			
てんどうあかね	天藤あかね	人名	人名	人名	upstream			
あかね	天藤あかね	人名	人名	人名	upstream			
ぱねんかさびな	人偶・薩賓娜	人名	人名	人名	upstream			
さびな	人偶・薩賓娜	人名	人名	人名	upstream			
よいずきしの	宵月紫乃	人名	人名	人名	upstream			
しの	宵月紫乃	人名	人名	人名	upstream			
めるないろり	萌月いろり	人名	人名	人名	upstream			
いろり	萌月いろり	人名	人名	人名	upstream			
ばーにーゆぃりす	バーニー・ユィリス	人名	人名	人名	upstream			
ばーにーゆいりす	バーニー・ユィリス	人名	人名	人名	upstream			
ゆぃりす	バーニー・ユィリス	人名	人名	人名	upstream			
ゆいりす	バーニー・ユィリス	人名	人名	人名	upstream			
ほしふるあめる	星降あめる	人名	人名	人名	upstream			
あめる	星降あめる	人名	人名	人名	upstream			
ひめぎみさくら	姫君さくら	人名	人名	人名	upstream			
さくら	姫君さくら	人名	人名	人名	upstream			
あんきも	あん肝	人名	人名	人名	upstream			
ほしめぐりがくえん	星めぐり学園	人名	人名	人名	upstream			
やくしあまね	薬叉あまね	人名	人名	人名	upstream			
あまね	薬叉あまね	人名	人名	人名	upstream			
たりんふー	タリンフー	人名	人名	人名	upstream			
ふー	タリンフー	人名	人名	人名	upstream			
はいねしゃる	灰音シャル	人名	人名	人名	upstream			
しゃる	灰音シャル	人名	人名	人名	upstream			
みやこまんじゅう	都まんじゅう	人名	人名	人名	upstream			
みとわかな	水戸わかな	人名	人名	人名	upstream			
わかな	水戸わかな	人名	人名	人名	upstream			
なないななみ	七井ナナミ	人名	人名	人名	upstream			
ななみ	七井ナナミ	人名	人名	人名	upstream			
とうかむい	燈火むい	人名	人名	人名	upstream			
むい	燈火むい	人名	人名	人名	upstream			
ちゃたてかのん	茶点カノン	人名	人名	人名	upstream			
かのん	茶点カノン	人名	人名	人名	upstream			
あまのあもこ	甘乃あもこ	人名	人名	人名	upstream			
あもこ	甘乃あもこ	人名	人名	人名	upstream			
いわ	이와	人名	人名	人名	upstream			
まきみちる	魔希みちる	人名	人名	人名	upstream			
みちる	魔希みちる	人名	人名	人名	upstream			
ほしのすな	星乃すな	人名	人名	人名	upstream			
すな	星乃すな	人名	人名	人名	upstream			
ほにおいてまり	穂香てまり	人名	人名	人名	upstream			
てまり	穂香てまり	人名	人名	人名	upstream			
にゃまふじあんず	若魔藤あんず	人名	人名	人名	upstream			
あんず	若魔藤あんず	人名	人名	人名	upstream			
くれなぎえり	紅記えり	人名	人名	人名	upstream			
えり	紅記えり	人名	人名	人名	upstream			
やがみのあ	夜神ノア	人名	人名	人名	upstream			
のあ	夜神ノア	人名	人名	人名	upstream			
るなてぃああゔぃんすたー	ルナティア・アヴィンスター	人名	人名	人名	upstream			
るなてぃあ	ルナティア・アヴィンスター	人名	人名	人名	upstream			
あまえてん	天廻てん	人名	人名	人名	upstream			
てん	天廻てん	人名	人名	人名	upstream			
くろのくれは	黒乃くれは	人名	人名	人名	upstream			
くれは	黒乃くれは	人名	人名	人名	upstream			
すずねにあ	鈴音にあ	人名	人名	人名	upstream			
にあ	鈴音にあ	人名	人名	人名	upstream			
ほしさきよもぎ	星咲よもぎ	人名	人名	人名	upstream			
よもぎ	星咲よもぎ	人名	人名	人名	upstream			
ましろめろにゃ	愛白めろにゃ	人名	人名	人名	upstream			
めろにゃ	愛白めろにゃ	人名	人名	人名	upstream			
ときはこよい	刻葉こよい	人名	人名	人名	upstream			
こよい	刻葉こよい	人名	人名	人名	upstream			
はろは	쵸키	人名	人名	人名	upstream			
あおやまじんべえ	青山ジンベエ	人名	人名	人名	upstream			
じんべえ	青山ジンベエ	人名	人名	人名	upstream			
むゆにな	むゆニナ	人名	人名	人名	upstream			
にな	むゆニナ	人名	人名	人名	upstream			
はろは	하로하	人名	人名	人名	upstream			
ゆきさきゆうか	雪咲ゆうか	人名	人名	人名	upstream			
ゆうか	雪咲ゆうか	人名	人名	人名	upstream			
あおいるる	葵るる	人名	人名	人名	upstream			
るる	葵るる	人名	人名	人名	upstream			
あんでぃ	愛喵	人名	人名	人名	upstream			
くれないなつき	쿠레나이나츠키	人名	人名	人名	upstream			
なつき	쿠레나이나츠키	人名	人名	人名	upstream			
れなべーすてぃあ	レナ・ベースティア	人名	人名	人名	upstream			
れな	レナ・ベースティア	人名	人名	人名	upstream			
あいさきはる	愛咲はる	人名	人名	人名	upstream			
はる	愛咲はる	人名	人名	人名	upstream			
ゆきねこはく	雪音こはく	人名	人名	人名	upstream			
こはく	雪音こはく	人名	人名	人名	upstream			
ときもりあおい	時守あおい	人名	人名	人名	upstream			
あおい	時守あおい	人名	人名	人名	upstream			
きさらぎしろる	如月しろる	人名	人名	人名	upstream			
しろる	如月しろる	人名	人名	人名	upstream			
さくら	天櫻咲樂	人名	人名	人名	upstream			
あおいすい	蒼星すい	人名	人名	人名	upstream			
すい	蒼星すい	人名	人名	人名	upstream			
なないろてまり	七彩てまり	人名	人名	人名	upstream			
てまり	七彩てまり	人名	人名	人名	upstream			
だむゆい	담유이	人名	人名	人名	upstream			
ゆい	담유이	人名	人名	人名	upstream			
しすいみちる	紫翠みちる	人名	人名	人名	upstream			
みちる	紫翠みちる	人名	人名	人名	upstream			
うるまりんね	潤舞リンネ	人名	人名	人名	upstream			
りんね	潤舞リンネ	人名	人名	人名	upstream			
とちみやるりは	栃宮るりは	人名	人名	人名	upstream			
るりは	栃宮るりは	人名	人名	人名	upstream			
こころのとも	心乃友	人名	人名	人名	upstream			
とも	心乃友	人名	人名	人名	upstream			
あまかわしずき	天川支月	人名	人名	人名	upstream			
しずき	天川支月	人名	人名	人名	upstream			
あおぞらかのん	葵空かのん	人名	人名	人名	upstream			
かのん	葵空かのん	人名	人名	人名	upstream			
ないおとん	ないおトン	人名	人名	人名	upstream			
はるよいかさね	春宵かさね	人名	人名	人名	upstream			
かさね	春宵かさね	人名	人名	人名	upstream			
さぶちぴょんぴょん	サブチぴょんぴょん	人名	人名	人名	upstream			
さきっちょみくる	咲蝶みくる	人名	人名	人名	upstream			
みくる	咲蝶みくる	人名	人名	人名	upstream			
せのここは	瀬乃ここは	人名	人名	人名	upstream			
ここは	瀬乃ここは	人名	人名	人名	upstream			
ひめのえこぴ	姫乃えこぴ	人名	人名	人名	upstream			
えこぴ	姫乃えこぴ	人名	人名	人名	upstream			
うたいいつみ	歌衣イツミ	人名	人名	人名	upstream			
いつみ	歌衣イツミ	人名	人名	人名	upstream			
ぐらむぴこ	倉夢ぴこ	人名	人名	人名	upstream			
ぴこ	倉夢ぴこ	人名	人名	人名	upstream			
うづきらびぃ	兎月らびぃ	人名	人名	人名	upstream			
うづきらびい	兎月らびぃ	人名	人名	人名	upstream			
らびぃ	兎月らびぃ	人名	人名	人名	upstream			
らびい	兎月らびぃ	人名	人名	人名	upstream			
しのさきほのあ	紫乃咲ほのあ	人名	人名	人名	upstream			
ほのあ	紫乃咲ほのあ	人名	人名	人名	upstream			
まのむえる	魔ノむえる	人名	人名	人名	upstream			
むえる	魔ノむえる	人名	人名	人名	upstream			
ひめさきねる	姫咲ねる。	人名	人名	人名	upstream			
ねる	姫咲ねる。	人名	人名	人名	upstream			
みるくあいす	未空あいす	人名	人名	人名	upstream			
あいす	未空あいす	人名	人名	人名	upstream			
とふぁな	朵法娜	人名	人名	人名	upstream			
かみおかちろる	神岡ちろる	人名	人名	人名	upstream			
ちろる	神岡ちろる	人名	人名	人名	upstream			
ぴる	피루	人名	人名	人名	upstream			
くがつばき	九娥つばき	人名	人名	人名	upstream			
つばき	九娥つばき	人名	人名	人名	upstream			
はなかわゆめひめ	花川夢姬	人名	人名	人名	upstream			
ゆめひめ	花川夢姬	人名	人名	人名	upstream			
いてやはる	射手矢ハル	人名	人名	人名	upstream			
はる	射手矢ハル	人名	人名	人名	upstream			
ひつじあき	日辻アキ	人名	人名	人名	upstream			
あき	日辻アキ	人名	人名	人名	upstream			
ねむねむに	眠音むに	人名	人名	人名	upstream			
むに	眠音むに	人名	人名	人名	upstream			
すいもりあとり	翠森アトリ	人名	人名	人名	upstream			
あとり	翠森アトリ	人名	人名	人名	upstream			
ももせめる	桃星める	人名	人名	人名	upstream			
けもみみりふれっ	けもみみりふれっ!	人名	人名	人名	upstream			
けもみみりふれ	けもみみりふれっ!	人名	人名	人名	upstream			
すざくななみ	朱雀ナナミ	人名	人名	人名	upstream			
ななみ	朱雀ナナミ	人名	人名	人名	upstream			
あんねりりーぜあうらりーぜろってりあごっどふりーと	アンネリリーゼ・アウラ・リーゼロッテ・リア・ゴッドフリート	人名	人名	人名	upstream			
あんねりりーぜ	アンネリリーゼ・アウラ・リーゼロッテ・リア・ゴッドフリート	人名	人名	人名	upstream			
ありよりありの	有依アリノ	人名	人名	人名	upstream			
ありの	有依アリノ	人名	人名	人名	upstream			
よよいのよい	夜宵乃ヨイ	人名	人名	人名	upstream			
よい	夜宵乃ヨイ	人名	人名	人名	upstream			
すかいせんふぉーと	スカイセンフォート	人名	人名	人名	upstream			
すかい	スカイセンフォート	人名	人名	人名	upstream			
だりん	따린	人名	人名	人名	upstream			
みずきりうむ	水月りうむ	人名	人名	人名	upstream			
りうむ	水月りうむ	人名	人名	人名	upstream			
がおんぎゃお	牙音ぎゃお	人名	人名	人名	upstream			
ぎゃお	牙音ぎゃお	人名	人名	人名	upstream			
こひなたぽん	小日向ぽん	人名	人名	人名	upstream			
ぽん	小日向ぽん	人名	人名	人名	upstream			
あきそらほたる	秋空ほたる	人名	人名	人名	upstream			
ほたる	秋空ほたる	人名	人名	人名	upstream			
ねむたねむね	音夢多ねむね	人名	人名	人名	upstream			
ねむね	音夢多ねむね	人名	人名	人名	upstream			
やまなしずく	山奈しずく	人名	人名	人名	upstream			
しずく	山奈しずく	人名	人名	人名	upstream			
のぴてゅるーぺ	ノピ・テュルーペ	人名	人名	人名	upstream			
のぴ	ノピ・テュルーペ	人名	人名	人名	upstream			
めがみあてな	女神アテナ	人名	人名	人名	upstream			
あてな	女神アテナ	人名	人名	人名	upstream			
りくくろの	龍空クロノ	人名	人名	人名	upstream			
くろの	龍空クロノ	人名	人名	人名	upstream			
こはくぬいの	心羽白ぬいの	人名	人名	人名	upstream			
ぬいの	心羽白ぬいの	人名	人名	人名	upstream			
はこねくと	ハコネクト	人名	人名	人名	upstream			
すやうと	好夜うと	人名	人名	人名	upstream			
うと	好夜うと	人名	人名	人名	upstream			
ひめのみえる	姫乃みえる	人名	人名	人名	upstream			
みえる	姫乃みえる	人名	人名	人名	upstream			
うずきはる	卯月はる	人名	人名	人名	upstream			
はる	卯月はる	人名	人名	人名	upstream			
くれあしゅり	紅愛しゅり	人名	人名	人名	upstream			
しゅり	紅愛しゅり	人名	人名	人名	upstream			
じょゆ	醬油	人名	人名	人名	upstream			
かとうしぇりー	華糖シェリー	人名	人名	人名	upstream			
しぇりー	華糖シェリー	人名	人名	人名	upstream			
がそみやりんこ	がそ宮りん子	人名	人名	人名	upstream			
りんこ	がそ宮りん子	人名	人名	人名	upstream			
いばらでびるろーず	イバラ・デビルローズ	人名	人名	人名	upstream			
いばら	イバラ・デビルローズ	人名	人名	人名	upstream			
ねこみやるな	猫宮るな	人名	人名	人名	upstream			
るな	猫宮るな	人名	人名	人名	upstream			
はちやひまわり	蜂屋ひまわり	人名	人名	人名	upstream			
ひまわり	蜂屋ひまわり	人名	人名	人名	upstream			
ゆうやけ	幽焼け	人名	人名	人名	upstream			
りら	梨菈	人名	人名	人名	upstream			
かみのひかり	ネ申乃ひかり	人名	人名	人名	upstream			
ひかり	ネ申乃ひかり	人名	人名	人名	upstream			
ひめののえ	姫乃のえ	人名	人名	人名	upstream			
のえ	姫乃のえ	人名	人名	人名	upstream			
あわゆきゆうり	沫雪ゆうり	人名	人名	人名	upstream			
ゆうり	沫雪ゆうり	人名	人名	人名	upstream			
ばぶ	吧噗	人名	人名	人名	upstream			
にのまえつきひ	一月一	人名	人名	人名	upstream			
つきひ	一月一	人名	人名	人名	upstream			
むつきめあ	霧月めあ	人名	人名	人名	upstream			
めあ	霧月めあ	人名	人名	人名	upstream			
ひなもりさくら	雛森さくら	人名	人名	人名	upstream			
さくら	雛森さくら	人名	人名	人名	upstream			
かぶあやこ	かぶあや子	人名	人名	人名	upstream			
せいぞー	セイゾー	人名	人名	人名	upstream			
りおねくれいじーぜりー	リオネ・クレイジーゼリー	人名	人名	人名	upstream			
りおね	リオネ・クレイジーゼリー	人名	人名	人名	upstream			
みあおーれっど	ミア・オーレッド	人名	人名	人名	upstream			
みあ	ミア・オーレッド	人名	人名	人名	upstream			
とらみやさや	虎宮さや	人名	人名	人名	upstream			
さや	虎宮さや	人名	人名	人名	upstream			
うみねあこ	우미네아코	人名	人名	人名	upstream			
あこ	우미네아코	人名	人名	人名	upstream			
たんばとしお	丹波寿雄	人名	人名	人名	upstream			
かりん	카린	人名	人名	人名	upstream			
はなもりかの	花森かの	人名	人名	人名	upstream			
かの	花森かの	人名	人名	人名	upstream			
なゆた	나유타	人名	人名	人名	upstream			
ひさだはくぜん	久田はくぜん	人名	人名	人名	upstream			
はくぜん	久田はくぜん	人名	人名	人名	upstream			
こしらいそふと	小白井そふと	人名	人名	人名	upstream			
そふと	小白井そふと	人名	人名	人名	upstream			
くらげこん	儚牙紺	人名	人名	人名	upstream			
こん	儚牙紺	人名	人名	人名	upstream			
がおうむすび	我王むすび	人名	人名	人名	upstream			
むすび	我王むすび	人名	人名	人名	upstream			
ねこはころん	猫羽ころん	人名	人名	人名	upstream			
ころん	猫羽ころん	人名	人名	人名	upstream			
あくめぐる	阿久めぐる	人名	人名	人名	upstream			
めぐる	阿久めぐる	人名	人名	人名	upstream			
めらぼしななし	布良星ななし	人名	人名	人名	upstream			
ななし	布良星ななし	人名	人名	人名	upstream			
もちずきしゅん	望月シュン	人名	人名	人名	upstream			
しゅん	望月シュン	人名	人名	人名	upstream			
にわさきぴよ	庭咲ぴよ	人名	人名	人名	upstream			
ぴよ	庭咲ぴよ	人名	人名	人名	upstream			
しらもちだんご	白餅だんご	人名	人名	人名	upstream			
だんご	白餅だんご	人名	人名	人名	upstream			
ほしなゆりの	星奈ゆりの	人名	人名	人名	upstream			
ゆりの	星奈ゆりの	人名	人名	人名	upstream			
あかまあざと	赤魔アザト	人名	人名	人名	upstream			
あざと	赤魔アザト	人名	人名	人名	upstream			
せおりつ	妹尾りつ	人名	人名	人名	upstream			
りつ	妹尾りつ	人名	人名	人名	upstream			
おさなず	おさナズ	人名	人名	人名	upstream			
さはな	さはな	人名	人名	人名	upstream			
あまのはれほかる	天晴ほかる	人名	人名	人名	upstream			
ほかる	天晴ほかる	人名	人名	人名	upstream			
やしきしえる	屋敷シエル	人名	人名	人名	upstream			
しえる	屋敷シエル	人名	人名	人名	upstream			
きのしたちぷる	木下ちぷる	人名	人名	人名	upstream			
ちぷる	木下ちぷる	人名	人名	人名	upstream			
ねこぼしみんと	猫星ミント	人名	人名	人名	upstream			
みんと	猫星ミント	人名	人名	人名	upstream			
このはなさくや	木乃華サクヤ	人名	人名	人名	upstream			
みずさわおぺら	水沢オペラ	人名	人名	人名	upstream			
おぺら	水沢オペラ	人名	人名	人名	upstream			
あおただみなと	蒼唯みなと	人名	人名	人名	upstream			
みなと	蒼唯みなと	人名	人名	人名	upstream			
ゆいねみなも	結稲みなも	人名	人名	人名	upstream			
みなも	結稲みなも	人名	人名	人名	upstream			
ねことなつり	猫奴なつり	人名	人名	人名	upstream			
なつり	猫奴なつり	人名	人名	人名	upstream			
にしきのかや	錦野楓夜	人名	人名	人名	upstream			
かや	錦野楓夜	人名	人名	人名	upstream			
びゃっこあきね	白虎あきね	人名	人名	人名	upstream			
あきね	白虎あきね	人名	人名	人名	upstream			
たかなしこなつ	小鳥遊小夏	人名	人名	人名	upstream			
こなつ	小鳥遊小夏	人名	人名	人名	upstream			
ねこましろあ	猫魔しろあ	人名	人名	人名	upstream			
しろあ	猫魔しろあ	人名	人名	人名	upstream			
ゆめもりひまり	夢守ひまり	人名	人名	人名	upstream			
ひまり	夢守ひまり	人名	人名	人名	upstream			
あおいすぴか	蒼桜すぴか	人名	人名	人名	upstream			
すぴか	蒼桜すぴか	人名	人名	人名	upstream			
こたきらいり	小滝らいり	人名	人名	人名	upstream			
らいり	小滝らいり	人名	人名	人名	upstream			
らいぜんばいんりんか	ライゼンバイン燐夏	人名	人名	人名	upstream			
りんか	ライゼンバイン燐夏	人名	人名	人名	upstream			
やちほのか	陽茅ほのか	人名	人名	人名	upstream			
ほのか	陽茅ほのか	人名	人名	人名	upstream			
みずしろくもり	瑞白くもり	人名	人名	人名	upstream			
くもり	瑞白くもり	人名	人名	人名	upstream			
あきしのひびき	秋篠響	人名	人名	人名	upstream			
ひびき	秋篠響	人名	人名	人名	upstream			
うらにわうめる	裏庭うめる	人名	人名	人名	upstream			
うめる	裏庭うめる	人名	人名	人名	upstream			
ぱろと	帕洛特	人名	人名	人名	upstream			
ゆめのほのか	夢乃ほのか	人名	人名	人名	upstream			
ほのか	夢乃ほのか	人名	人名	人名	upstream			
さくらぎめう	桜兎めう	人名	人名	人名	upstream			
めう	桜兎めう	人名	人名	人名	upstream			
たちばなれん	立花恋	人名	人名	人名	upstream			
れん	立花恋	人名	人名	人名	upstream			
まりすえゔぁーもあ	マリス・エヴァーモア	人名	人名	人名	upstream			
まりす	マリス・エヴァーモア	人名	人名	人名	upstream			
とさかひよこ	鳥坂ひよこ	人名	人名	人名	upstream			
ひよこ	鳥坂ひよこ	人名	人名	人名	upstream			
おとまちひびき	音街ひびき	人名	人名	人名	upstream			
ひびき	音街ひびき	人名	人名	人名	upstream			
だてつかさ	伊達つかさ	人名	人名	人名	upstream			
つかさ	伊達つかさ	人名	人名	人名	upstream			
あまねるな	天音るな	人名	人名	人名	upstream			
るな	天音るな	人名	人名	人名	upstream			
こころもめもり	恋衣めもり	人名	人名	人名	upstream			
めもり	恋衣めもり	人名	人名	人名	upstream			
まいみやりんね	迷宮りんね	人名	人名	人名	upstream			
りんね	迷宮りんね	人名	人名	人名	upstream			
しろさきしゃーろっとえみり	白咲・シャーロット・エミリ	人名	人名	人名	upstream			
えみり	白咲・シャーロット・エミリ	人名	人名	人名	upstream			
ようづきみるか	夜羽月みるか	人名	人名	人名	upstream			
みるか	夜羽月みるか	人名	人名	人名	upstream			
すずかみうたね	鈴神うたね	人名	人名	人名	upstream			
うたね	鈴神うたね	人名	人名	人名	upstream			
ふらんりりす	孵卵リリス	人名	人名	人名	upstream			
しかいゆえ	始解ゆゑ	人名	人名	人名	upstream			
しかいゆゑ	始解ゆゑ	人名	人名	人名	upstream			
ゆえ	始解ゆゑ	人名	人名	人名	upstream			
ゆゑ	始解ゆゑ	人名	人名	人名	upstream			
ほしいみくり	星衣未空莉	人名	人名	人名	upstream			
みくり	星衣未空莉	人名	人名	人名	upstream			
つきみありりか	月魅暁りりか	人名	人名	人名	upstream			
りりか	月魅暁りりか	人名	人名	人名	upstream			
くおんなつめ	久遠なつめ	人名	人名	人名	upstream			
なつめ	久遠なつめ	人名	人名	人名	upstream			
しぶきまゆ	紫吹まゆ	人名	人名	人名	upstream			
まゆ	紫吹まゆ	人名	人名	人名	upstream			
あまねなみだ	天音なみだ	人名	人名	人名	upstream			
なみだ	天音なみだ	人名	人名	人名	upstream			
うらとちえる	占都ちえる	人名	人名	人名	upstream			
ちえる	占都ちえる	人名	人名	人名	upstream			
りんがーねっと	リン・ガーネット	人名	人名	人名	upstream			
りん	リン・ガーネット	人名	人名	人名	upstream			
たんせいみなみ	淡星みなみ	人名	人名	人名	upstream			
みなみ	淡星みなみ	人名	人名	人名	upstream			
なとりひなた	菜鳥ひなた	人名	人名	人名	upstream			
ひなた	菜鳥ひなた	人名	人名	人名	upstream			
ともえかーまいん	トモエ・カーマイン	人名	人名	人名	upstream			
しのみやしの	四ノ宮しの	人名	人名	人名	upstream			
しの	四ノ宮しの	人名	人名	人名	upstream			
かげつえあり	華月エアリ	人名	人名	人名	upstream			
えあり	華月エアリ	人名	人名	人名	upstream			
ふじさきみあ	藤咲ミア	人名	人名	人名	upstream			
みあ	藤咲ミア	人名	人名	人名	upstream			
むつきめもり	無月めもり	人名	人名	人名	upstream			
めもり	無月めもり	人名	人名	人名	upstream			
てんしちよむ	天使ちよむ	人名	人名	人名	upstream			
ちよむ	天使ちよむ	人名	人名	人名	upstream			
にーつ	ニーツ	人名	人名	人名	upstream			
ほしかげてとら	星影テトラ	人名	人名	人名	upstream			
てとら	星影テトラ	人名	人名	人名	upstream			
そりまちましろ	雪車町ましろ	人名	人名	人名	upstream			
あまのがわねる	天ノ川ねる	人名	人名	人名	upstream			
てんのかわねる	天ノ川ねる	人名	人名	人名	upstream			
ねる	天ノ川ねる	人名	人名	人名	upstream			
ねこまたま	猫間たま	人名	人名	人名	upstream			
たま	猫間たま	人名	人名	人名	upstream			
あわひめことね	泡姫ことね	人名	人名	人名	upstream			
ことね	泡姫ことね	人名	人名	人名	upstream			
かんばらあさひ	柑原あさひ	人名	人名	人名	upstream			
おとはなゆうり	乙花ゆうり	人名	人名	人名	upstream			
ゆうり	乙花ゆうり	人名	人名	人名	upstream			
しろのことら	白乃ことら	人名	人名	人名	upstream			
ことら	白乃ことら	人名	人名	人名	upstream			
がおがるる	画尾がるる	人名	人名	人名	upstream			
がるる	画尾がるる	人名	人名	人名	upstream			
りゅうせいもりあ	流星モリア	人名	人名	人名	upstream			
もりあ	流星モリア	人名	人名	人名	upstream			
やのあたり	矢野あたり	人名	人名	人名	upstream			
あたり	矢野あたり	人名	人名	人名	upstream			
たこつぼみやび	蛸壺みやび	人名	人名	人名	upstream			
よとぎめるじゅ	夜伽メルジュ	人名	人名	人名	upstream			
めるじゅ	夜伽メルジュ	人名	人名	人名	upstream			
みどりまきゃろらいん	緑魔キャロライン	人名	人名	人名	upstream			
きゃろらいん	緑魔キャロライン	人名	人名	人名	upstream			
まろた	麻呂太	人名	人名	人名	upstream			
おぎのみのる	おぎの稔	人名	人名	人名	upstream			
みのる	おぎの稔	人名	人名	人名	upstream			
こちるいすすむ	古知累すすむ	人名	人名	人名	upstream			
こうづきみやこ	上月みやこ	人名	人名	人名	upstream			
みやこ	上月みやこ	人名	人名	人名	upstream			
かむいみふう	可夢ヰみふう	人名	人名	人名	upstream			
かむゐみふう	可夢ヰみふう	人名	人名	人名	upstream			
みふう	可夢ヰみふう	人名	人名	人名	upstream			
えーでぃーえいちでぃーせんせいくろい	ADHD先生黒井	人名	人名	人名	upstream			
くろいせんせい	ADHD先生黒井	人名	人名	人名	upstream			
くろい	ADHD先生黒井	人名	人名	人名	upstream			
しのがみはじめ	志上ハジメ	人名	人名	人名	upstream			
かぐらゆら	神楽ゆら	人名	人名	人名	upstream			
ゆら	神楽ゆら	人名	人名	人名	upstream			
ことぶきれいら	寿レイラ	人名	人名	人名	upstream			
れいら	寿レイラ	人名	人名	人名	upstream			
よろずやにこ	万屋ニコ	人名	人名	人名	upstream			
にこ	万屋ニコ	人名	人名	人名	upstream			
ぞんこ	ぞん子	人名	人名	人名	upstream			
みほしゆめ	美星ゆめ	人名	人名	人名	upstream			
はなぐもくゆり	花雲くゆり	人名	人名	人名	upstream			
くゆり	花雲くゆり	人名	人名	人名	upstream			
ふたばこむぎ	二葉こむぎ	人名	人名	人名	upstream			
こむぎ	二葉こむぎ	人名	人名	人名	upstream			
はなしろあらみ	華白あらみ	人名	人名	人名	upstream			
あらみ	華白あらみ	人名	人名	人名	upstream			
あやめことは	菖蒲コトハ	人名	人名	人名	upstream			
よいやみにゃる	宵闇ニャル	人名	人名	人名	upstream			
にゃる	宵闇ニャル	人名	人名	人名	upstream			
おみせせせり	御店せせり	人名	人名	人名	upstream			
せせり	御店せせり	人名	人名	人名	upstream			
つつじかりん	躑躅かりん	人名	人名	人名	upstream			
かりん	躑躅かりん	人名	人名	人名	upstream			
おとぐろざくろ	乙黒ザクロ	人名	人名	人名	upstream			
ざくろ	乙黒ザクロ	人名	人名	人名	upstream			
ゆきみやえま	雪宮エマ	人名	人名	人名	upstream			
えま	雪宮エマ	人名	人名	人名	upstream			
はやなぎちぐさ	葉柳ちぐさ	人名	人名	人名	upstream			
ちぐさ	葉柳ちぐさ	人名	人名	人名	upstream			
まきのこにん	牧乃柯寧	人名	人名	人名	upstream			
こにん	牧乃柯寧	人名	人名	人名	upstream			
いなりあにえす	稲生アニエス	人名	人名	人名	upstream			
あにえす	稲生アニエス	人名	人名	人名	upstream			
しんたくゆめ	新宅ゆめ	人名	人名	人名	upstream			
ゆめ	新宅ゆめ	人名	人名	人名	upstream			
えこまのんべたーれ	エコマ・ノンベターレ	人名	人名	人名	upstream			
えこま	エコマ・ノンベターレ	人名	人名	人名	upstream			
まかいりり	魔戒リリ	人名	人名	人名	upstream			
りり	魔戒リリ	人名	人名	人名	upstream			
きさらぎしろる	如月白涙	人名	人名	人名	upstream			
しろる	如月白涙	人名	人名	人名	upstream			
ねむりとうか	眠鈴冬花	人名	人名	人名	upstream			
とうか	眠鈴冬花	人名	人名	人名	upstream			
あおぞらけいいずみ	碧空・K・イズミ	人名	人名	人名	upstream			
あおぞらけーいずみ	碧空・K・イズミ	人名	人名	人名	upstream			
いずみ	碧空・K・イズミ	人名	人名	人名	upstream			
こんのいずみ	紺野イズミ	人名	人名	人名	upstream			
いずみ	紺野イズミ	人名	人名	人名	upstream			
りんごてぃあ	凛檎てぃあ	人名	人名	人名	upstream			
てぃあ	凛檎てぃあ	人名	人名	人名	upstream			
さくらるな	사쿠라루나	人名	人名	人名	upstream			
るな	사쿠라루나	人名	人名	人名	upstream			
ねこのりぶ	猫野りぶ	人名	人名	人名	upstream			
りぶ	猫野りぶ	人名	人名	人名	upstream			
うるいどうる	潤井戸うる	人名	人名	人名	upstream			
うる	潤井戸うる	人名	人名	人名	upstream			
べれったくろすらいん	BΣrettaCrossrain	人名	人名	人名	upstream			
べれった	BΣrettaCrossrain	人名	人名	人名	upstream			
あやめるな	綾芽るな	人名	人名	人名	upstream			
るな	綾芽るな	人名	人名	人名	upstream			
きりさきもでら	桐咲もでら	人名	人名	人名	upstream			
もでら	桐咲もでら	人名	人名	人名	upstream			
くやましか	久山しか	人名	人名	人名	upstream			
しか	久山しか	人名	人名	人名	upstream			
くろねこ	くろねこ	人名	人名	人名	upstream			
なんぐうゆう	南宮羽	人名	人名	人名	upstream			
ゆう	南宮羽	人名	人名	人名	upstream			
るるるちか	ルル=ルチカ	人名	人名	人名	upstream			
るる	ルル=ルチカ	人名	人名	人名	upstream			
ぷろじぇくとえいど	ProjectA.I.D.	人名	人名	人名	upstream			
えいど	ProjectA.I.D.	人名	人名	人名	upstream			
ぶいふぉーみらい	V4mirai	人名	人名	人名	upstream			
やんふあ	烟花	人名	人名	人名	upstream			
ふあ	烟花	人名	人名	人名	upstream			
ににゆーな	NiniYuuna	人名	人名	人名	upstream			
にに	NiniYuuna	人名	人名	人名	upstream			
りもとみらい	理本ミライ	人名	人名	人名	upstream			
みらい	理本ミライ	人名	人名	人名	upstream			
かみながたいが	神永タイガ	人名	人名	人名	upstream			
たいが	神永タイガ	人名	人名	人名	upstream			
やまだりゅういちろう	山田龍一郎	人名	人名	人名	upstream			
りゅういちろう	山田龍一郎	人名	人名	人名	upstream			
そのばしのぎ	園場しのぎ	人名	人名	人名	upstream			
しのぎ	園場しのぎ	人名	人名	人名	upstream			
さくまくるみ	咲摩くるみ	人名	人名	人名	upstream			
くるみ	咲摩くるみ	人名	人名	人名	upstream			
ひめさきくと	姫崎クト	人名	人名	人名	upstream			
くと	姫崎クト	人名	人名	人名	upstream			
そられいすぽいとふぇんさーめらん	宇宙光・Ｓ・めらん	人名	人名	人名	upstream			
めらん	宇宙光・Ｓ・めらん	人名	人名	人名	upstream			
えいこくねま	映刻ネマ	人名	人名	人名	upstream			
ねま	映刻ネマ	人名	人名	人名	upstream			
とばりーら	計羽リーラ	人名	人名	人名	upstream			
りーら	計羽リーラ	人名	人名	人名	upstream			
やくしじめい	薬師寺メイ	人名	人名	人名	upstream			
めい	薬師寺メイ	人名	人名	人名	upstream			
ろくじょうみこと	六条ミコト	人名	人名	人名	upstream			
みこと	六条ミコト	人名	人名	人名	upstream			
うずきあわい	渦記アワイ	人名	人名	人名	upstream			
あわい	渦記アワイ	人名	人名	人名	upstream			
さめふちくろ	鮫淵玄	人名	人名	人名	upstream			
くろ	鮫淵玄	人名	人名	人名	upstream			
さんせしゅう	三瀬朱兎	人名	人名	人名	upstream			
しゅう	三瀬朱兎	人名	人名	人名	upstream			
おしのりく	御篠理久	人名	人名	人名	upstream			
りく	御篠理久	人名	人名	人名	upstream			
ねじゔぉるなっと	ネジ・ヴォルナット	人名	人名	人名	upstream			
ねじ	ネジ・ヴォルナット	人名	人名	人名	upstream			
はにぃまりぃ	はにぃまりぃ	人名	人名	人名	upstream			
はにいまりい	はにぃまりぃ	人名	人名	人名	upstream			
こひなたあおい	小日向碧葵	人名	人名	人名	upstream			
あおい	小日向碧葵	人名	人名	人名	upstream			
からのなつ	殻野菜津	人名	人名	人名	upstream			
なつ	殻野菜津	人名	人名	人名	upstream			
うとまるまめさく	兎翔丸豆咲	人名	人名	人名	upstream			
まめさく	兎翔丸豆咲	人名	人名	人名	upstream			
くりすしま	栗栖しま	人名	人名	人名	upstream			
しま	栗栖しま	人名	人名	人名	upstream			
ともえもえ	巴もえ	人名	人名	人名	upstream			
もえ	巴もえ	人名	人名	人名	upstream			
にうくりあ	丹生クリア	人名	人名	人名	upstream			
くりあ	丹生クリア	人名	人名	人名	upstream			
よせみてさむ	ヨセミテサム	人名	人名	人名	upstream			
さむ	ヨセミテサム	人名	人名	人名	upstream			
いちいひいらぎ	櫟ひいらぎ	人名	人名	人名	upstream			
ひいらぎ	櫟ひいらぎ	人名	人名	人名	upstream			
さくらすずらん	さくらすずらん	人名	人名	人名	upstream			
すずらん	さくらすずらん	人名	人名	人名	upstream			
ねこである	猫手アル	人名	人名	人名	upstream			
ある	猫手アル	人名	人名	人名	upstream			
ほしなあんか	星名アンカ	人名	人名	人名	upstream			
あんか	星名アンカ	人名	人名	人名	upstream			
しのがみとかげ	恣ノ神翔影	人名	人名	人名	upstream			
とかげ	恣ノ神翔影	人名	人名	人名	upstream			
むかいなぎ	霧海凪	人名	人名	人名	upstream			
なぎ	霧海凪	人名	人名	人名	upstream			
ひつじのらむり	ひつじのらむり	人名	人名	人名	upstream			
らむり	ひつじのらむり	人名	人名	人名	upstream			
ほうじょうこう	法生コウ	人名	人名	人名	upstream			
こう	法生コウ	人名	人名	人名	upstream			
ここみやここ	狐々宮來狐	人名	人名	人名	upstream			
ここ	狐々宮來狐	人名	人名	人名	upstream			
てゅゆきまう	月雪まう	人名	人名	人名	upstream			
つゆきまう	月雪まう	人名	人名	人名	upstream			
まう	月雪まう	人名	人名	人名	upstream			
ふーばーふぁるす	フーバーファルス	人名	人名	人名	upstream			
ふーばー	フーバーファルス	人名	人名	人名	upstream			
いちのかみゆめみ	一乃紙ゆめみ	人名	人名	人名	upstream			
ゆめみ	一乃紙ゆめみ	人名	人名	人名	upstream			
らんすけーぷ	ランス・ケープ	人名	人名	人名	upstream			
らんす	ランス・ケープ	人名	人名	人名	upstream			
くろいわたける	玄岩武	人名	人名	人名	upstream			
たける	玄岩武	人名	人名	人名	upstream			
こうべされい	神戸鎖礼	人名	人名	人名	upstream			
されい	神戸鎖礼	人名	人名	人名	upstream			
ひゅうがまいうめぼし	日向米梅干	人名	人名	人名	upstream			
うめぼし	日向米梅干	人名	人名	人名	upstream			
ひたやめくとな	ヒタヤメクトナ	人名	人名	人名	upstream			
くとな	ヒタヤメクトナ	人名	人名	人名	upstream			
つきかげねろ	月影ネロ	人名	人名	人名	upstream			
ねろ	月影ネロ	人名	人名	人名	upstream			
しぇいどぐれいしあ	シェイド・グレイシア	人名	人名	人名	upstream			
しぇいど	シェイド・グレイシア	人名	人名	人名	upstream			
しこくらう	潮黒ラウ	人名	人名	人名	upstream			
らう	潮黒ラウ	人名	人名	人名	upstream			
するがるが	駿河ルガ	人名	人名	人名	upstream			
るが	駿河ルガ	人名	人名	人名	upstream			
はしかどえる	橋門エル	人名	人名	人名	upstream			
える	橋門エル	人名	人名	人名	upstream			
かけいしんや	禍鏡津弥	人名	人名	人名	upstream			
しんや	禍鏡津弥	人名	人名	人名	upstream			
しゃけくまお	シャケくまお	人名	人名	人名	upstream			
くまお	シャケくまお	人名	人名	人名	upstream			
かやむらみのり	榧村みのり	人名	人名	人名	upstream			
みのり	榧村みのり	人名	人名	人名	upstream			
ぱんどららすと	パンドラ・ラスト	人名	人名	人名	upstream			
ぱんどら	パンドラ・ラスト	人名	人名	人名	upstream			
はすだぱすた	ハスダぱすた	人名	人名	人名	upstream			
ぱすた	ハスダぱすた	人名	人名	人名	upstream			
ちかえとわーる	血菓・エトワール	人名	人名	人名	upstream			
ちか	血菓・エトワール	人名	人名	人名	upstream			
しきしろりりか	式代りりか	人名	人名	人名	upstream			
りりか	式代りりか	人名	人名	人名	upstream			
あまつかいお	あまつかいお	人名	人名	人名	upstream			
いお	あまつかいお	人名	人名	人名	upstream			
わもんわも	和紋わも	人名	人名	人名	upstream			
わも	和紋わも	人名	人名	人名	upstream			
しゃちやるか	鯱家るか	人名	人名	人名	upstream			
るか	鯱家るか	人名	人名	人名	upstream			
あたらしあきら	丁嵐景樂	人名	人名	人名	upstream			
あきら	丁嵐景樂	人名	人名	人名	upstream			
わたなべあきほ	渡辺秋穂	人名	人名	人名	upstream			
あきほ	渡辺秋穂	人名	人名	人名	upstream			
いぶらひむ	イブラヒム	人名	人名	人名	upstream			
かみむらくるみ	狼村くるみ	人名	人名	人名	upstream			
くるみ	狼村くるみ	人名	人名	人名	upstream			
からももしんり	杏森李	人名	人名	人名	upstream			
しんり	杏森李	人名	人名	人名	upstream			
あめとむちむちぼでぃ	アメとムチムチボディ	人名	人名	人名	upstream			
しらいしたいよう	白石太陽	人名	人名	人名	upstream			
たいよう	白石太陽	人名	人名	人名	upstream			
ぺけのじいな	Xノ字いな	人名	人名	人名	upstream			
いな	Xノ字いな	人名	人名	人名	upstream			
いちのみやますみ	一宮真純	人名	人名	人名	upstream			
ますみ	一宮真純	人名	人名	人名	upstream			
すけゔぇろす	スケヴェロス	人名	人名	人名	upstream			
くたびれかなと	くたびれかなと	人名	人名	人名	upstream			
かなと	くたびれかなと	人名	人名	人名	upstream			
あきずきふうか	秋月楓香	人名	人名	人名	upstream			
ふうか	秋月楓香	人名	人名	人名	upstream			
あやのこうじあやの	綾小路綾乃	人名	人名	人名	upstream			
あやの	綾小路綾乃	人名	人名	人名	upstream			
げっかすい	月華彗	人名	人名	人名	upstream			
すい	月華彗	人名	人名	人名	upstream			
ぴーなっつくん	ピーナッツくん	人名	人名	人名	upstream			
ゆの	優音	人名	人名	人名	upstream			
きょんきち	きょん吉	人名	人名	人名	upstream			
おうじ	燠芳	人名	人名	人名	upstream			
ふじばかましゅう	藤袴秋	人名	人名	人名	upstream			
しゅう	藤袴秋	人名	人名	人名	upstream			
みはね	翠羽	人名	人名	人名	upstream			
すずまいりき	涼舞凛紀	人名	人名	人名	upstream			
りき	涼舞凛紀	人名	人名	人名	upstream			
おーうぇんあうろらふぉーるぶりゅんしえる	オーウェン・アウロラフォール・ブリュンシエル	人名	人名	人名	upstream			
おーうぇん	オーウェン・アウロラフォール・ブリュンシエル	人名	人名	人名	upstream			
おーうぇんあうろらふぉーるぶりゅんしえる	オーウェン・AF・ブリュンシエル	人名	人名	人名	upstream			
おーうぇんえーえふぶりゅんしえる	オーウェン・AF・ブリュンシエル	人名	人名	人名	upstream			
おーうぇん	オーウェン・AF・ブリュンシエル	人名	人名	人名	upstream			
あんゆい	鮟結	人名	人名	人名	upstream			
むらさきしきぶ	紫式部	人名	人名	人名	added	https://tokotabi.wixsite.com/local/%E7%A6%8F%E4%BA%95%E7%9C%8C-1		2026-09-21
いまだてたくみ	今立たくみ	人名	人名	人名	added	https://www.city.echizen.lg.jp/office/030/011/vtuber2.html	公式ローマ字表記から読みを転記	2026-09-21
こくふやまと	国府やまと	人名	人名	人名	added	https://www.city.echizen.lg.jp/office/030/011/vtuber2.html	公式ローマ字表記から読みを転記	2026-09-21
あるねてぃな	歩音ティナ	人名	人名	人名	added	https://prtimes.jp/main/html/rd/p/000000009.000115621.html		2026-09-21
みやさとひまわり	宮里ひまわり	人名	人名	人名	added	https://tokotabi.wixsite.com/local/%E7%A6%8F%E4%BA%95%E7%9C%8C-1	公式サイト https://himawari2023m.wixsite.com/miyasato0714	2026-09-21
さかいほやまる	坂井ほや丸	人名	人名	人名	added	https://www.city.fukui-sakai.lg.jp/iju/chara.html	公式SNSのsakai_hoyamaru表記も参照	2026-09-21
ひびきえめもりー	響絵想	人名	人名	人名	added	https://www.city.fukui-sakai.lg.jp/iju/documents/memory.html	正しい読みを追加。原版のひびきめもりーは互換用に保持	2026-09-21
こしのみゃこ	越乃みゃこ	人名	人名	人名	added	https://tokotabi.wixsite.com/local/%E7%A6%8F%E4%BA%95%E7%9C%8C-1	公式サイト https://koshinomiyako.jp/community_channel/vtuber_koshino_myaco/	2026-09-21
ときかぜりん	時風リン	人名	人名	人名	added	https://www.f-keirin.jp/article/177		2026-09-21
ゆめぐりごんぞう	湯巡権三	人名	人名	人名	added	https://prtimes.jp/main/html/rd/p/000000268.000055664.html		2026-09-21
にしやまちゃちゃまる	西山ちゃちゃ丸	人名	人名	人名	added	https://www.city.sabae.fukui.jp/about_city/koho_kocho/oshirase/Shuyaku5080710.html	暫定読み。名称は市公式確認済み、公式振り仮名未確認	2026-09-21
せいしょうなごん	斉唱なごん	人名	人名	人名	added	https://tokotabi.wixsite.com/local/%E7%A6%8F%E4%BA%95%E7%9C%8C-1		2026-09-21
かりちわ	カリチワ	人名	人名	人名	added	https://tokotabi.wixsite.com/local/%E7%A6%8F%E4%BA%95%E7%9C%8C-1		2026-09-21
しろがさはろ	白暈ハロ	人名	人名	人名	added	https://glow-hakumei.com/students/		2026-09-21
ひのくいかくれ	灯喰カクレ	人名	人名	人名	added	https://glow-hakumei.com/students/		2026-09-21
ゆみはりしあ	絃月シア	人名	人名	人名	added	https://glow-hakumei.com/students/		2026-09-21
やみなりらいあ	矢神鳴雷亜	人名	人名	人名	added	https://glow-hakumei.com/students/		2026-09-21
あまなきしぐれ	天泣しぐれ	人名	人名	人名	added	https://glow-hakumei.com/students/		2026-09-21
あやいとゆう	綾糸ユウ	人名	人名	人名	added	https://glow-hakumei.com/students/	読みの姓名間の空白を除去	2026-09-21
しきぶ	紫式部	人名	人名	人名	added	https://tokotabi.wixsite.com/local/%E7%A6%8F%E4%BA%95%E7%9C%8C-1	下の名前・短縮読みからフルネームへ変換	2026-09-21
たくみ	今立たくみ	人名	人名	人名	added	https://www.city.echizen.lg.jp/office/030/011/vtuber2.html	下の名前・短縮読みからフルネームへ変換	2026-09-21
やまと	国府やまと	人名	人名	人名	added	https://www.city.echizen.lg.jp/office/030/011/vtuber2.html	下の名前・短縮読みからフルネームへ変換	2026-09-21
てぃな	歩音ティナ	人名	人名	人名	added	https://prtimes.jp/main/html/rd/p/000000009.000115621.html	下の名前・短縮読みからフルネームへ変換	2026-09-21
ひまわり	宮里ひまわり	人名	人名	人名	added	https://tokotabi.wixsite.com/local/%E7%A6%8F%E4%BA%95%E7%9C%8C-1	下の名前・短縮読みからフルネームへ変換	2026-09-21
ほやまる	坂井ほや丸	人名	人名	人名	added	https://www.city.fukui-sakai.lg.jp/iju/chara.html	下の名前・短縮読みからフルネームへ変換	2026-09-21
みゃこ	越乃みゃこ	人名	人名	人名	added	https://tokotabi.wixsite.com/local/%E7%A6%8F%E4%BA%95%E7%9C%8C-1	下の名前・短縮読みからフルネームへ変換	2026-09-21
りん	時風リン	人名	人名	人名	added	https://www.f-keirin.jp/article/177	下の名前・短縮読みからフルネームへ変換	2026-09-21
ごんぞう	湯巡権三	人名	人名	人名	added	https://prtimes.jp/main/html/rd/p/000000268.000055664.html	下の名前・短縮読みからフルネームへ変換	2026-09-21
ちゃちゃまる	西山ちゃちゃ丸	人名	人名	人名	added	https://www.city.sabae.fukui.jp/about_city/koho_kocho/oshirase/Shuyaku5080710.html	下の名前・短縮読みからフルネームへ変換。暫定読み（公式振り仮名未確認）	2026-09-21
なごん	斉唱なごん	人名	人名	人名	added	https://tokotabi.wixsite.com/local/%E7%A6%8F%E4%BA%95%E7%9C%8C-1	下の名前・短縮読みからフルネームへ変換	2026-09-21
はろ	白暈ハロ	人名	人名	人名	added	https://glow-hakumei.com/students/	下の名前・短縮読みからフルネームへ変換	2026-09-21
かくれ	灯喰カクレ	人名	人名	人名	added	https://glow-hakumei.com/students/	下の名前・短縮読みからフルネームへ変換	2026-09-21
しあ	絃月シア	人名	人名	人名	added	https://glow-hakumei.com/students/	下の名前・短縮読みからフルネームへ変換	2026-09-21
らいあ	矢神鳴雷亜	人名	人名	人名	added	https://glow-hakumei.com/students/	下の名前・短縮読みからフルネームへ変換	2026-09-21
しぐれ	天泣しぐれ	人名	人名	人名	added	https://glow-hakumei.com/students/	下の名前・短縮読みからフルネームへ変換	2026-09-21
ゆう	綾糸ユウ	人名	人名	人名	added	https://glow-hakumei.com/students/	下の名前・短縮読みからフルネームへ変換	2026-09-21
